市场,证券代码,证券简称,一级行业,二级行业,行业全路径,企业所有制性质,资产总计_2020,营业收入_2020,归母净利润_2021,利息支出_2021,资产总计_2021,EBI_A_2021,FirmSize_2020,MarketShare_2020_二级行业,HHI_2020_二级行业,AssetTurnover_2020,WorkingCapitalRatio_2020,FixedAssetsRatio_2020,FinancialLeverage_2020,CurrentRatio_2020,CapexRatio_2020,Revenue Growth Rate
CSI,601398.SH,工商银行,金融,银行,金融--银行--商业银行--多元化银行,中央国有企业,3.33451E+13,,3.48338E+11,4.71538E+11,3.51714E+13,0.023310883,31.13793069,,0.139014079,,,0.00858535,0.912745241,,0.001139749,
CSI,601939.SH,建设银行,金融,银行,金融--银行--商业银行--多元化银行,中央国有企业,2.81323E+13,,3.02513E+11,4.51914E+11,3.0254E+13,0.024936455,30.96793786,,0.139014079,,,0.00613193,0.915067133,,0.000915071,
CSI,601288.SH,农业银行,金融,银行,金融--银行--商业银行--多元化银行,中央国有企业,2.7205E+13,,2.41183E+11,4.30027E+11,2.90692E+13,0.02309011,30.93442362,,0.139014079,,,0.005556101,0.918737652,,0.000839697,
CSI,601988.SH,中国银行,金融,银行,金融--银行--商业银行--多元化银行,中央国有企业,2.44027E+13,,2.16559E+11,3.64346E+11,2.67224E+13,0.021738498,30.82571322,,0.139014079,,,0.010186964,0.911368798,,0.001623676,
CSI,601658.SH,邮储银行,金融,银行,金融--银行--商业银行--多元化银行,中央国有企业,1.13533E+13,,76170000000,1.82185E+11,1.25879E+13,0.020524119,30.06052631,,0.139014079,,,0.004290044,0.940728053,,0.000666857,
CSI,601328.SH,交通银行,金融,银行,金融--银行--商业银行--多元化银行,中央国有企业,1.06976E+13,,87581000000,2.15953E+11,1.16658E+13,0.026019229,30.00104203,,0.139014079,,,0.015841941,0.917866934,,0.002257419,
CSI,601318.SH,中国平安,金融,非银金融,金融--非银金融--保险--多元化保险,公众企业,9.52787E+12,,1.01618E+11,1.51014E+11,1.0142E+13,0.024909421,29.8852423,,0.51647588,,,0.004857959,0.896314181,,0.001049028,
CSI,600036.SH,招商银行,金融,银行,金融--银行--商业银行--多元化银行,公众企业,8.36145E+12,,1.19922E+11,1.23137E+11,9.24902E+12,0.02627943,29.75465273,,0.139014079,,,0.00830837,0.91265221,,0.002287283,
CSI,601166.SH,兴业银行,金融,银行,金融--银行--商业银行--多元化银行,地方国有企业,7.894E+12,2.01051E+11,82680000000,,8.60302E+12,,29.69712409,0.213333322,0.139014079,0.026736072,,0.003591209,0.920850899,,0.000834178,11.9737
CSI,600000.SH,浦发银行,金融,银行,金融--银行--商业银行--多元化银行,地方国有企业,7.95022E+12,1.94267E+11,53003000000,,8.13676E+12,,29.70422047,0.206134884,0.139014079,0.025978215,,0.004070832,0.918767385,,0.000728533,2.9273
CSI,601998.SH,中信银行,金融,银行,金融--银行--商业银行--多元化银行,中央国有企业,7.51116E+12,,55641000000,1.58269E+11,8.04288E+12,0.026596181,29.64741116,,0.139014079,,,0.004509023,0.925439223,,0.000614952,
CSI,600016.SH,民生银行,金融,银行,金融--银行--商业银行--多元化银行,公众企业,6.95023E+12,,34381000000,1.51904E+11,6.95279E+12,0.026792857,29.5697963,,0.139014079,,,0.007356444,0.922125201,,0.001124279,
CSI,601818.SH,光大银行,金融,银行,金融--银行--商业银行--多元化银行,中央国有企业,5.36811E+12,,43407000000,1.17179E+11,5.90207E+12,0.027208425,29.31149701,,0.139014079,,,0.004340634,0.91524056,,0.001277917,
CSI,000001.SZ,平安银行,金融,银行,金融--银行--商业银行--多元化银行,公众企业,4.46851E+12,1.52017E+11,36336000000,,4.92138E+12,,29.12807703,0.161303807,0.139014079,0.036161875,,0.002437723,0.918511836,,0.00078102,11.2309
CSI,601628.SH,中国人寿,金融,非银金融,金融--非银金融--保险--人寿与健康保险,中央国有企业,4.25241E+12,,50921000000,16226000000,4.89109E+12,0.013728447,29.078507,,0.51647588,,,0.012404025,0.892547755,,0.001755945,
CSI,600015.SH,华夏银行,金融,银行,金融--银行--商业银行--多元化银行,地方国有企业,3.39982E+12,94233000000,23535000000,,3.67629E+12,,28.85474243,0.099989749,0.139014079,0.029353309,,0.00399551,0.916861677,,0.000372373,12.3909
CSI,601169.SH,北京银行,金融,银行,金融--银行--商业银行--区域性银行,地方国有企业,2.90001E+12,63614000000,22226000000,,3.05896E+12,,28.69573668,0.067500216,0.139014079,0.022569945,,0.006379969,0.923744161,,0.001339994,1.6474
CSI,601229.SH,上海银行,金融,银行,金融--银行--商业银行--区域性银行,地方国有企业,2.46214E+12,50202906000,22042452000,,2.6532E+12,,28.53205364,0.053269831,0.139014079,0.021366458,,0.002381486,0.922450101,,0.000458214,1.7709
CSI,600919.SH,江苏银行,金融,银行,金融--银行--商业银行--区域性银行,地方国有企业,2.33789E+12,51385109000,19694365000,,2.61887E+12,,28.48027118,0.054524255,0.139014079,0.023341212,,0.002235965,0.922118215,,0.000316634,15.6092
CSI,601916.SH,浙商银行,金融,银行,金融--银行--商业银行--多元化银行,公众企业,2.04823E+12,,12648000000,50805000000,2.28672E+12,0.027748442,28.34799468,,0.139014079,,,0.006578379,0.935288848,,0.00084854,
CSI,002142.SZ,宁波银行,金融,银行,金融--银行--商业银行--区域性银行,公众企业,1.62675E+12,40779000000,19546000000,,2.01561E+12,,28.11760466,0.043270213,0.139014079,0.02769874,,0.004667592,0.926852268,,0.001118796,17.0969
CSI,601668.SH,中国建筑,工业,建筑,工业--建筑--建筑与工程Ⅲ--建筑与工程Ⅳ,中央国有企业,2.19217E+12,1.59913E+12,51407661000,11124140000,2.38825E+12,0.026183115,28.41591479,0.299012106,0.179498397,0.756692397,0.174080774,0.022835803,0.736747565,1.319072419,0.022579294,14.0103
CSI,601601.SH,中国太保,金融,非银金融,金融--非银金融--保险--多元化保险,公众企业,1.771E+12,,26834000000,7448000000,1.94616E+12,0.017615165,28.20256773,,0.51647588,,,0.010893821,0.875305194,,0.002048556,
CSI,601009.SH,南京银行,金融,银行,金融--银行--商业银行--区域性银行,地方国有企业,1.51708E+12,34053455000,15856757000,,1.74895E+12,,28.04780576,0.0361338,0.139014079,0.02380935,,0.005491558,0.928788677,,0.000855513,6.1177
CSI,000002.SZ,万科A,房地产,房地产Ⅱ,房地产--房地产Ⅱ--房地产管理和开发--房地产开发,公众企业,1.86924E+12,4.19112E+11,22524033000,6749333000,1.93869E+12,0.015099538,28.25655357,0.544582099,0.406330004,0.23288871,0.12302226,0.014206895,0.812841426,1.174542333,0.00385627,13.9219
CSI,600926.SH,杭州银行,金融,银行,金融--银行--商业银行--区域性银行,公众企业,1.16926E+12,24558178000,9261019000,,1.39056E+12,,27.78738983,0.026058451,0.139014079,0.022393536,,0.001827681,0.930842802,,0.000747029,15.6976
CSI,601077.SH,渝农商行,金融,银行,金融--银行--商业银行--区域性银行,地方国有企业,1.13637E+12,,9559709000,25514303000,1.26629E+12,0.02769822,27.75885707,,0.139014079,,,0.004329869,0.916336671,,0.000695311,
CSI,600048.SH,保利发展,房地产,房地产Ⅱ,房地产--房地产Ⅱ--房地产管理和开发--房地产开发,中央国有企业,1.25137E+12,2.24599E+11,27387836594,5583381396,1.39993E+12,0.023551996,27.855264,0.291838363,0.406330004,0.196621821,0.307236072,0.006557157,0.786924063,1.51142457,0.000317625,4.8842
CSI,601857.SH,中国石油,能源,石油石化,能源--石油石化--石油天然气--综合性石油天然气,中央国有企业,2.48813E+12,1.93384E+12,92170000000,19739000000,2.50226E+12,0.044723135,28.54255093,0.448309732,0.429200271,0.740786311,-0.047686894,0.583608306,0.450742848,0.80401805,0.103180868,-23.1632
CSI,601319.SH,中国人保,金融,非银金融,金融--非银金融--保险--财产与意外伤害保险,中央国有企业,1.25606E+12,,21476000000,5549000000,1.37686E+12,0.019628037,27.85900414,,0.51647588,,,0.027090976,0.782211734,,0.009247936,
CSI,600030.SH,中信证券,金融,非银金融,金融--非银金融--资本市场--投资银行业与经纪业,中央国有企业,1.05296E+12,,23099625000,15237439000,1.27866E+12,0.029982107,27.68262854,,0.51647588,,,0.007151862,0.823466864,,0.000578619,
CSI,601825.SH,沪农商行,金融,银行,金融--银行--商业银行--区域性银行,地方国有企业,1.05698E+12,21798047000,9697866000,,1.15838E+12,,27.68643376,0.023129702,0.139014079,0.021941602,,0.006020152,0.923865969,,0.000724026,3.5054
CSI,601336.SH,新华保险,金融,非银金融,金融--非银金融--保险--人寿与健康保险,中央国有企业,1.00438E+12,,14947000000,833000000,1.12772E+12,0.013992823,27.63538757,,0.51647588,,,0.015623631,0.898763013,,0.003021777,
CSI,601186.SH,中国铁建,工业,建筑,工业--建筑--建筑与工程Ⅲ--建筑与工程Ⅳ,中央国有企业,1.24279E+12,9.10325E+11,24690556000,6016226000,1.35297E+12,0.022695834,27.84838222,0.170216618,0.179498397,0.783401225,0.073337434,0.051226586,0.747633644,1.118425578,0.025256172,9.618
CSI,601390.SH,中国中铁,工业,建筑,工业--建筑--建筑与工程Ⅲ--建筑与工程Ⅳ,中央国有企业,1.19998E+12,9.74732E+11,27618000000,11180000000,1.36158E+12,0.028494837,27.81332351,0.182259773,0.179498397,0.864117219,0.030802257,0.061987855,0.739123333,1.052417588,0.035895688,14.5607
CSI,601800.SH,中国交建,工业,建筑,工业--建筑--建筑与工程Ⅲ--建筑与工程Ⅳ,中央国有企业,1.30417E+12,6.24495E+11,18348000000,18429000000,1.39084E+12,0.026442351,27.89658717,0.116770883,0.179498397,0.515138979,0.001371755,0.04680375,0.725645986,1.003070148,0.032097834,12.9053
CSI,600028.SH,中国石化,能源,石油石化,能源--石油石化--石油天然气--综合性石油天然气,中央国有企业,1.73381E+12,2.04946E+12,71975000000,15018000000,1.88926E+12,0.046046193,28.18133953,0.475113231,0.429200271,1.174851729,-0.038525094,0.411817938,0.490797408,0.872086788,0.075665372,-29.3214
CSI,000617.SZ,中油资本,金融,非银金融,金融--非银金融--金融服务--特殊金融服务,中央国有企业,9.40043E+11,611539961.5,5550119961,213427438.7,9.90532E+11,0.005818641,27.56919186,0.130783131,0.51647588,0.000652858,-0.217057799,0.010995438,0.827487915,0.726347525,0.000138909,4.4503
CSI,601669.SH,中国电建,工业,建筑,工业--建筑--建筑与工程Ⅲ--建筑与工程Ⅳ,中央国有企业,8.86543E+11,3.98925E+11,8632095909,7835606959,9.63977E+11,0.01708308,27.51059596,0.074592774,0.179498397,0.469386636,0.038978898,0.129357962,0.747435571,1.090530936,0.080311614,15.2451
CSI,601838.SH,成都银行,金融,银行,金融--银行--商业银行--区域性银行,地方国有企业,6.52434E+11,14467917000,7830736000,,7.68346E+11,,27.20397532,0.01535177,0.139014079,0.023897729,,0.002136225,0.929318754,,0.000390772,14.6428
CSI,601688.SH,华泰证券,金融,非银金融,金融--非银金融--资本市场--投资银行业与经纪业,地方国有企业,7.16751E+11,,13346106000,10990375000,8.06651E+11,0.030169784,27.29799466,,0.51647588,,,0.006995571,0.815400339,,0.00140509,
CSI,601211.SH,国泰海通,金融,非银金融,金融--非银金融--资本市场--投资银行业与经纪业,地方国有企业,7.02899E+11,,15013480000,10162410000,7.91273E+11,0.031816953,27.27847929,,0.51647588,,,0.007147977,0.791950505,,0.001132941,
CSI,600941.SH,中国移动,通讯服务,电信服务,通讯服务--电信服务--多元电信服务--综合电信业务,中央国有企业,1.72788E+12,6.95692E+11,1.16148E+11,2514000000,1.84133E+12,0.064443741,28.1779175,0.498909861,0.375629725,0.414457383,0.03615351,0.449798076,0.332841016,1.120765784,0.110221068,3.1584
CSI,600104.SH,上汽集团,可选消费,汽车与零配件,可选消费--汽车与零配件--汽车--汽车制造,地方国有企业,9.19415E+11,7.17283E+11,24533097944,564183662.3,9.16923E+11,0.027371208,27.54700317,0.537049464,0.324255792,0.811062728,0.060136769,0.104539258,0.662784059,1.108225401,0.016464627,-14.2739
CSI,001979.SZ,招商蛇口,房地产,房地产Ⅱ,房地产--房地产Ⅱ--房地产管理和开发--房地产开发,中央国有企业,7.37157E+11,1.20567E+11,10372254169,2006020943,8.56203E+11,0.014457167,27.32606719,0.156661588,0.406330004,0.177979167,0.273672431,0.007235794,0.656305197,1.539718382,0.00574289,36.2766
CSI,601995.SH,中金公司,金融,非银金融,金融--非银金融--资本市场--投资银行业与经纪业,中央国有企业,5.2162E+11,,10777713147,8266695757,6.49795E+11,0.029308312,26.98020615,,0.51647588,,,0.001434756,0.862323024,,0.000882352,
CSI,000166.SZ,申万宏源,金融,非银金融,金融--非银金融--资本市场--投资银行业与经纪业,中央国有企业,4.91124E+11,,9398369000,10136131000,6.01011E+11,0.032502708,26.91996304,,0.51647588,,,0.002637396,0.81656254,,0.000585495,
CSI,600999.SH,招商证券,金融,非银金融,金融--非银金融--资本市场--投资银行业与经纪业,中央国有企业,4.99727E+11,,11645065000,9649572000,5.97221E+11,0.035656202,26.93732714,,0.51647588,,,0.00309575,0.788234814,,0.000747837,
CSI,601881.SH,中国银河,金融,非银金融,金融--非银金融--资本市场--投资银行业与经纪业,中央国有企业,4.4573E+11,,10430238000,8140801000,5.60135E+11,0.033154575,26.82297971,,0.51647588,,,0.000977569,0.816014138,,0.000949655,
CSI,000776.SZ,广发证券,金融,非银金融,金融--非银金融--资本市场--投资银行业与经纪业,公众企业,4.57464E+11,,10854116000,8728151000,5.35855E+11,0.036543944,26.84896334,,0.51647588,,,0.006916827,0.776433433,,0.006660817,
CSI,601618.SH,中国中冶,工业,建筑,工业--建筑--建筑与工程Ⅲ--建筑与工程Ⅳ,中央国有企业,5.06393E+11,4.00115E+11,8374970000,2168119000,5.4347E+11,0.019399573,26.95057881,0.074815232,0.179498397,0.829339755,0.113473741,0.058452096,0.72283322,1.173188123,0.007391542,18.1542
CSI,601868.SH,中国能建,工业,建筑,工业--建筑--建筑与工程Ⅲ--建筑与工程Ⅳ,中央国有企业,4.76052E+11,2.70328E+11,6504102000,3362582000,5.28863E+11,0.018656423,26.88879274,0.050547082,0.179498397,0.602252363,0.076272281,0.086413832,0.710265092,1.143458048,0.031423462,9.3156
CSI,601066.SH,中信建投,金融,非银金融,金融--非银金融--资本市场--投资银行业与经纪业,地方国有企业,3.71228E+11,,10238704000,7234074000,4.52791E+11,0.038589021,26.64008265,,0.51647588,,,0.001541605,0.816631771,,0.00116579,
CSI,600011.SH,华能国际,公用事业,公用事业Ⅱ,公用事业--公用事业Ⅱ--电力--电力公用事业,中央国有企业,4.49905E+11,1.69446E+11,-10636194000,8798200000,5.00771E+11,-0.003670327,26.83230153,0.222803186,0.126082379,0.385914541,-0.195397977,0.66718834,0.663003716,0.429331065,0.094593931,-2.6223
CSI,601728.SH,中国电信,通讯服务,电信服务,通讯服务--电信服务--多元电信服务--综合电信业务,中央国有企业,7.15096E+11,3.93561E+11,25948000000,2404000000,7.62234E+11,0.037195927,27.29568264,0.282239071,0.375629725,0.555004241,-0.261679551,0.653101122,0.487935886,0.309859778,0.124414065,4.7446
CSI,600938.SH,中国海油,能源,石油石化,能源--石油石化--石油天然气--石油天然气勘探与生产,中央国有企业,7.21275E+11,1.51653E+11,70320000000,3185000000,7.86569E+11,0.093450161,27.30428632,0.035156816,0.429200271,0.205074219,0.122753457,0.619275588,0.398384805,2.182854166,0.10456206,-33.2355
CSI,600795.SH,国电电力,公用事业,公用事业Ⅱ,公用事业--公用事业Ⅱ--电力--电力公用事业,中央国有企业,3.57337E+11,1.14561E+11,-1845353429,7935869338,3.97909E+11,0.01530631,26.60194614,0.150635222,0.126082379,0.31726249,-0.175229782,0.798494104,0.668275244,0.366384625,0.039259747,-0.2117
CSI,601985.SH,中国核电,公用事业,公用事业Ⅱ,公用事业--公用事业Ⅱ--电力--电力公用事业,中央国有企业,3.81746E+11,51671923874,8038084942,6870862905,4.09621E+11,0.036396898,26.66802123,0.067942863,0.126082379,0.141686299,-0.007015087,0.817627022,0.694850283,0.950978047,0.062692714,10.65
CSI,002736.SZ,国信证券,金融,非银金融,金融--非银金融--资本市场--投资银行业与经纪业,地方国有企业,3.02756E+11,,10114758796,5110493613,3.62301E+11,0.042023715,26.43619263,,0.51647588,,,0.004177045,0.732707188,,0.002444448,
CSI,600958.SH,东方证券,金融,非银金融,金融--非银金融--资本市场--投资银行业与经纪业,地方国有企业,2.91117E+11,,5371496000,4517636000,3.266E+11,0.030279067,26.3969926,,0.51647588,,,0.007645238,0.793103623,,0.001554898,
CSI,600050.SH,中国联通,通讯服务,电信服务,通讯服务--电信服务--多元电信服务--综合电信业务,中央国有企业,5.82475E+11,3.02484E+11,6305465753,1229336920,5.93284E+11,0.012700151,27.09055284,0.216924109,0.375629725,0.52757066,-0.195009677,0.622322545,0.430921996,0.488897939,0.100700722,4.5651
CSI,000333.SZ,美的集团,可选消费,家电Ⅱ,可选消费--家电Ⅱ--家电Ⅲ--家用电器,民营企业,3.62833E+11,2.8571E+11,28586980000,1234706000,3.87939E+11,0.076872081,26.6172072,0.39425069,0.298764784,0.859551475,0.155808408,0.062617405,0.657650796,1.305377333,0.012833971,2.8992
CSI,003816.SZ,中国广核,公用事业,公用事业Ⅱ,公用事业--公用事业Ⅱ--电力--独立电力生产商与能源贸易商,中央国有企业,3.91898E+11,70584710557,9732589251,7132079812,3.99993E+11,0.04216241,26.69426839,0.092811085,0.126082379,0.181015769,-0.035490015,0.754839381,0.638603741,0.819728027,0.034455814,15.9499
CSI,601766.SH,中国中车,工业,机械,工业--机械--机械Ⅲ--建筑机械与重型卡车,中央国有企业,3.9238E+11,2.27656E+11,10302605000,1213343000,4.26826E+11,0.026980396,26.69549753,0.297815831,0.195497669,0.586778024,0.13312163,0.169134836,0.568934692,1.264487033,0.019816213,-0.5916
CSI,002493.SZ,荣盛石化,材料,化工,材料--化工--基础化工--商品化工,民营企业,2.41515E+11,1.04799E+11,12823546813,2898351177,3.37177E+11,0.046627992,26.21019712,0.352396621,0.203999831,0.494218347,-0.21267713,0.721261632,0.710742495,0.503313648,0.231232529,27.8242
CSI,600029.SH,南方航空,工业,交通运输,工业--交通运输--航空客运Ⅲ--航空客运Ⅳ,中央国有企业,3.26383E+11,87027000000,-12106000000,6202000000,3.23211E+11,-0.018266705,26.51133738,0.109394427,0.123286456,0.274831797,-0.173710028,0.363232766,0.7391684,0.407447665,0.033889633,-41.2444
CSI,601919.SH,中远海控,工业,交通运输,工业--交通运输--海上运输Ⅲ--海上运输Ⅳ,中央国有企业,2.71926E+11,1.71259E+11,89296138000,3593411000,4.13668E+11,0.224550922,26.32879608,0.215275282,0.123286456,0.641238606,-0.007594321,0.378170712,0.710593928,0.972104244,0.024524221,13.7626
CSI,000725.SZ,京东方A,信息技术,硬件设备,信息技术--硬件设备--电子设备、仪器和元件--电子元件,地方国有企业,4.24257E+11,1.34474E+11,25830935500,4866778333,4.50233E+11,0.068181899,26.77360478,0.096274649,0.129289002,0.351717326,0.056631111,0.630378658,0.591290624,1.228909006,0.104218327,16.7321
CSI,601111.SH,中国国航,工业,交通运输,工业--交通运输--航空客运Ⅲ--航空客运Ⅳ,中央国有企业,2.8403E+11,69503749000,-16635178000,5495052000,2.98381E+11,-0.037335215,26.37234435,0.087367401,0.123286456,0.24039925,-0.214281471,0.356816629,0.705055278,0.244867819,0.017709488,-48.9621
CSI,600115.SH,中国东航,工业,交通运输,工业--交通运输--航空客运Ⅲ--航空客运Ⅳ,中央国有企业,2.8465E+11,58727000000,-12214000000,5812000000,2.8879E+11,-0.022168358,26.37452619,0.073820843,0.123286456,0.206119315,-0.271596698,0.354972774,0.792186896,0.225412793,0.025459336,-51.4597
CSI,300750.SZ,宁德时代,工业,电气设备,工业--电气设备--电气设备Ⅲ--电气部件与设备,民营企业,1.56618E+11,50024357804,15931317900,-641200000,3.07667E+11,0.049696993,25.77707828,0.097635508,0.069189957,0.387830209,0.369610401,0.161998819,0.55819556,2.052942133,0.084934806,9.9055
CSI,000651.SZ,格力电器,可选消费,家电Ⅱ,可选消费--家电Ⅱ--家电Ⅲ--家用电器,公众企业,2.79218E+11,1.67235E+11,23063732373,-2260201997,3.19598E+11,0.065092768,26.3552584,0.230766933,0.298764784,0.594939716,0.197531263,0.082371388,0.581400486,1.34802319,0.01621904,-15.9479
CSI,600188.SH,兖矿能源,能源,煤炭Ⅱ,能源--煤炭Ⅱ--煤炭Ⅲ--煤炭与消费用燃料,地方国有企业,2.73009E+11,69123020000,16941435000,5319334000,3.01959E+11,0.073721162,26.33277154,0.122009519,0.275297772,0.285768214,-0.164915276,0.309818779,0.662710303,0.561073745,0.025940776,1.9444
CSI,600061.SH,国投资本,金融,非银金融,金融--非银金融--资本市场--投资银行业与经纪业,中央国有企业,2.18743E+11,879221568,4792816509,459739642.9,2.46432E+11,0.021314444,26.11116325,0.188029167,0.51647588,0.004430985,0.229380467,0.004337886,0.770035726,1.387093786,0.00187336,44.4958
CSI,002594.SZ,比亚迪,可选消费,汽车与零配件,可选消费--汽车与零配件--汽车--汽车制造,民营企业,2.01017E+11,1.53469E+11,3045188000,1907642000,2.9578E+11,0.016744971,26.02665692,0.114906621,0.324255792,0.773809329,0.025741135,0.289536651,0.679361402,1.048617685,0.037442017,26.0236
CSI,000100.SZ,TCL科技,信息技术,硬件设备,信息技术--硬件设备--电子设备、仪器和元件--电子元件,公众企业,2.57908E+11,76376462000,10057444000,3727915000,3.08733E+11,0.044651375,26.27586985,0.05468072,0.129289002,0.361328872,-0.020658701,0.482102449,0.650817464,0.924974493,0.128284222,2.1797
CSI,601788.SH,光大证券,金融,非银金融,金融--非银金融--资本市场--投资银行业与经纪业,中央国有企业,2.28736E+11,,3484332000,3740079000,2.39108E+11,0.030214058,26.15583602,,0.51647588,,,0.003860768,0.767439268,,0.00154637,
CSI,601898.SH,中煤能源,能源,煤炭Ⅱ,能源--煤炭Ⅱ--煤炭Ⅲ--煤炭与消费用燃料,中央国有企业,2.81574E+11,1.40961E+11,14714915000,4093691000,3.21329E+11,0.058533792,26.36366047,0.248811769,0.275297772,0.508846338,-0.02459337,0.474754771,0.560805759,0.899856996,0.036606113,8.9895
CSI,000338.SZ,潍柴动力,工业,机械,工业--机械--机械Ⅲ--建筑机械与重型卡车,地方国有企业,2.7075E+11,1.97491E+11,9254488226,1077691525,2.77044E+11,0.037294307,26.32446235,0.25835455,0.195497669,0.778164528,0.106379349,0.135804241,0.70292418,1.232815663,0.021294992,13.2657
CSI,601377.SH,兴业证券,金融,非银金融,金融--非银金融--资本市场--投资银行业与经纪业,地方国有企业,1.8102E+11,,4743070343,2987234601,2.17463E+11,0.035547623,25.92187168,,0.51647588,,,0.003600083,0.774414469,,0.001643353,
CSI,600019.SH,宝钢股份,材料,钢铁Ⅱ,材料--钢铁Ⅱ--钢铁Ⅲ--钢铁Ⅳ,中央国有企业,3.56225E+11,2.82393E+11,23631996673,1787896717,3.80398E+11,0.066824544,26.59882854,0.679927421,0.51422962,0.811640837,0.048629822,0.44341339,0.439279576,1.134195774,0.054945494,-3.0125
CSI,600918.SH,中泰证券,金融,非银金融,金融--非银金融--资本市场--投资银行业与经纪业,地方国有企业,1.7451E+11,,3200009354,3309822043,2.0469E+11,0.031803405,25.88524536,,0.51647588,,,0.005112382,0.802705667,,0.001204048,
CSI,601088.SH,中国神华,能源,煤炭Ⅱ,能源--煤炭Ⅱ--煤炭Ⅲ--煤炭与消费用燃料,中央国有企业,5.62904E+11,2.33263E+11,51607000000,2593000000,6.10597E+11,0.088765585,27.05637494,0.411734128,0.275297772,0.414326276,0.182510695,0.493943905,0.236837898,2.478364727,0.036727399,-3.5589
CSI,600886.SH,国投电力,公用事业,公用事业Ⅱ,公用事业--公用事业Ⅱ--电力--电力公用事业,中央国有企业,2.28909E+11,38373052512,2436891837,4291394378,2.4137E+11,0.027875459,26.156592,0.050456318,0.126082379,0.169181835,-0.066500176,0.82814494,0.639222502,0.577776524,0.044517337,-7.5037
CSI,600346.SH,恒力石化,能源,石油石化,能源--石油石化--石油天然气--石油天然气炼制和销售,民营企业,1.91029E+11,1.49746E+11,15531076723,4699186032,2.10296E+11,0.096198887,25.97568965,0.034714637,0.429200271,0.819611624,-0.176383496,0.659827488,0.753836024,0.607290257,0.125315988,51.7771
CSI,601138.SH,工业富联,信息技术,硬件设备,信息技术--硬件设备--电子设备、仪器和元件--电子制造服务,公众企业,2.25514E+11,4.31063E+11,20009751000,-826389000,2.66609E+11,0.071953228,26.14164783,0.308613617,0.129289002,1.999702,0.411188445,0.034440686,0.53865071,1.769372038,0.015991388,5.6381
CSI,600027.SH,华电国际,公用事业,公用事业Ⅱ,公用事业--公用事业Ⅱ--电力--电力公用事业,中央国有企业,2.36691E+11,89382243000,-3341982000,4240567000,2.22386E+11,0.004040654,26.19002106,0.11752776,0.126082379,0.381278595,-0.144868062,0.771747976,0.601196772,0.420261511,0.078810724,-2.5838
CSI,300059.SZ,东方财富,金融,非银金融,金融--非银金融--资本市场--投资银行业与经纪业,民营企业,1.10329E+11,3185223478,8552927696,402777049.7,1.8502E+11,0.048403916,25.42673025,0.681187701,0.51647588,0.037003029,0.260765652,0.016316467,0.69947569,1.379107715,0.002501275,-23.9918
CSI,600905.SH,三峡能源,公用事业,公用事业Ⅱ,公用事业--公用事业Ⅱ--电力--电力公用事业,中央国有企业,1.42576E+11,11209768307,5642366893,2844231671,2.17196E+11,0.039073376,25.68314352,0.014739605,0.126082379,0.092403534,-0.064530566,0.68917574,0.67431158,0.69579096,0.178542795,26.178
CSI,600900.SH,长江电力,公用事业,公用事业Ⅱ,公用事业--公用事业Ⅱ--电力--电力公用事业,中央国有企业,3.30827E+11,56590437692,26272998503,4751369574,3.28563E+11,0.094424331,26.52486171,0.074410164,0.126082379,0.180422565,-0.192822765,0.707604134,0.460982464,0.187030032,0.010966039,16.1896
CSI,600690.SH,海尔智家,可选消费,家电Ⅱ,可选消费--家电Ⅱ--家电Ⅲ--家用电器,集体企业,2.03459E+11,2.09703E+11,13067000000,538000000,2.1746E+11,0.06256323,26.03873035,0.289369049,0.298764784,1.072888341,0.023537912,0.121965605,0.665234765,1.043745547,0.037314643,5.9074
CSI,601901.SH,方正证券,金融,非银金融,金融--非银金融--资本市场--投资银行业与经纪业,公众企业,1.23256E+11,,1822282069,1860141218,1.72613E+11,0.021333421,25.53753233,,0.51647588,,,0.004120613,0.672573428,,0.002067876,
CSI,601117.SH,中国化学,工业,建筑,工业--建筑--建筑与工程Ⅲ--建筑与工程Ⅳ,中央国有企业,1.36008E+11,1.09159E+11,4633424156,462528943.3,1.77896E+11,0.02864568,25.63598067,0.020410956,0.179498397,0.866772612,0.13346452,0.087295556,0.700576858,1.206806431,0.006452369,5.1987
CSI,601600.SH,中国铝业,材料,有色金属,材料--有色金属--其他金属与采矿--铝,中央国有企业,1.94902E+11,1.85994E+11,5079562000,3520514000,1.92377E+11,0.044704308,25.99576108,0.167808698,0.159708925,0.934709429,-0.084265737,0.51635343,0.634832729,0.737757281,0.025853527,-2.2191
CSI,600309.SH,万华化学,材料,化工,材料--化工--基础化工--商品化工,地方国有企业,1.33753E+11,72757298229,24648748123,2034261425,1.9031E+11,0.140208439,25.61925818,0.244652397,0.203999831,0.630976773,-0.206406942,0.595338767,0.613833698,0.594805539,0.173721261,7.8291
CSI,300999.SZ,金龙鱼,日常消费,食品饮料,日常消费--食品饮料--食品--食品加工与肉类,公众企业,1.79177E+11,1.94466E+11,4131620000,258762000,2.0725E+11,0.021183997,25.91164178,0.214421535,0.106852675,1.111670684,0.190934403,0.187071353,0.511693411,1.399221121,0.039874298,14.1675
CSI,601899.SH,紫金矿业,材料,有色金属,材料--有色金属--贵金属--黄金,地方国有企业,1.82313E+11,1.71501E+11,15672870591,2111953389,2.08595E+11,0.0852602,25.9289922,0.154732825,0.159708925,1.120395812,-0.042637039,0.349846763,0.590833682,0.834736234,0.076167844,26.0131
CSI,000063.SZ,中兴通讯,信息技术,硬件设备,信息技术--硬件设备--通信设备Ⅲ--通信设备Ⅳ,公众企业,1.50635E+11,1.01451E+11,6812941000,1481221000,1.68763E+11,0.04914668,25.73812491,0.072632268,0.129289002,0.69525561,0.2162998,0.085994955,0.693812628,1.43796372,0.034459204,11.8079
CSI,601633.SH,长城汽车,可选消费,汽车与零配件,可选消费--汽车与零配件--汽车--汽车制造,民营企业,1.54011E+11,1.03308E+11,6726093884,471553850.9,1.75408E+11,0.041033744,25.76029305,0.077349262,0.324255792,0.773527156,0.118388922,0.204826293,0.627678121,1.224642324,0.052344057,8.6213
CSI,002352.SZ,顺丰控股,工业,交通运输,工业--交通运输--航空运输--航空货运与物流,民营企业,1.2134E+11,1.53987E+11,4731979000,1562963000,2.09847E+11,0.029997814,25.52186222,0.193564128,0.123286456,1.439968241,0.040624186,0.239025631,0.536479876,1.106685982,0.101099998,37.5942
CSI,002714.SZ,牧原股份,日常消费,食品饮料,日常消费--食品饮料--食品--食品加工与肉类,民营企业,1.22627E+11,56226424051,6903777692,2177725896,1.77266E+11,0.051231008,25.53241516,0.061996272,0.106852675,0.640706432,-0.037486965,0.598279268,0.460925395,0.894428968,0.375697775,178.4327
CSI,600150.SH,中国船舶,工业,机械,工业--机械--机械Ⅲ--建筑机械与重型卡车,中央国有企业,1.5251E+11,55070983556,213814622.4,-759063293.3,1.60402E+11,-0.003399258,25.75049291,0.072042941,0.195497669,0.559491297,0.129903575,0.174424107,0.6536226,1.219782006,0.013788703,4.8927
CSI,600039.SH,四川路桥,工业,建筑,工业--建筑--建筑与工程Ⅲ--建筑与工程Ⅳ,地方国有企业,1.13224E+11,60831659886,5582069265,2372125857,1.37038E+11,0.058043518,25.45263175,0.011374577,0.179498397,0.577043095,0.041942153,0.028810282,0.781285264,1.091306515,0.043553685,15.8108
CSI,601607.SH,上海医药,医疗保健,医药生物,医疗保健--医药生物--制药--西药,地方国有企业,1.49186E+11,1.91909E+11,5093467261,1518228463,1.63436E+11,0.040454463,25.72845738,0.479965502,0.256105921,1.341027781,0.130239979,0.081964446,0.633069751,1.220461562,0.02017601,2.8641
CSI,000301.SZ,东方盛虹,材料,化工,材料--化工--基础化工--商品化工,民营企业,62933612564,22644918944,4543604010,1163780314,1.32003E+11,0.043236927,24.86534624,0.076145402,0.203999831,0.462255044,0.031362089,0.437622737,0.641719924,1.107615605,0.266695117,-8.5168
CSI,601878.SH,浙商证券,金融,非银金融,金融--非银金融--资本市场--投资银行业与经纪业,地方国有企业,91090425249,,2195682763,1591570630,1.25251E+11,0.030237261,25.23511853,,0.51647588,,,0.00982639,0.787582691,,0.002455517,
CSI,600741.SH,华域汽车,可选消费,汽车与零配件,可选消费--汽车与零配件--汽车零配件--汽车零配件与设备,地方国有企业,1.50436E+11,1.33094E+11,6468939920,-58414795.01,1.53847E+11,0.041668248,25.73680331,0.099651359,0.324255792,0.919275528,0.061256394,0.179405617,0.613203253,1.108781534,0.026615808,-7.2712
CSI,600025.SH,华能水电,公用事业,公用事业Ⅱ,公用事业--公用事业Ⅱ--电力--新能源发电业者,中央国有企业,1.64632E+11,18930572463,5837544928,3375009615,1.60654E+11,0.057343974,25.82697914,0.024891608,0.126082379,0.114008133,-0.098900698,0.898091745,0.614218443,0.28005557,0.026261211,-7.5924
CSI,603993.SH,洛阳钼业,材料,有色金属,材料--有色金属--其他金属与采矿--金属非金属,民营企业,1.22441E+11,1.12981E+11,5106017250,1764472539,1.3745E+11,0.049985458,25.53089716,0.10193432,0.159708925,0.94424887,0.121541642,0.222860449,0.613407613,1.351332295,0.062248541,64.5117
CSI,000876.SZ,新希望,日常消费,食品饮料,日常消费--食品饮料--食品--农产品,民营企业,1.09443E+11,1.09651E+11,-9590870087,1117226606,1.32734E+11,-0.063839186,25.41867396,0.120902721,0.106852675,1.262810919,-0.026173468,0.364273283,0.530616545,0.910254653,0.312947821,33.869
CSI,601816.SH,京沪高铁,工业,交通运输,工业--交通运输--铁路公路运输--铁路运输,中央国有企业,3.00863E+11,25113814949,4815710298,3306861251,2.95252E+11,0.027510617,26.42992188,0.031568495,0.123286456,0.103345912,-0.013321118,0.766537866,0.307049247,0.718920146,0.016708567,-27.7349
CSI,600010.SH,包钢股份,材料,钢铁Ⅱ,材料--钢铁Ⅱ--钢铁Ⅲ--钢铁Ⅳ,地方国有企业,1.44222E+11,58669359989,2866448328,2130985927,1.47968E+11,0.033773765,25.69462152,0.141260049,0.51422962,0.402798272,-0.126304511,0.463882778,0.57276154,0.682397053,0.007599126,-6.3618
CSI,600362.SH,江西铜业,材料,有色金属,材料--有色金属--其他金属与采矿--铜,地方国有企业,1.40882E+11,3.17756E+11,5772525000,2018808000,1.61035E+11,0.048382962,25.67118532,0.286687902,0.159708925,2.304290845,0.154970935,0.181430297,0.52542187,1.387973092,0.025885937,32.6276
CSI,600803.SH,新奥股份,公用事业,公用事业Ⅱ,公用事业--公用事业Ⅱ--燃气Ⅲ--燃气Ⅳ,民营企业,1.09524E+11,87529410000,4101650000,1012530000,1.27934E+11,0.039975168,25.41940817,0.115091489,0.126082379,1.307614481,-0.183633519,0.511582089,0.677953249,0.606065829,0.063200755,-0.6617
CSI,000625.SZ,长安汽车,可选消费,汽车与零配件,可选消费--汽车与零配件--汽车--汽车制造,中央国有企业,1.20916E+11,81337270573,3552463320,-780923197.2,1.35405E+11,0.020468578,25.51836032,0.060899463,0.324255792,0.744393964,0.085155696,0.227305221,0.557706229,1.164501984,0.02448023,19.4254
CSI,002475.SZ,立讯精密,信息技术,硬件设备,信息技术--硬件设备--电子设备、仪器和元件--电子元件,外资企业,70012753552,92250483473,7070520387,554665874.1,1.20572E+11,0.063241715,24.97194326,0.066045516,0.129289002,1.545355059,0.140022124,0.305045533,0.558557573,1.291829201,0.107153911,48.2814
CSI,600031.SH,三一重工,工业,机械,工业--机械--机械Ⅲ--建筑机械与重型卡车,民营企业,1.26255E+11,98934465000,12033364000,-124516000,1.38557E+11,0.085949373,25.56156593,0.129424415,0.195497669,0.912697054,0.232695103,0.115515356,0.539123517,1.473476838,0.040077067,30.4179
CSI,000425.SZ,徐工机械,工业,机械,工业--机械--机械Ⅲ--建筑机械与重型卡车,地方国有企业,91797176722,73694537037,5614606146,610110237.7,1.10029E+11,0.056573361,25.24284738,0.096405963,0.195497669,0.871666513,0.21018586,0.097334006,0.627759186,1.379569973,0.022362833,25.0988
CSI,601225.SH,陕西煤业,能源,煤炭Ⅱ,能源--煤炭Ⅱ--煤炭Ⅲ--煤炭与消费用燃料,地方国有企业,1.48912E+11,90864231018,21139687861,-86779774.34,1.85407E+11,0.113549493,25.72662369,0.16038508,0.275297772,0.659401984,0.107688959,0.403718514,0.39783739,1.411395469,0.055749205,29.596
CSI,600089.SH,特变电工,工业,电气设备,工业--电气设备--电气设备Ⅲ--电气部件与设备,民营企业,1.09494E+11,43515371683,7254795959,1036059991,1.26358E+11,0.065613975,25.41913876,0.084931534,0.069189957,0.411067135,0.110271612,0.399180731,0.574437521,1.307062091,0.067254379,19.3754
CSI,600875.SH,东方电气,工业,电气设备,工业--电气设备--电气设备Ⅲ--重型电气设备,中央国有企业,97795137769,36238925547,2289036817,144326348.8,1.03105E+11,0.023600924,25.3061407,0.070729662,0.069189957,0.386725704,0.148967446,0.055489357,0.655999257,1.259661364,0.00553372,14.0393
CSI,000157.SZ,中联重科,工业,机械,工业--机械--机械Ⅲ--建筑机械与重型卡车,公众企业,1.16243E+11,65109000000,6303000000,923000000,1.21982E+11,0.059238248,25.47894866,0.085174506,0.195497669,0.625224464,0.172294246,0.063160792,0.58836231,1.426781452,0.007854236,50.3429
CSI,688009.SH,中国通号,工业,电气设备,工业--电气设备--电气设备Ⅲ--电气部件与设备,中央国有企业,1.05328E+11,40124476711,3274672689,94342569.44,1.08943E+11,0.030924685,25.38034591,0.078313323,0.069189957,0.395625552,0.256343946,0.05340966,0.579434691,1.46497188,0.016604732,-3.6541
CSI,601006.SH,大秦铁路,工业,交通运输,工业--交通运输--铁路公路运输--铁路运输,中央国有企业,1.82203E+11,72106343591,12181309677,338451918,1.98546E+11,0.06305714,25.92838541,0.090638906,0.123286456,0.436682029,0.297357989,0.425794186,0.287461936,5.030979552,0.010649474,-9.4439
CSI,600018.SH,上港集团,工业,交通运输,工业--交通运输--交通基础设施--海港与服务,地方国有企业,1.55925E+11,25627113952,14682049061,1025159017,1.70787E+11,0.091969319,25.77263936,0.03221372,0.123286456,0.171935177,0.136270403,0.219397156,0.384449232,1.948323212,0.026470955,-28.3333
CSI,300498.SZ,温氏股份,日常消费,食品饮料,日常消费--食品饮料--食品--食品加工与肉类,民营企业,80500122647,74833640336,-13404359150,1163484128,96788366472,-0.12647052,25.11152454,0.082512926,0.106852675,1.024563643,0.077714712,0.460755413,0.408843317,1.372405135,0.372552624,2.4585
CSI,601238.SH,广汽集团,可选消费,汽车与零配件,可选消费--汽车与零配件--汽车--汽车制造,地方国有企业,1.42861E+11,63156985000,7511030000,425316000,1.54251E+11,0.051450993,25.68513578,0.047287381,0.324255792,0.450599529,0.098695612,0.140508983,0.393019667,1.331421417,0.046097755,5.7829
CSI,688223.SH,晶科能源,工业,电气设备,工业--电气设备--电气设备Ⅲ--光伏设备,民营企业,50534648358,33560826149,1141409888,1062210819,72871079911,0.03023999,24.64592504,0.065502656,0.069189957,0.701555757,0.098055476,0.261073493,0.752365081,1.167700439,0.079228512,14.22
CSI,600519.SH,贵州茅台,日常消费,食品饮料,日常消费--食品饮料--饮料--白酒与葡萄酒,地方国有企业,2.13396E+11,81028863626,52460144378,13529867.76,2.55168E+11,0.205643475,26.08641454,0.089343891,0.106852675,0.408784356,0.655957044,0.087501848,0.214039476,4.064752303,0.009792927,6.4474
CSI,000768.SZ,中航西飞,工业,国防军工,工业--国防军工--航空航天与国防Ⅲ--航空航天,中央国有企业,58460327428,33388910661,652910969.4,26792284.69,71989049045,0.009441759,24.7916142,0.332759455,0.273615357,0.622793812,0.084209641,0.168720078,0.738183945,1.129117964,0.018325985,4.3528
CSI,600887.SH,伊利股份,日常消费,食品饮料,日常消费--食品饮料--食品--食品加工与肉类,公众企业,71154264385,95977460825,8704915104,-29158814.97,1.01962E+11,0.08508785,24.98811609,0.105826484,0.106852675,1.458451899,-0.089771227,0.404306791,0.570895094,0.816280152,0.091662772,7.0626
CSI,000708.SZ,中信特钢,材料,钢铁Ⅱ,材料--钢铁Ⅱ--钢铁Ⅲ--钢铁Ⅳ,中央国有企业,77440955872,74265985138,7952600073,474995237.4,84876296225,0.099292685,25.07278162,0.17881253,0.51422962,0.990041735,-0.075179664,0.500365298,0.633460502,0.845073368,0.040993194,3.0511
CSI,601059.SH,信达证券,金融,非银金融,金融--非银金融--资本市场--投资银行业与经纪业,中央国有企业,47319116762,,1171719585,817643963.7,64661446505,0.030765837,24.58018021,,0.51647588,,,0.001802199,0.754145773,,0.001984637,
CSI,601877.SH,正泰电器,工业,电气设备,工业--电气设备--电气设备Ⅲ--电气部件与设备,民营企业,69269751236,33083187807,3400637981,1268898005,85451145639,0.05464568,24.96127416,0.064570421,0.069189957,0.531255434,0.096161327,0.399302302,0.549844868,1.289796994,0.100435137,10.0704
CSI,600893.SH,航发动力,工业,国防军工,工业--国防军工--航空航天与国防Ⅲ--航空航天,中央国有企业,64352332318,28569844523,1187619447,73458273.32,90648498035,0.013911733,24.88763901,0.284731838,0.273615357,0.448269208,0.168979618,0.311568166,0.417257503,1.394363511,0.040230166,13.6856
CSI,600760.SH,中航沈飞,工业,国防军工,工业--国防军工--航空航天与国防Ⅲ--航空航天,中央国有企业,32853080760,27279249670,1695718597,-250267428.3,62780477436,0.023023896,24.21531136,0.271869554,0.273615357,0.878885182,0.154294154,0.141732989,0.670187379,1.23638641,0.022587022,14.9908
CSI,601012.SH,隆基绿能,工业,电气设备,工业--电气设备--电气设备Ⅲ--光伏设备,民营企业,87634828684,54301321574,9085880513,906067152.9,97734879282,0.102235228,25.19644434,0.105983112,0.069189957,0.739101189,0.137031746,0.307021212,0.593790944,1.278674141,0.055076203,65.9625
CSI,601456.SH,国联民生,金融,非银金融,金融--非银金融--资本市场--投资银行业与经纪业,地方国有企业,46219949000,,888640000,941881000,65939239000,0.027760724,24.55667734,,0.51647588,,,0.00192021,0.770787934,,0.001867267,
CSI,600547.SH,山东黄金,材料,有色金属,材料--有色金属--贵金属--黄金,地方国有企业,64461691000,63645351000,-221301000,701117000,79036550000,0.006070812,24.88933695,0.057422438,0.159708925,1.032278579,-0.191698943,0.44392585,0.505781116,0.516050317,0.084631149,1.6486
CSI,600438.SH,通威股份,工业,电气设备,工业--电气设备--电气设备Ⅲ--光伏设备,民营企业,64251948071,44076224678,8207920822,637160688.4,88249992122,0.100227561,24.88607788,0.086026184,0.069189957,0.793644987,0.049975575,0.510746512,0.509058523,1.143474214,0.085392027,17.7493
CSI,600196.SH,复星医药,医疗保健,医药生物,医疗保健--医药生物--制药--西药,民营企业,83629123000,30163260000,4735270000,822534000,93236902000,0.059609488,25.14965766,0.075438424,0.256105921,0.377768232,0.002540383,0.148073943,0.450820547,1.008541612,0.053057103,6.2488
CSI,000983.SZ,山西焦煤,能源,煤炭Ⅱ,能源--煤炭Ⅱ--煤炭Ⅲ--煤炭与消费用燃料,地方国有企业,70610618879,32326373270,4165827696,939410007.2,70497875041,0.072416902,24.98044638,0.057059504,0.275297772,0.476354949,-0.24679589,0.530942252,0.692119478,0.464785942,0.038402857,-6.0039
CSI,600023.SH,浙能电力,公用事业,公用事业Ⅱ,公用事业--公用事业Ⅱ--电力--电力公用事业,地方国有企业,1.14512E+11,51242998359,-861139048.7,965477507.3,1.15629E+11,0.000902358,25.46394921,0.067378873,0.126082379,0.454519211,0.114780798,0.432954564,0.333572726,1.787152941,0.027964981,-4.9393
CSI,600515.SH,海南机场,房地产,房地产Ⅱ,房地产--房地产Ⅱ--房地产管理和开发--房地产开发,地方国有企业,57434499260,5324071021,463289691.7,273491895.7,61168928318,0.01204503,24.77391099,0.00691795,0.406330004,0.076628603,-0.277082839,0.131787007,0.858026092,0.632679943,0.007158523,-47.7417
CSI,002459.SZ,晶澳科技,工业,电气设备,工业--电气设备--电气设备Ⅲ--光伏设备,民营企业,37297473420,25716797639,2038628714,813469618,56967447397,0.050065405,24.34219142,0.050193,0.069189957,0.781367707,0.077958961,0.354705611,0.60212617,1.15662195,0.085744184,22.3522
CSI,600585.SH,海螺水泥,材料,建材Ⅱ,材料--建材Ⅱ--建材Ⅲ--建材Ⅳ,地方国有企业,2.00973E+11,1.76243E+11,33300694000,333671000,2.30515E+11,0.145909871,26.0264352,0.862135547,0.753086611,0.92820387,0.442261239,0.335339415,0.163752786,4.669323247,0.049609649,12.2348
CSI,002415.SZ,海康威视,信息技术,硬件设备,信息技术--硬件设备--电子设备、仪器和元件--电子设备和仪器,中央国有企业,88701682384,63087187542,16800411032,-133343257.8,1.03865E+11,0.160469273,25.20854469,0.045166439,0.129289002,0.769076065,0.490836144,0.082312337,0.385809356,2.394335055,0.022588391,10.2137
CSI,601018.SH,宁波港,工业,交通运输,工业--交通运输--交通基础设施--海港与服务,地方国有企业,85419000000,21136126000,4331678000,499744000,94961585000,0.050877647,25.1708344,0.026568472,0.123286456,0.268910892,-0.037107962,0.512220536,0.351703169,0.848909062,0.045371896,-15.9078
CSI,603296.SH,华勤技术,信息技术,硬件设备,信息技术--硬件设备--电脑与外围设备--电脑硬件、储存设备及电脑周边,民营企业,32139163015,59768044331,1892840387,-96801051.91,45239975342,0.039700272,24.19334116,0.042790143,0.129289002,2.258013987,0.127040177,0.102307438,0.765913002,1.181040556,0.071750871,69.5887
CSI,601808.SH,中海油服,能源,石油石化,能源--石油石化--能源设备与服务--石油天然气钻井,中央国有企业,75942308000,28925315000,313176000,817569000,73311708000,0.015423798,25.05323978,0.006705584,0.429200271,0.380485744,0.124394771,0.617823335,0.490550011,1.55978126,0.054926774,-6.9202
CSI,001965.SZ,招商公路,工业,交通运输,工业--交通运输--交通基础设施--公路与铁路,中央国有企业,94009174839,7008562754,4972822293,1047446772,98320774958,0.061230895,25.26665822,0.008809883,0.123286456,0.075800048,-0.00149945,0.019860883,0.36459679,0.987251125,0.015828155,-14.906
CSI,000858.SZ,五粮液,日常消费,食品饮料,日常消费--食品饮料--饮料--白酒与葡萄酒,地方国有企业,1.13893E+11,49228710857,23377074353,-1731702085,1.35621E+11,0.159602143,25.45852647,0.054280467,0.106852675,0.446944355,0.671477934,0.064523911,0.22946854,3.955172532,0.008725373,14.1303
CSI,603799.SH,华友钴业,材料,有色金属,材料--有色金属--其他金属与采矿--金属非金属,民营企业,26945318023,20992877040,3897503526,484339894.2,57989056349,0.075563282,24.01707539,0.018940302,0.159708925,0.836164687,-0.080332575,0.434594162,0.537886138,0.819476524,0.135106902,12.8706
CSI,300433.SZ,蓝思科技,信息技术,硬件设备,信息技术--硬件设备--电子设备、仪器和元件--电子元件,民营企业,79575591399,36649952880,2070242934,512541068.6,76611178699,0.033712887,25.09997324,0.02623905,0.129289002,0.578969264,0.105184967,0.414378041,0.468196328,1.30945156,0.074395756,22.2821
CSI,601872.SH,招商轮船,工业,交通运输,工业--交通运输--海上运输Ⅲ--海上运输Ⅳ,中央国有企业,58634669141,18057188016,3609069039,481064278.5,60135535611,0.068015247,24.79459198,0.022698194,0.123286456,0.318322079,0.10278916,0.672902532,0.556505787,1.634599657,0.02325035,-2.8783
CSI,002241.SZ,歌尔股份,可选消费,家电Ⅱ,可选消费--家电Ⅱ--家电Ⅲ--消费电子产品,民营企业,49117826313,57542342424,4274702999,209622292.9,61079051133,0.073418385,24.61748787,0.079402645,0.298764784,1.373684081,0.109788617,0.341086889,0.598238109,1.23717739,0.113996687,64.7677
CSI,600377.SH,宁沪高速,工业,交通运输,工业--交通运输--交通基础设施--公路与铁路,地方国有企业,61095560365,8032466746,4178794497,788511048.1,67662020722,0.073413497,24.83570504,0.010096948,0.123286456,0.137635792,-0.10632362,0.283636888,0.459056117,0.537101648,0.06948944,-20.2984
CSI,600406.SH,国电南瑞,工业,电气设备,工业--电气设备--电气设备Ⅲ--电气部件与设备,中央国有企业,65962017470,38297521941,5642448312,-125147720.6,72732951414,0.07585696,24.91234492,0.074747547,0.069189957,0.620771318,0.300420686,0.175602059,0.448290308,1.709676587,0.052515301,18.8414
CSI,000938.SZ,紫光股份,信息技术,硬件设备,信息技术--硬件设备--电脑与外围设备--电脑硬件、储存设备及电脑周边,公众企业,58833329202,59498278032,2147646278,243014280.7,66430452552,0.035987419,24.79797435,0.042597007,0.129289002,1.047757736,0.199936588,0.011110123,0.41903412,1.510501792,0.027109773,10.4365
CSI,000977.SZ,浪潮信息,信息技术,硬件设备,信息技术--硬件设备--电脑与外围设备--电脑硬件、储存设备及电脑周边,地方国有企业,38322865651,62946349643,2002738392,-61064951.14,46208162563,0.04202014,24.36931257,0.045065608,0.129289002,1.858689999,0.343874087,0.028221106,0.613086076,1.583032018,0.011722936,22.0831
CSI,600026.SH,中远海能,工业,交通运输,工业--交通运输--海上运输Ⅲ--海上运输Ⅳ,中央国有企业,65959857000,16268197000,-4985386000,826672000,59388937000,-0.070025062,24.91231217,0.020449402,0.123286456,0.246858649,-0.030524157,0.735252413,0.46024222,0.796482244,0.083477455,18.563
CSI,002648.SZ,卫星化学,材料,化工,材料--化工--基础化工--商品化工,民营企业,32340587537,10716413261,6006510689,501584977.7,48692432963,0.133657229,24.19958886,0.036034821,0.203999831,0.426384715,0.058409995,0.514195973,0.57818042,1.205885567,0.16319676,-0.0458
CSI,000630.SZ,铜陵有色,材料,有色金属,材料--有色金属--其他金属与采矿--铜,地方国有企业,52183190515,99113658746,3101437394,657441101.1,50840423322,0.073934839,24.67802626,0.089422838,0.159708925,1.980398677,0.062694728,0.395146684,0.604078218,1.133379498,0.029110604,6.965
CSI,300274.SZ,阳光电源,工业,电气设备,工业--电气设备--电气设备Ⅲ--光伏设备,民营企业,28002933995,19222733597,1582707375,283256851.6,42840130915,0.043556455,24.05557513,0.03751815,0.069189957,0.756472002,0.293742432,0.123297816,0.612015758,1.547377091,0.034315296,48.3603
CSI,002466.SZ,天齐锂业,材料,有色金属,材料--有色金属--其他金属与采矿--金属非金属,民营企业,42287895000,3215231000,3649185000,1474799000,45800308000,0.111876628,24.46776671,0.002900862,0.159708925,0.072289922,-0.556242419,0.329919023,0.824351011,0.107794967,0.022769235,-33.2331
CSI,002304.SZ,洋河股份,日常消费,食品饮料,日常消费--食品饮料--饮料--白酒与葡萄酒,地方国有企业,53866259307,17685405363,7507682797,-399145510,67798704194,0.104847687,24.70977013,0.019500248,0.106852675,0.329578673,0.41920331,0.131927151,0.285830248,2.540604109,0.006555206,-11.2401
CSI,600482.SH,中国动力,工业,机械,工业--机械--机械Ⅲ--建筑机械与重型卡车,中央国有企业,58744689010,26647963638,613048770.5,21155409.87,62005997289,0.01022811,24.79646659,0.034860421,0.195497669,0.464410462,0.42441873,0.214387711,0.377798653,2.605407503,0.020669161,-9.0248
CSI,688472.SH,阿特斯,工业,电气设备,工业--电气设备--电气设备Ⅲ--光伏设备,外资企业,29221672589,23179443932,34983314.18,448147467.8,34120308721,0.014159625,24.09817648,0.045240697,0.069189957,0.75794949,0.068091559,0.279106617,0.673203385,1.118045259,0.089111801,7.3542
CSI,601021.SH,春秋航空,工业,交通运输,工业--交通运输--航空客运Ⅲ--航空客运Ⅳ,民营企业,32430080969,9358818655,39111907,286923797,38320295713,0.008508173,24.20235225,0.011764195,0.123286456,0.302889969,-0.017408404,0.591084247,0.562724621,0.948156575,0.134549508,-36.7053
CSI,002601.SZ,龙佰集团,材料,化工,材料--化工--基础化工--商品化工,民营企业,34817748000,13959654000,4712999000,433263000,45331176000,0.113525888,24.27339309,0.046940484,0.203999831,0.459434,-0.058421785,0.348294783,0.545212804,0.861611048,0.027455251,23.6858
CSI,601127.SH,赛力斯,可选消费,汽车与零配件,可选消费--汽车与零配件--汽车--汽车制造,民营企业,26267594642,13948192121,-1823911349,244449975.4,32023863653,-0.049321387,23.99160187,0.010443397,0.324255792,0.496353117,-0.249190416,0.364039372,0.786085038,0.597118483,0.070263294,-20.611
CSI,002074.SZ,国轩高科,工业,电气设备,工业--电气设备--电气设备Ⅲ--电气部件与设备,民营企业,27834612190,6680759616,101890171.3,335245229.2,43613409311,0.010022959,24.04954613,0.013039235,0.069189957,0.252080073,0.13385349,0.298614983,0.602102396,1.313253677,0.075233105,35.7648
CSI,300014.SZ,亿纬锂能,工业,电气设备,工业--电气设备--电气设备Ⅲ--电气部件与设备,民营企业,25700202987,8122662969,2905792904,131841802.6,44533907483,0.068209481,23.96976473,0.015853483,0.069189957,0.386841814,0.162732649,0.299942789,0.35132633,1.584152309,0.079293856,27.6125
CSI,600009.SH,上海机场,工业,交通运输,工业--交通运输--交通基础设施--机场服务,地方国有企业,33202181016,4298975888,-1710938710,434753220.5,51426088634,-0.024815916,24.2258814,0.005403886,0.123286456,0.122176142,0.186864173,0.587093421,0.109730278,2.713927985,0.039917988,-60.6847
CSI,002384.SZ,东山精密,信息技术,硬件设备,信息技术--硬件设备--电子设备、仪器和元件--电子元件,民营企业,37503068714,28005921430,1862481139,436663673.9,37951408787,0.060581277,24.3476886,0.02005047,0.129289002,0.809731648,0.066080944,0.314297227,0.64869627,1.127879792,0.063747279,19.3159
CSI,601136.SH,首创证券,金融,非银金融,金融--非银金融--资本市场--投资银行业与经纪业,地方国有企业,26461675133,,858599660.5,537871853.9,32600665586,0.042835675,23.9989633,,0.51647588,,,0.000405493,0.661838933,,0.000938772,
CSI,600600.SH,青岛啤酒,日常消费,食品饮料,日常消费--食品饮料--饮料--啤酒,地方国有企业,41514185835,27759710926,3155455810,29093000,46563004491,0.068392254,24.44930103,0.030608359,0.106852675,0.704323711,0.219639959,0.256356563,0.485283121,1.587892074,0.031198181,-0.8006
CSI,601298.SH,青岛港,工业,交通运输,工业--交通运输--交通基础设施--海港与服务,地方国有企业,57177364980,13219413890,3964054012,155677343,60575556128,0.068009798,24.76942394,0.016617029,0.123286456,0.240434582,0.073048221,0.336444896,0.35742523,1.282351066,0.052256028,8.6758
CSI,600489.SH,中金黄金,材料,有色金属,材料--有色金属--贵金属--黄金,中央国有企业,45802747112,47461327938,1697836681,452135778.8,47631293984,0.045137813,24.54760991,0.042820805,0.159708925,1.10601035,0.088210639,0.38329592,0.442747709,1.268584014,0.035541924,12.9378
CSI,601888.SH,中国中免,可选消费,可选消费零售,可选消费--可选消费零售--经销商Ⅲ--经销商Ⅳ,中央国有企业,45863816000,52597807000,9726557000,221855000,55101329000,0.180547587,24.54894232,1,1,1.283749328,0.313407218,0.076801765,0.438851403,1.866473287,0.026899681,10.218
CSI,601236.SH,红塔证券,金融,非银金融,金融--非银金融--资本市场--投资银行业与经纪业,中央国有企业,38317781751,,1576229463,627056671,44224569005,0.049820409,24.3691799,,0.51647588,,,0.002624948,0.616279559,,0.001877635,
CSI,600176.SH,中国巨石,材料,建材Ⅱ,材料--建材Ⅱ--建材Ⅲ--建材Ⅳ,中央国有企业,36737268363,11564540869,6028473747,429486116.3,43828317485,0.147346744,24.32705756,0.05657087,0.753086611,0.328811274,-0.012078152,0.619425523,0.500610691,0.961569222,0.041692723,10.857
CSI,002236.SZ,大华股份,信息技术,硬件设备,信息技术--硬件设备--电子设备、仪器和元件--电子设备和仪器,民营企业,36595034081,26304285875,3378410890,249710940.6,44055872022,0.082352741,24.32317839,0.018832206,0.129289002,0.795175677,0.394867936,0.073226468,0.447913013,1.985548568,0.017535706,1.2995
CSI,002311.SZ,海大集团,日常消费,食品饮料,日常消费--食品饮料--食品--农产品,民营企业,27526958371,60254995280,1596046173,402888653.3,35648579800,0.056073337,24.03843167,0.066438248,0.106852675,2.59824669,0.12408033,0.337674898,0.456580282,1.314829148,0.123164987,26.714
CSI,002600.SZ,领益智造,信息技术,硬件设备,信息技术--硬件设备--电子设备、仪器和元件--电子元件,民营企业,30053942000,28142548000,1180093116,365290414.8,35546651380,0.043474799,24.12625967,0.020148286,0.129289002,0.972906825,0.196016183,0.238665796,0.519201275,1.492776682,0.093975426,18.5521
CSI,600660.SH,福耀玻璃,可选消费,汽车与零配件,可选消费--汽车与零配件--汽车零配件--汽车零配件与设备,外资企业,38435332000,19906593000,3145652000,318941000,44796085000,0.077341424,24.37224298,0.014904617,0.324255792,0.515221987,0.167251996,0.445291353,0.437949072,1.529902932,0.046117541,-5.6733
CSI,600522.SH,中天科技,信息技术,硬件设备,信息技术--硬件设备--通信设备Ⅲ--通信设备Ⅳ,民营企业,47145307413,43936778248,172092691.4,435174638.7,45631714971,0.01330801,24.57650032,0.031455957,0.129289002,1.006118082,0.333605462,0.201138853,0.48551019,1.872937362,0.026466221,13.5408
CSI,002422.SZ,科伦药业,医疗保健,医药生物,医疗保健--医药生物--制药--西药,民营企业,31983345963,16265445394,1102554348,505647150,31539910785,0.050989412,24.18848117,0.040679938,0.256105921,0.512549977,0.076357045,0.374788904,0.562173114,1.199232993,0.038485165,-6.5813
CSI,688036.SH,传音控股,信息技术,硬件设备,信息技术--硬件设备--通信设备Ⅲ--通信设备Ⅳ,民营企业,25990508987,37721333835,3909229344,110330440.5,31459257495,0.127770332,23.98099727,0.027006091,0.129289002,1.725024352,0.364599515,0.045628674,0.595648142,1.700429615,0.01227199,49.2909
CSI,000807.SZ,云铝股份,材料,有色金属,材料--有色金属--其他金属与采矿--铝,中央国有企业,41018597713,29294816466,3319026415,588143490.6,37837121415,0.103262874,24.4372914,0.026430521,0.159708925,0.726936071,-0.275514356,0.73416272,0.664574167,0.348730522,0.128882093,22.1058
CSI,600066.SH,宇通客车,可选消费,汽车与零配件,可选消费--汽车与零配件--汽车--汽车制造,民营企业,33311872530,21523198531,613785285.7,-121284713,32165891031,0.015311268,24.2291797,0.016115014,0.324255792,0.615552115,0.238085832,0.147008119,0.536423011,1.528219176,0.028728627,-28.8444
CSI,600415.SH,小商品城,工业,企业服务,工业--企业服务--商业服务与用品--综合支持服务,地方国有企业,28750127147,3559800118,1334095907,179911613.7,31014635513,0.048815906,24.08190803,1,1,0.118515097,-0.033032909,0.21624898,0.527838284,0.914368028,0.042161709,-5.6344
CSI,603259.SH,药明康德,医疗保健,医药生物,医疗保健--医药生物--生命科学工具和服务Ⅲ--生命科学工具和服务Ⅳ,民营企业,46291166000,16535431000,5097155000,128333000,55127388000,0.094789327,24.55821698,0.041355173,0.256105921,0.437848943,0.327038533,0.218984806,0.293202271,2.911406247,0.065477612,28.4584
CSI,600674.SH,川投能源,公用事业,公用事业Ⅱ,公用事业--公用事业Ⅱ--电力--电力公用事业,地方国有企业,41329132241,997671013.5,3087390564,403682721,48467289300,0.072029473,24.44483347,0.001311827,0.126082379,0.025326604,-0.020587501,0.149878777,0.279982539,0.842265433,0.011127501,22.6927
CSI,600584.SH,长电科技,信息技术,半导体,信息技术--半导体--半导体产品--集成电路,中央国有企业,32328196228,26415793941,2958712533,312953065,37098618886,0.08818834,24.19920563,0.292587408,0.155238897,0.801570564,-0.136611898,0.577067125,0.585201037,0.681027474,0.10301753,12.4573
CSI,603501.SH,豪威集团,信息技术,半导体,信息技术--半导体--半导体产品--集成电路,民营企业,22647992329,19805257809,4476187474,410452622.8,32079927550,0.15232703,23.84333705,0.21936759,0.155238897,0.987197254,0.312090285,0.088068426,0.491122644,2.032612381,0.050037027,45.4676
CSI,600219.SH,南山铝业,材料,有色金属,材料--有色金属--其他金属与采矿--铝,集体企业,56011864286,22058839601,3410825929,272142459.9,63178184706,0.058294938,24.74882937,0.01990204,0.159708925,0.398277469,0.222386535,0.52178471,0.209329457,2.167588364,0.050812713,3.6162
CSI,600111.SH,北方稀土,材料,有色金属,材料--有色金属--其他金属与采矿--金属非金属,地方国有企业,25529146004,21151030089,5130043122,391844362.9,34707756657,0.159096641,23.96308662,0.019082992,0.159708925,0.867219831,0.564907722,0.150001984,0.459639851,4.537805877,0.005932262,17.503
CSI,000568.SZ,泸州老窖,日常消费,食品饮料,日常消费--食品饮料--饮料--白酒与葡萄酒,地方国有企业,35009203823,14429282593,7955554352,-216885999.2,43211782006,0.179086999,24.27887683,0.015909988,0.106852675,0.45141465,0.346826668,0.254154299,0.337834988,2.56721691,0.061238482,4.2497
CSI,601058.SH,赛轮轮胎,可选消费,汽车与零配件,可选消费--汽车与零配件--汽车零配件--轮胎与橡胶,民营企业,21056209712,15345711637,1312965471,240268456.9,26172935980,0.05934504,23.77046135,0.011489759,0.324255792,0.788303024,-0.026640486,0.385929193,0.581587518,0.948380345,0.073479801,1.9381
CSI,600372.SH,中航机载,工业,国防军工,工业--国防军工--航空航天与国防Ⅲ--航空航天,中央国有企业,24719896668,8723746369,798697071.3,132269986.5,26262648705,0.035448331,23.93087429,0.086942312,0.273615357,0.36796172,0.295766718,0.197663982,0.553869032,1.657799537,0.03562793,4.9319
CSI,600809.SH,山西汾酒,日常消费,食品饮料,日常消费--食品饮料--饮料--白酒与葡萄酒,地方国有企业,19778534913,11486498177,5313612016,-33120152.46,29954563964,0.176283383,23.70786309,0.012665221,0.106852675,0.640874842,0.312390239,0.115668116,0.491118185,1.641645687,0.00990074,20.3626
CSI,002230.SZ,科大讯飞,信息技术,软件服务,信息技术--软件服务--软件--应用软件,民营企业,24836091819,12945726863,1556463895,-10431988.07,31394037754,0.049246036,23.93556375,0.19595297,0.151169635,0.576173204,0.184650209,0.084813065,0.477703213,1.441295436,0.050304798,29.31
CSI,000538.SZ,云南白药,医疗保健,医药生物,医疗保健--医药生物--制药--中药,公众企业,55219448243,32578138544,2803621557,51659540.6,52292765646,0.054601838,24.73458105,0.081478044,0.256105921,0.621260792,0.608921379,0.063092155,0.3056066,3.150362011,0.008808863,10.3557
CSI,002371.SZ,北方华创,信息技术,半导体,信息技术--半导体--半导体材料与设备--半导体材料与设备Ⅳ,地方国有企业,17518033653,5991651850,1077409991,-46093407.42,31054473365,0.03320992,23.58649668,0.066364914,0.155238897,0.383431407,0.177738006,0.131644265,0.594030449,1.394110555,0.03815127,48.6824
CSI,600989.SH,宝丰能源,材料,化工,材料--化工--基础化工--商品化工,民营企业,38105012880,15717095858,7070425863,258713011.9,44373765410,0.165168288,24.36361168,0.052850027,0.203999831,0.4402563,-0.020241501,0.727233987,0.320290282,0.863125233,0.067548705,17.2197
CSI,000792.SZ,盐湖股份,材料,化工,材料--化工--农用化工--化肥与农用药剂,中央国有企业,20109814551,13199653801,4478386640,233303260,25267358712,0.186473385,23.72447382,0.044384921,0.203999831,0.619101631,0.10089712,0.432346651,0.738152668,1.397826148,0.026706701,-22.685
CSI,603019.SH,中科曙光,信息技术,硬件设备,信息技术--硬件设备--电脑与外围设备--电脑硬件、储存设备及电脑周边,中央国有企业,20963979137,10125335634,1157781112,-141168510.7,26121984763,0.038917893,23.76607152,0.0072491,0.129289002,0.536679608,0.5056888,0.074705179,0.429743553,3.876764347,0.026434258,6.6802
CSI,002460.SZ,赣锋锂业,材料,有色金属,材料--有色金属--其他金属与采矿--金属非金属,民营企业,22020374000,5488624000,5225922000,264857000,39056651000,0.140584993,23.81523395,0.004951975,0.159708925,0.302959319,0.213304642,0.277115638,0.390636826,2.151862875,0.055907951,4.6165
CSI,002001.SZ,新和成,医疗保健,医药生物,医疗保健--医药生物--制药--西药,民营企业,30897007800,10199291110,4324150263,269968353.2,34692165112,0.132425249,24.15392518,0.025508464,0.256105921,0.343418971,0.231225151,0.493241829,0.371983476,2.119179561,0.076153942,34.8672
CSI,300122.SZ,智飞生物,医疗保健,医药生物,医疗保健--医药生物--生物科技Ⅲ--生物科技Ⅳ,民营企业,15215241753,15119376513,10208548453,21821270.29,30047323465,0.340475242,23.44556351,0.037813616,0.256105921,1.156018855,0.310247404,0.156860433,0.457868327,1.692508606,0.054352251,43.5034
CSI,002050.SZ,三花智控,工业,机械,工业--机械--机械Ⅲ--工业机械,民营企业,17032530730,12031859948,1684044407,146890398,23619966760,0.077516401,23.55839092,0.015739878,0.195497669,0.756180465,0.402567925,0.262329695,0.403919891,2.450365297,0.067480368,7.4736
CSI,002938.SZ,鹏鼎控股,信息技术,硬件设备,信息技术--硬件设备--电子设备、仪器和元件--电子元件,公众企业,33102415228,29689204392,3317274178,30336464.04,35541457603,0.094188896,24.22287208,0.021255594,0.129289002,0.958356157,0.170832888,0.392781714,0.348709552,1.507130745,0.164783155,12.072
CSI,600233.SH,圆通速递,工业,交通运输,工业--交通运输--航空运输--航空货运与物流,民营企业,26429151897,34803655795,2103408505,30029216.93,34222305365,0.062340561,23.99773348,0.04374879,0.123286456,1.432540306,0.000988752,0.406656277,0.337259449,1.003028531,0.197248941,12.0586
CSI,300760.SZ,迈瑞医疗,医疗保健,医疗设备与服务,医疗保健--医疗设备与服务--医疗保健设备与用品--医疗保健设备,民营企业,33306388963,20808308351,8001553606,-85973389,38103022990,0.207741528,24.22901508,0.280854706,0.315835967,0.706077991,0.402183123,0.123968742,0.300723308,2.626382234,0.035510025,27.316
CSI,002179.SZ,中航光电,信息技术,硬件设备,信息技术--硬件设备--电子设备、仪器和元件--电子元件,中央国有企业,19218418866,10277005960,1990997442,42353578.97,26987332213,0.075344647,23.67913497,0.007357687,0.129289002,0.598365046,0.394876789,0.134251397,0.453928313,1.90719652,0.020467462,12.608
CSI,300124.SZ,汇川技术,工业,电气设备,工业--电气设备--电气设备Ⅲ--电气部件与设备,民营企业,18647589893,11452304050,3573404586,-67451675.47,27302718903,0.128410395,23.64898275,0.022352142,0.069189957,0.683034564,0.348790555,0.105225597,0.409271613,2.092367277,0.019215755,55.9347
CSI,688187.SH,时代电气,工业,电气设备,工业--电气设备--电气设备Ⅲ--电气部件与设备,中央国有企业,33865721258,16033898624,2017694796,21068951,44150745227,0.046177335,24.24566917,0.031294312,0.069189957,0.479688199,0.547696637,0.129781827,0.283653514,3.354619665,0.054779891,-1.6579
CSI,000895.SZ,双汇发展,日常消费,食品饮料,日常消费--食品饮料--食品--食品加工与肉类,外资企业,34703881762,73522003103,4865939674,-10713623.63,33977361889,0.14289591,24.27011738,0.081066691,0.106852675,2.321604909,0.348058748,0.306225292,0.304610385,2.208509286,0.033338522,22.4322
CSI,688981.SH,中芯国际,信息技术,半导体,信息技术--半导体--半导体产品--集成电路,公众企业,31320575000,3906975000,1701803000,110143000,36110941000,0.050177203,24.16754107,0.043274554,0.155238897,0.163614167,0.360103383,0.387541448,0.307747766,3.897376121,0.16951365,25.3975
CSI,603260.SH,合盛硅业,材料,化工,材料--化工--基础化工--商品化工,民营企业,20002221427,8731578012,8211601184,188903451.9,30314163368,0.277114843,23.71910918,0.029360649,0.203999831,0.467062929,-0.180267424,0.729752028,0.510742896,0.543586609,0.065255967,1.3929
CSI,000963.SZ,华东医药,医疗保健,医疗设备与服务,医疗保健--医疗设备与服务--医疗保健提供商与服务--保健护理产品经销商,民营企业,24201348155,33497597425,2301631348,22075055.28,26996403367,0.086074666,23.90967418,0.452125071,0.315835967,1.467091252,0.248837907,0.192574747,0.372786532,1.697525693,0.060863706,-5.0083
CSI,603288.SH,海天味业,日常消费,食品饮料,日常消费--食品饮料--食品--食品加工与肉类,民营企业,29533620039,22580534775,6670757812,8664947.9,33337724550,0.200356289,24.10879511,0.024897706,0.106852675,0.83188695,0.511951932,0.14501162,0.317183789,2.665112658,0.030710598,15.2448
CSI,300316.SZ,晶盛机电,工业,电气设备,工业--电气设备--电气设备Ⅲ--光伏设备,民营企业,10498166375,3766968424,1711717146,-13824268.36,16883752272,0.100563717,23.07446645,0.007352216,0.069189957,0.410329407,0.263018654,0.130360193,0.499785159,1.530902851,0.021780505,21.7476
CSI,300015.SZ,爱尔眼科,医疗保健,医疗设备与服务,医疗保健--医疗设备与服务--医疗保健提供商与服务--保健护理设施,民营企业,15540590965,11881996457,2323343957,106444199.9,21849010103,0.111208158,23.46672121,0.160374143,0.315835967,0.866181833,0.148720566,0.177590892,0.314557876,1.693163559,0.057508051,19.2025
CSI,600183.SH,生益科技,信息技术,硬件设备,信息技术--硬件设备--电子设备、仪器和元件--电子元件,公众企业,18357445724,14582911805,2829683548,101815548.2,24431164539,0.11999015,23.63330109,0.010440443,0.129289002,0.860542881,0.15861631,0.414953999,0.420217785,1.427945562,0.095930162,10.7686
CSI,600588.SH,用友网络,信息技术,软件服务,信息技术--软件服务--软件--应用软件,民营企业,16950263178,8425767125,707762887,147183263,17329343770,0.049335172,23.5535492,0.127536608,0.151169635,0.488611072,0.048540859,0.147917209,0.495743774,1.103492519,0.034897946,0.3421
CSI,300413.SZ,芒果超媒,通讯服务,传媒,通讯服务--传媒--娱乐--电影和娱乐,地方国有企业,19265699803,13983557205,2114090172,-101210337.2,26110751405,0.077090077,23.68159214,0.467603506,0.39041121,0.769513174,0.225144904,0.00970244,0.448697875,1.50511888,0.003631273,12.7321
CSI,000999.SZ,华润三九,医疗保健,医药生物,医疗保健--医药生物--制药--中药,中央国有企业,22010147281,13461683618,2046867983,13266897.53,24307980617,0.084751379,23.81476942,0.03366772,0.256105921,0.639302281,0.164913637,0.171159093,0.361247168,1.497537633,0.028251688,-7.718
CSI,600085.SH,同仁堂,医疗保健,医药生物,医疗保健--医药生物--制药--中药,地方国有企业,21837512362,12689034419,1227372820,127351544.8,25072835362,0.054031558,23.80689508,0.031735322,0.256105921,0.593509445,0.500448163,0.19275382,0.28808725,2.95210164,0.052705572,-3.4656
CSI,002916.SZ,深南电路,信息技术,硬件设备,信息技术--硬件设备--电子设备、仪器和元件--电子元件,中央国有企业,14007819588,11536349023,1480637000,90555003.5,16792291128,0.093566268,23.36288155,0.008259297,0.129289002,0.879724453,0.072009507,0.526130613,0.468558656,1.204513334,0.17747026,10.2699
CSI,600845.SH,宝信软件,信息技术,软件服务,信息技术--软件服务--软件--应用软件,中央国有企业,14070448560,9489532486,1818835201,-44258849.6,17860169154,0.099359437,23.36734259,0.14363829,0.151169635,0.779807981,0.305796909,0.122237644,0.466077062,1.666951471,0.023677422,38.9042
CSI,000596.SZ,古井贡酒,日常消费,食品饮料,日常消费--食品饮料--饮料--白酒与葡萄酒,地方国有企业,15186625709,8666775365,2297894413,-204055657.1,25418086448,0.08237594,23.44368099,0.009556143,0.106852675,0.596517194,0.463047649,0.13676234,0.311970217,2.566970606,0.03698101,-1.7824
CSI,300759.SZ,康龙化成,医疗保健,医药生物,医疗保健--医药生物--生命科学工具和服务Ⅲ--生命科学工具和服务Ⅳ,民营企业,11908792000,5133597000,1661029000,83073000,18389124000,0.094844213,23.20054279,0.012839145,0.256105921,0.47002721,0.298820233,0.317205557,0.249819881,2.795643333,0.110492987,36.635
CSI,601689.SH,拓普集团,可选消费,汽车与零配件,可选消费--汽车与零配件--汽车零配件--汽车零配件与设备,外资企业,12115228520,6453022383,1017253692,35618447.47,18682692767,0.056355481,23.21772905,0.004831556,0.324255792,0.552732226,0.109660867,0.428572301,0.354689733,1.329584463,0.116051234,21.5565
CSI,300476.SZ,胜宏科技,信息技术,硬件设备,信息技术--硬件设备--电子设备、仪器和元件--电子元件,民营企业,9688802363,5574021448,670424694.7,120329440.5,13461210039,0.058743169,22.99423666,0.003990647,0.129289002,0.668302947,-0.11343864,0.434392683,0.614895006,0.785342983,0.216919316,43.8198
CSI,601360.SH,三六零,信息技术,软件服务,信息技术--软件服务--软件--应用软件,民营企业,44261773000,11569725000,902239000,-685955000,42039484000,0.005144782,24.51338723,0.17512512,0.151169635,0.296608876,0.524252948,0.02469944,0.169542711,4.20604217,0.012600512,-8.5852
CSI,000786.SZ,北新建材,材料,建材Ⅱ,材料--建材Ⅱ--建材Ⅲ--建材Ⅳ,中央国有企业,22915217102,16618499527,3510191056,82541300.71,26573872663,0.135197922,23.85506703,0.081293583,0.753086611,0.748938503,0.085974085,0.556825824,0.238293646,1.403259242,0.059647758,26.2182
CSI,002027.SZ,分众传媒,通讯服务,传媒,通讯服务--传媒--媒体--广告,外资企业,21646165070,12033670359,6063162193,-168683642.2,25555259687,0.230656179,23.79809414,0.402400217,0.39041121,0.596712244,0.329887127,0.053781495,0.20205638,2.721370859,0.002824049,1.5235
CSI,001391.SZ,国货航,工业,交通运输,工业--交通运输--航空运输--航空货运与物流,中央国有企业,,,4342337250,-45541466,24788731227,0.173336656,,,0.123286456,,,,,,,
CSI,600460.SH,士兰微,信息技术,半导体,信息技术--半导体--半导体产品--分立器件,民营企业,9840111275,4254101266,1517725588,181347218.9,13806362735,0.123064477,23.00973286,0.047119404,0.155238897,0.453689223,0.070885471,0.367712706,0.541954289,1.189424218,0.065078628,37.8692
CSI,002709.SZ,天赐材料,材料,化工,材料--化工--多元化工Ⅲ--特种化工,民营企业,6010469032,4081027776,2208337176,38472065.95,13899180424,0.161650484,22.51676862,0.013722791,0.203999831,0.719750884,0.12063345,0.36150336,0.411725183,1.345836068,0.059421354,49.4335
CSI,688303.SH,大全能源,工业,电气设备,工业--电气设备--电气设备Ⅲ--光伏设备,民营企业,9001738087,4650721538,5723842382,184087117.2,22472411871,0.262896993,22.92068352,0.009077089,0.069189957,0.513606698,-0.084902009,0.728833343,0.481455441,0.736756064,0.049091487,92.3992
CSI,600426.SH,华鲁恒升,材料,化工,材料--化工--农用化工--化肥与农用药剂,地方国有企业,20549289346,13016251369,7254167061,109599732.9,28653178698,0.256996505,23.7460922,0.043768215,0.203999831,0.672039958,-0.021759985,0.716394492,0.238479061,0.879608179,0.127291765,-7.6667
CSI,600570.SH,恒生电子,信息技术,软件服务,信息技术--软件服务--软件--应用软件,公众企业,9971144688,4118140262,1463538930,10507675.01,12079908313,0.122024652,23.02296123,0.062334222,0.151169635,0.44931763,0.04392805,0.120824782,0.494766051,1.094884371,0.048358364,7.6663
CSI,688126.SH,沪硅产业,信息技术,半导体,信息技术--半导体--半导体材料与设备--半导体材料与设备Ⅳ,公众企业,14498507264,1805551705,146112351.8,47407373.72,16256712743,0.011903989,23.39731153,0.019998706,0.155238897,0.147622439,0.132462092,0.330660791,0.342003496,2.364754572,0.081216626,21.4487
CSI,301236.SZ,软通动力,信息技术,软件服务,信息技术--软件服务--信息技术服务--信息科技咨询与其它服务,民营企业,9041261872,12905362040,944779223.4,129682463.4,10523118161,0.102104877,22.92506459,0.195341988,0.151169635,1.507948471,0.376641551,0.071053476,0.549286211,1.804882578,0.020243863,22.7152
CSI,688271.SH,联影医疗,医疗保健,医疗设备与服务,医疗保健--医疗设备与服务--医疗保健设备与用品--医疗保健设备,民营企业,9660523040,5714051035,1417184821,-24429612.25,10361883193,0.134411398,22.99131363,0.077123911,0.315835967,0.654625491,0.136749905,0.212062377,0.62630638,1.275517594,0.072726277,93.6708
CSI,002028.SZ,思源电气,工业,电气设备,工业--电气设备--电气设备Ⅲ--电气部件与设备,民营企业,11075215295,7326296642,1197669572,20543273.52,13914411614,0.087550439,23.12797559,0.014299168,0.069189957,0.735558592,0.34811864,0.060215154,0.394063378,1.917063935,0.028667192,15.4636
CSI,000661.SZ,长春高新,医疗保健,医药生物,医疗保健--医药生物--生物科技Ⅲ--生物科技Ⅳ,地方国有企业,16844623212,8459856569,3757472953,33690395.89,22515769521,0.168378138,23.54729735,0.021158132,0.256105921,0.572269824,0.452061369,0.161954607,0.268417314,3.196037951,0.065130959,17.2354
CSI,300979.SZ,华利集团,可选消费,纺织服装Ⅱ,可选消费--纺织服装Ⅱ--纺织服装Ⅲ--鞋类,外资企业,9738286187,13928034716,2767861132,-45894105.92,16179322854,0.168237389,22.99933098,1,1,1.439495505,0.260090129,0.289383181,0.41042979,1.636893952,0.063876807,-8.1415
CSI,603369.SH,今世缘,日常消费,食品饮料,日常消费--食品饮料--饮料--白酒与葡萄酒,地方国有企业,11851101844,4227475235,2029127929,-65053472.68,14433697119,0.136075632,23.19568668,0.004661291,0.106852675,0.385834782,0.417382351,0.126780398,0.302399008,2.425192333,0.033352504,5.9855
CSI,300308.SZ,中际旭创,信息技术,硬件设备,信息技术--硬件设备--通信设备Ⅲ--通信设备Ⅳ,民营企业,13615732311,7027616651,876977126.3,83813114.18,16564680791,0.05800234,23.33449175,0.005031329,0.129289002,0.583037812,0.309188883,0.203846232,0.412922746,2.116056688,0.070217944,48.2282
CSI,002920.SZ,德赛西威,可选消费,汽车与零配件,可选消费--汽车与零配件--汽车零配件--汽车零配件与设备,公众企业,7549985688,6774303144,832922008.4,-8093123.7,10151555553,0.081251477,22.7448115,0.005072108,0.324255792,0.974861422,0.403683777,0.13367393,0.38503443,2.190036602,0.057195805,27.4572
CSI,603195.SH,公牛集团,工业,电气设备,工业--电气设备--电气设备Ⅲ--电气部件与设备,民营企业,12437541574,9970800487,2780360733,-87842281.32,15473904667,0.174003815,23.24398528,0.019460603,0.069189957,1.00440698,0.599274043,0.117272019,0.265337727,3.432367781,0.03368316,0.0579
CSI,688396.SH,华润微,信息技术,半导体,信息技术--半导体--半导体产品--集成电路,中央国有企业,16532495767,6908516403,2267920400,-140648576.5,22191209564,0.095861013,23.52859372,0.076520316,0.155238897,0.518895343,0.476678499,0.288458562,0.286207979,3.597830673,0.034637275,21.7012
CSI,300418.SZ,昆仑万维,通讯服务,传媒,通讯服务--传媒--互动媒体与服务Ⅲ--互动媒体与服务Ⅳ,民营企业,13239640168,2730058760,1546847991,113042919.5,17898675591,0.092738197,23.30648121,0.091291867,0.39041121,0.232374911,-0.027362829,0.00075613,0.268867036,0.897578381,0.00063013,-25.7331
CSI,002463.SZ,沪电股份,信息技术,硬件设备,信息技术--硬件设备--电子设备、仪器和元件--电子元件,外资企业,9555973096,7403282420,1063500828,-72494858,11648660084,0.085074675,22.98043225,0.005300282,0.129289002,0.832194569,0.222699703,0.28946288,0.342514279,1.741713079,0.039213976,4.7455
CSI,002049.SZ,紫光国微,信息技术,半导体,信息技术--半导体--半导体产品--集成电路,公众企业,7627730842,3241490311,1953785799,19355675.55,11592248344,0.170212147,22.75505624,0.035903492,0.155238897,0.462181709,0.428627354,0.031089659,0.348649786,2.61907353,0.072193049,-4.8911
CSI,600160.SH,巨化股份,材料,化工,材料--化工--基础化工--商品化工,地方国有企业,15691644389,16007943923,1109093339,29060612.11,17894390845,0.063603951,23.4763942,0.053828028,0.203999831,1.030213477,0.203862432,0.490215989,0.179823706,2.293492469,0.120151089,0.0727
CSI,688041.SH,海光信息,信息技术,半导体,信息技术--半导体--半导体产品--集成电路,公众企业,9022075152,1007459546,327109490.8,-11868107.33,10457352168,0.030145431,22.92294021,0.011158854,0.155238897,0.136910988,0.217993113,0.008081856,0.381851275,2.777898541,0.027032751,166.0329
CSI,600276.SH,恒瑞医药,医疗保健,医药生物,医疗保健--医药生物--制药--西药,民营企业,34729589915,27477639289,4530217550,-337956390.5,39266221700,0.106765076,24.2708579,0.068721676,0.256105921,0.882304545,0.699070821,0.132026866,0.113522445,7.437185165,0.015961275,19.094
CSI,000975.SZ,山金国际,材料,有色金属,材料--有色金属--贵金属--黄金,地方国有企业,12906755770,7715902153,1273338699,67252814.69,15933256367,0.084137949,23.28101671,0.006961481,0.159708925,0.622437169,0.214098407,0.231175705,0.142596114,3.360518547,0.046767807,52.8553
CSI,605499.SH,东鹏饮料,日常消费,食品饮料,日常消费--食品饮料--饮料--软饮料,民营企业,4361286447,4908145041,1192960408,-11393957.32,7790491159,0.151667774,22.19603291,0.00541181,0.106852675,1.274514018,-0.03921455,0.4266283,0.561309857,0.919706273,0.147976711,17.859
CSI,601698.SH,中国卫通,通讯服务,电信服务,通讯服务--电信服务--多元电信服务--非传统电信运营商,中央国有企业,18289285775,2686997874,572304982.5,-54924998.8,19108303143,0.027076187,23.62958125,0.001926959,0.375629725,0.14744811,0.236037739,0.504704231,0.15672958,3.423905895,0.074944516,-1.0039
CSI,300347.SZ,泰格医药,医疗保健,医药生物,医疗保健--医药生物--生命科学工具和服务Ⅲ--生命科学工具和服务Ⅳ,民营企业,19506059000,3192279000,2879099000,24910000,23741173000,0.122319525,23.69399097,0.007983901,0.256105921,0.235818488,0.538533847,0.019917657,0.08446514,10.21998759,0.008068365,13.8754
CSI,601100.SH,恒立液压,工业,机械,工业--机械--机械Ⅲ--工业机械,民营企业,10620327084,7782927080,2693599998,89327411.36,12332043328,0.225666366,23.08603565,0.010181495,0.195497669,0.817224862,0.471275595,0.246141411,0.307775652,2.932613045,0.037771834,45.1473
CSI,688012.SH,中微公司,信息技术,半导体,信息技术--半导体--半导体材料与设备--半导体材料与设备Ⅳ,公众企业,5800876896,2271438602,1011423670,650255.76,16732989004,0.06048375,22.48127493,0.025158976,0.155238897,0.429589292,0.511130301,0.033941599,0.246785087,3.405427314,0.043405453,16.7976
CSI,688111.SH,金山办公,信息技术,软件服务,信息技术--软件服务--软件--应用软件,民营企业,8511586171,2238046472,1041253876,-17169875.92,10425669411,0.09822717,22.86469415,0.033876186,0.151169635,0.291496189,0.781330059,0.007247342,0.190418432,5.625323535,0.006494376,43.1357
CSI,603392.SH,万泰生物,医疗保健,医药生物,医疗保健--医药生物--生物科技Ⅲ--生物科技Ⅳ,民营企业,3503678822,2341749016,2021467668,5195357.9,7045948104,0.287635247,21.97707935,0.005856723,0.256105921,0.826218009,0.327873616,0.225756191,0.263519049,2.385679101,0.11143619,99.3821
CSI,300408.SZ,三环集团,信息技术,硬件设备,信息技术--硬件设备--电子设备、仪器和元件--电子元件,民营企业,12347084548,3949637587,2010811421,-96132562,18620049198,0.102828883,23.2366858,0.002827691,0.129289002,0.377616722,0.614974702,0.256418083,0.12419934,10.86305418,0.094291392,46.5749
CSI,600436.SH,片仔癀,医疗保健,医药生物,医疗保健--医药生物--制药--中药,地方国有企业,10205569714,6457551956,2431454745,-84235237.62,12495334742,0.187847669,23.04619946,0.016150361,0.256105921,0.679157303,0.63648568,0.025648201,0.19097554,4.608033642,0.041057092,13.7612
CSI,300866.SZ,安克创新,信息技术,硬件设备,信息技术--硬件设备--电子设备、仪器和元件--电子元件,民营企业,6982753874,9348218286,981727237.1,45591254.28,8474231921,0.121228508,22.66670921,0.006692734,0.129289002,1.870543301,0.727554744,0.007773393,0.217505304,4.819199623,0.004329837,40.5185
CSI,300033.SZ,同花顺,信息技术,软件服务,信息技术--软件服务--软件--应用软件,民营企业,7155697275,2817710877,1911204641,-173438507.2,8501216297,0.204413824,22.6911747,0.042650275,0.151169635,0.454775129,0.617485184,0.080475255,0.269922856,3.467575058,0.051718084,64.1961
CSI,603986.SH,兆易创新,信息技术,半导体,信息技术--半导体--半导体产品--集成电路,民营企业,11710727473,4478395079,2336793535,-120744868.7,15418370840,0.143727809,23.18377114,0.049603734,0.155238897,0.50081995,0.679095312,0.060726275,0.086821929,11.24447789,0.030851608,40.7877
CSI,688082.SH,盛美上海,信息技术,半导体,信息技术--半导体--半导体材料与设备--半导体材料与设备Ⅳ,外资企业,1843523680,1006628404,266248156.6,8381378.35,6337413410,0.043334641,21.33494462,0.011149648,0.155238897,0.638819844,0.448583386,0.02304624,0.431158202,2.390834061,0.192810044,33.1369
CSI,002252.SZ,上海莱士,医疗保健,医药生物,医疗保健--医药生物--生物科技Ⅲ--生物科技Ⅳ,集体企业,25493798617,2741320113,1294510050,-65459996.97,27236582049,0.045124974,23.96170107,0.006856052,0.256105921,0.146803285,0.183648243,0.048200731,0.014267588,15.17733036,0.009875425,6.8184
CSI,688169.SH,石头科技,可选消费,家电Ⅱ,可选消费--家电Ⅱ--家电Ⅲ--家用电器,民营企业,7847934431,4500822379,1402476092,-51950040,9807393894,0.137704885,22.7835162,0.006210682,0.298764784,0.917472631,0.677623553,0.007764612,0.093507746,8.400183887,0.126075812,7.5518
CSI,600161.SH,天坛生物,医疗保健,医药生物,医疗保健--医药生物--生物科技Ⅲ--生物科技Ⅳ,中央国有企业,7541051691,3408821861,760012025,-64147776.17,11577632332,0.060104193,22.74362749,0.008525476,0.256105921,0.492054521,0.49287932,0.264855123,0.200250169,4.956767402,0.080745481,4.9694
CSI,605117.SH,德业股份,工业,电气设备,工业--电气设备--电气设备Ⅲ--光伏设备,民营企业,1675519594,3012644282,578555272.8,8852471.55,3923521517,0.149714419,21.23938916,0.005879957,0.069189957,2.086118211,0.307156543,0.162108232,0.482385159,1.655513246,0.049945005,17.7651
CSI,000408.SZ,藏格矿业,材料,化工,材料--化工--农用化工--化肥与农用药剂,地方国有企业,8677638571,1759256147,1427339931,-10178605.37,10624520306,0.133385912,22.88401527,0.005915643,0.203999831,0.192045977,0.179732617,0.415528525,0.087639638,3.123556858,0.009274747,-5.7495
CSI,302132.SZ,中航成飞,工业,国防军工,工业--国防军工--航空航天与国防Ⅲ--航空航天,中央国有企业,2933073285,1745241310,307007852.7,1289174.33,3299177131,0.093446643,21.79931661,0.017393366,0.273615357,0.643864279,0.380180108,0.15930884,0.326786323,2.195231823,0.054289079,14.0407
CSI,688256.SH,寒武纪,信息技术,半导体,信息技术--半导体--半导体产品--集成电路,民营企业,7309528672,456509063.9,-824949409.1,-52934241.66,6989146321,-0.125606707,22.71244463,0.005056399,0.155238897,0.076224583,0.88606516,0.018554034,0.120120938,17.16858618,0.035512572,3.4258
CSI,300251.SZ,光线传媒,通讯服务,传媒,通讯服务--传媒--娱乐--电影和娱乐,民营企业,9825394730,1157444980,-311682599,-42256357.13,10479429854,-0.033774639,23.00823617,0.03870441,0.39041121,0.111215241,0.331255961,0.002900638,0.079048554,5.754588531,7.77522E-05,-59.0591
CSI,300502.SZ,新易盛,信息技术,硬件设备,信息技术--硬件设备--通信设备Ⅲ--通信设备Ⅳ,民营企业,4217115643,1990276942,661926139.1,-7551293.62,4864234763,0.134527809,22.16241723,0.001424913,0.129289002,0.676700456,0.650995986,0.132686828,0.183321565,4.602921381,0.068919183,71.7649
CSI,300442.SZ,润泽科技,信息技术,软件服务,信息技术--软件服务--信息技术服务--互联网服务与基础架构,民营企业,1351040893,456910591.1,-11689285.51,15242484.78,1301673366,0.002729717,21.02414116,0.006916026,0.151169635,0.315766173,0.047359321,0.234263249,0.640666911,1.077996664,0.020029324,-28.0832
CSI,300782.SZ,卓胜微,信息技术,半导体,信息技术--半导体--半导体产品--集成电路,民营企业,3090294999,2788013847,2134834604,12381600.75,8447846068,0.254173216,21.85153239,0.030880682,0.155238897,1.112219014,0.727530227,0.03727899,0.141804711,6.573721442,0.049646901,85.4825
CSI,002625.SZ,光启技术,工业,国防军工,工业--国防军工--航空航天与国防Ⅲ--航空航天,民营企业,8647377936,632487463.9,271273806.9,-155815830.6,8953265661,0.012895627,22.88052198,0.006303476,0.273615357,0.075754673,0.760849724,0.080727146,0.090244183,11.71796102,0.030256501,32.816
CSI,301269.SZ,华大九天,信息技术,软件服务,信息技术--软件服务--软件--应用软件,中央国有企业,1340618263,409558790.4,139305915.6,309460.2,1801574166,0.077496324,21.01639674,0.006199286,0.151169635,0.403277081,0.390839565,0.168835429,0.360539946,3.144446132,0.272559931,61.3199
CSI,300628.SZ,亿联网络,信息技术,硬件设备,信息技术--硬件设备--通信设备Ⅲ--通信设备Ⅳ,民营企业,5779360514,2728155745,1616080444,21396951.86,7105352454,0.230456885,22.47755888,0.001953187,0.129289002,0.51442437,0.795248912,0.032095937,0.099662968,9.014954523,0.025683658,10.9282
CSI,300803.SZ,指南针,信息技术,软件服务,信息技术--软件服务--软件--应用软件,民营企业,1640253950,688998834,176196693,391906,2045588428,0.086326554,21.21811691,0.01042903,0.151169635,0.437925051,0.697581966,0.204819902,0.316749414,9.11505686,0.008784015,12.4066
CSI,300661.SZ,圣邦股份,信息技术,半导体,信息技术--半导体--半导体产品--集成电路,民营企业,1866795967,1191368447,699389578.7,-3492553.24,3048988791,0.22823863,21.34748941,0.013195871,0.155238897,0.730840963,0.609346362,0.063437226,0.197320961,5.114398049,0.067599708,51.2912
CSI,688506.SH,百利天恒,医疗保健,医药生物,医疗保健--医药生物--制药--西药,民营企业,1041989832,996557327,-107642000,16343000,951456000,-0.095957144,20.76439802,0.002492394,0.256105921,0.934560246,0.036857217,0.365563523,0.566142497,1.072129057,0.014752166,-15.9967
CSI,688047.SH,龙芯中科,信息技术,半导体,信息技术--半导体--半导体产品--集成电路,民营企业,1656317316,1075626256,236804803.5,-10295978.59,1989481164,0.113853214,21.22786249,0.011913884,0.155238897,0.758564481,0.545089617,0.137571858,0.318105391,3.613060396,0.150346915,123.1973
CSI,688008.SH,澜起科技,信息技术,半导体,信息技术--半导体--半导体产品--集成电路,公众企业,8419441851,1821731747,829137544.4,-83626877.24,8958562225,0.083217669,22.85380937,0.02017792,0.155238897,0.224902443,0.762914538,0.117050822,0.041474384,28.16770128,0.052180419,4.8467
CSI,603893.SH,瑞芯微,信息技术,半导体,信息技术--半导体--半导体产品--集成电路,民营企业,2718422252,1856917845,601778469.2,-27207696.56,3378707945,0.170056359,21.72331749,0.020567649,0.155238897,0.776557741,0.743269504,0.015501062,0.168339909,6.159581294,0.070571279,33.094
CSI,300832.SZ,新产业,医疗保健,医疗设备与服务,医疗保健--医疗设备与服务--医疗保健设备与用品--医疗保健设备,民营企业,5305693721,2187274705,973696489,29093312.43,6135507556,0.163440399,22.39204637,0.029522169,0.315835967,0.499183483,0.684581655,0.151442778,0.094518427,8.371337292,0.048027143,30.6933
CSI,300896.SZ,爱美客,医疗保健,医药生物,医疗保健--医药生物--生物科技Ⅲ--生物科技Ⅳ,民营企业,4671190000,709290000,957811000,2187000,5264410000,0.182356237,22.26467969,0.001773937,0.256105921,0.261353545,0.916263308,0.032344649,0.030056153,45.98912072,0.006664469,27.9891
CSI,300394.SZ,天孚通信,信息技术,硬件设备,信息技术--硬件设备--通信设备Ⅲ--通信设备Ⅳ,民营企业,1605717977,864696172,306391954.6,2052024.55,2551079700,0.12090723,21.19683683,0.000619068,0.129289002,0.586147802,0.462548621,0.326860829,0.142155843,4.698543344,0.082782859,67.3174
CSI,600930.SH,华电新能,公用事业,公用事业Ⅱ,公用事业--公用事业Ⅱ--电力--电力公用事业,中央国有企业,,,,,,,,,0.126082379,,,,,,,