证券代码,证券简称,"净资产收益率ROE(平均)
[报告期] 2025年报
[单位] %","净资产收益率ROE(平均)
[报告期] 2024年报
[单位] %","净资产收益率ROE(平均)
[报告期] 2023年报
[单位] %","净资产收益率ROE(平均)
[报告期] 2022年报
[单位] %","净资产收益率ROE(平均)
[报告期] 2021年报
[单位] %","净资产收益率ROE(平均)
[报告期] 2020年报
[单位] %","净资产收益率ROE(平均)
[报告期] 2019年报
[单位] %","净资产收益率ROE(平均)
[报告期] 2018年报
[单位] %","净资产收益率ROE(平均)
[报告期] 2017年报
[单位] %","净资产收益率ROE(平均)
[报告期] 2016年报
[单位] %↓","净资产收益率ROE(平均)
[报告期] 2015年报
[单位] %"
0438.HK,彩虹新能源,-48.3430,-22.9537,-12.4128,4.6455,8.8710,22.7127,66.2399,66.1320,103.8060,165.3339,-230.0635
1749.HK,杉杉品牌,2.8726,12.5171,13.1339,7.2921,6.0258,-29.2820,-5.8713,16.1282,32.8034,147.2460,
3319.HK,雅生活服务,1.1158,-29.4380,3.6465,15.5533,24.8945,25.9037,21.1960,23.2379,33.0815,87.5261,118.0942
2714.HK,牧原股份,20.6877,26.5183,-6.3342,21.0348,13.1803,74.6829,34.5474,4.1574,25.7150,50.5670,21.7852
2597.HK,讯众通信,6.9895,6.5733,10.3486,12.1620,14.7869,14.7423,16.3414,20.6428,27.8553,48.0999,47.1081
1772.HK,赣锋锂业,3.7127,-4.6579,10.9414,62.1928,32.0615,10.7583,4.4321,20.3755,59.8835,45.4666,13.0732
2676.HK,纳芯微,-3.3808,-6.6324,-4.8069,7.1113,51.6215,23.6152,-12.3805,6.8865,20.2089,43.9992,33.6457
2519.HK,傲基股份,5.1880,18.8815,26.4372,13.4014,-46.6134,,,,38.8920,41.8901,11.5392
9696.HK,天齐锂业,1.0662,-18.1851,14.0828,74.2320,37.3156,-30.1107,-69.9747,22.9109,31.4039,39.4599,8.2216
6936.HK,顺丰控股,11.6226,11.0079,9.1978,7.3626,6.8176,13.8488,14.6783,13.1598,17.9374,39.4012,3.5249
6885.HK,金马能源,-18.4733,-10.5154,0.6402,12.5219,15.8850,17.5669,23.9351,42.5377,42.3332,35.5598,4.1110
0470.HK,先导智能,12.6430,2.4405,15.4488,22.5126,21.0115,15.5064,19.8168,23.8545,28.8476,34.7610,28.6740
3750.HK,宁德时代,24.7249,23.4046,24.6845,24.6826,21.4245,10.9111,12.8327,11.7524,19.2981,34.0672,123.2197
1835.HK,瑞威资管,-10.9766,-4.9209,-18.8289,-9.9442,-10.2278,1.1040,2.3691,14.6907,34.0345,33.2972,
2583.HK,西普尼,12.0601,7.6524,9.3744,5.1011,13.0326,27.1606,,,22.4332,33.2140,47.2390
0638.HK,广和通,7.0365,19.8285,20.2669,16.6540,22.8347,19.7960,19.4183,21.2549,17.1633,31.6620,34.9667
1727.HK,河北建设,-9.8081,2.7827,2.8466,5.5905,-5.7954,12.6997,14.1381,24.5036,31.2382,31.2576,20.6676
3288.HK,海天味业,19.4904,21.3513,20.4872,24.8908,30.6914,34.9402,35.1523,34.0622,32.4475,30.3027,30.9086
1763.HK,中国同辐,6.4000,8.3856,8.1009,9.0601,8.3205,5.5834,9.1021,12.0969,19.4141,29.5303,
3636.HK,金浔资源,48.4226,43.8057,7.7749,28.1816,61.0431,32.9984,19.7558,40.2529,34.1078,28.3157,13.7038
0338.HK,上海石油化工股份,-6.6973,1.2479,-5.2750,-10.0803,6.9765,2.1844,7.3601,18.2201,23.2029,26.8130,18.0415
0300.HK,美的集团,19.9765,20.3036,22.0540,22.0714,23.5901,24.8420,26.2109,25.8030,25.6312,26.6193,28.6599
2651.HK,大众口腔,12.9315,33.9415,40.4645,38.3612,21.4512,,,,,25.1174,28.4078
1596.HK,翼辰实业,11.3093,-2.0972,2.0072,6.6947,11.0518,12.5319,10.3401,10.3196,10.6644,24.7031,31.2565
2333.HK,长城汽车,11.8232,17.2111,10.5033,12.9841,11.2602,9.5981,8.4113,10.2446,10.4269,24.6448,22.4548
0921.HK,海信家电,19.3568,23.0604,22.6096,13.1278,9.6671,17.0683,22.3185,19.9673,35.3146,24.4119,15.4707
1276.HK,恒瑞医药,14.4413,14.7386,10.9911,10.7279,13.8312,22.8959,23.9443,23.1685,23.1782,23.1992,24.3099
3268.HK,美格智能,8.7302,8.8959,5.6088,16.9468,18.5898,4.8530,4.5351,9.1258,15.6060,22.8105,19.4939
6127.HK,昭衍新药,3.6314,0.9057,4.8228,14.0243,13.3383,30.2113,24.7739,16.9646,19.1181,22.0988,26.8182
6865.HK,福莱特玻璃,4.4356,4.5844,15.2269,16.4285,22.2623,27.7296,17.5332,11.8781,13.8373,21.9167,20.5087
2359.HK,药明康德,27.7494,16.4434,21.0204,20.7183,14.3612,11.8871,10.5974,18.8139,20.6034,21.8193,11.6897
1576.HK,齐鲁高速,6.2134,8.0706,9.1076,17.3674,27.1316,18.5583,14.1043,13.5972,22.4336,21.3707,
1272.HK,大唐环境,7.2331,7.2317,7.1900,3.9097,-2.9565,4.2561,3.0976,11.0601,13.4775,20.9557,27.7057
6690.HK,海尔智家,16.9979,17.4432,16.8551,16.9839,17.8233,15.4782,18.7290,20.4085,23.1603,20.5332,19.3145
6196.HK,郑州银行,3.4610,3.5094,3.5846,4.4635,6.3097,7.6249,8.7324,8.8848,15.9994,20.4587,22.9885
3689.HK,康华医疗,6.7548,1.0711,8.3145,4.1879,6.8354,-1.8871,5.4299,12.7029,12.9381,20.3697,66.9879
3898.HK,时代电气,9.7520,9.4461,8.6999,7.6121,7.1456,10.8186,12.7431,13.9002,15.0367,19.8393,24.1861
2202.HK,万科企业,-55.4220,-21.8230,4.9294,9.4508,9.7832,20.1254,22.6117,23.4175,22.7952,19.6815,19.2403
0901.HK,华曦达,20.7541,14.1659,23.7586,51.3118,24.5186,31.5109,19.2634,11.4893,18.9176,19.6504,14.9674
1785.HK,成都高速,11.5476,11.6245,14.8522,13.1940,17.6177,10.4712,15.5892,18.6095,18.1482,19.6438,
0501.HK,豪威集团,15.4484,14.5342,2.8161,5.7440,32.6289,28.2401,9.7393,9.8606,13.7948,19.5294,19.8580
2648.HK,安井食品,9.5569,11.6091,12.1615,13.1445,15.5825,18.7881,15.5831,14.4466,15.0060,19.3708,16.8215
6821.HK,凯莱英,6.5693,5.5292,13.6976,23.3683,11.4977,15.9361,19.8648,18.7479,17.9062,19.1788,18.8770
1385.HK,上海复旦,3.8630,10.2276,14.6325,28.0740,20.2925,7.1603,-8.6894,6.0389,14.9444,19.0914,17.2332
3986.HK,兆易创新,9.2830,6.9565,1.0606,14.3207,19.3307,11.0645,17.0420,22.1699,26.1887,19.0752,31.8384
0696.HK,中国民航信息网络,10.1172,9.6983,7.0477,3.2983,2.9755,1.9572,14.2108,14.3366,15.3961,18.8888,17.2707
2799.HK,中信金融资产,18.6742,18.4100,3.7175,-51.8584,0.9767,-147.6227,1.1777,1.2664,18.0698,18.3853,17.2894
3606.HK,福耀玻璃,25.4182,22.3336,18.6226,17.1876,13.1278,12.0973,13.9366,21.0105,16.9891,18.2383,20.6419
6869.HK,长飞光纤光缆,6.3987,5.8936,12.0966,11.7132,7.5255,6.0965,9.4394,22.1830,26.9421,18.0956,17.8667
8049.HK,吉林长龙药业,11.9880,11.8489,9.5844,12.6264,10.2373,9.7955,12.2051,15.0384,15.3811,17.9394,17.6863
1671.HK,天保能源,2.6158,1.4423,0.0823,2.5333,0.1386,5.6791,3.4066,9.5940,13.1807,17.8467,
3759.HK,康龙化成,11.6018,13.7022,13.8591,13.2954,17.4849,14.0934,10.8563,15.6333,11.8820,17.7727,34.6147
0895.HK,东江环保,-41.2164,-19.8656,-17.5502,-11.5877,3.5157,6.8247,10.1097,10.4984,13.4904,17.6699,12.8009
1349.HK,复旦张江,-7.1226,1.7045,4.7079,6.2020,10.1476,11.1922,23.7624,16.2831,8.7750,17.6005,18.4624
2318.HK,中国平安,13.9737,13.8549,9.7475,10.0263,12.9042,19.9341,24.3004,20.8580,20.7955,17.3873,17.3780
2016.HK,浙商银行,6.4370,7.8858,8.6191,8.3265,8.5842,9.5880,11.3808,12.1540,14.0679,17.3362,17.0292
0576.HK,浙江沪杭甬,11.0452,12.8193,14.7748,18.5259,18.5790,13.1145,16.7065,16.0070,16.4331,17.3300,17.7227
2429.HK,友宝在线,-6.9515,-22.6325,-33.9395,-25.3422,-13.6196,-57.5579,2.4681,,15.0693,17.2515,14.4158
2476.HK,胜宏科技,33.7592,13.9477,9.2201,11.9735,13.4073,14.7058,14.6866,13.4133,13.5974,17.2176,13.8007
2050.HK,三花智控,15.9183,16.6657,18.9455,21.3630,15.8759,15.1077,15.8736,15.6741,18.7294,17.1927,14.7940
6189.HK,爱得威建设集团,,,,,-89.3672,-29.7743,5.9499,13.1704,13.7526,17.1103,23.8375
2768.HK,国恩科技,15.9455,14.5235,11.0378,17.5810,19.5612,26.6665,17.9724,20.3445,22.0856,16.9504,13.9471
1958.HK,北京汽车,0.2129,1.6722,5.4353,7.8383,7.4432,3.9980,8.2630,9.9258,5.5628,16.9401,9.7085
1527.HK,天洁环境,8.1811,9.2753,5.0114,6.6391,2.6758,0.5924,4.6439,4.4268,11.7607,16.9206,22.6430
3399.HK,粤运交通,10.7860,11.8237,11.1772,-7.9814,-11.2393,-10.4402,12.9739,13.7165,18.5096,16.8675,15.0492
6198.HK,青岛港,11.9534,12.6500,12.6764,12.5138,11.6728,12.1283,13.2206,14.2220,16.1044,16.3856,15.8304
2208.HK,金风科技,6.7696,4.8870,3.5163,6.4735,9.9181,9.1405,7.9439,13.5016,14.3200,16.3483,18.0753
3968.HK,招商银行,12.0198,12.8902,14.5016,15.2986,15.1561,14.5825,16.1309,15.7910,15.8969,16.2695,17.0898
6980.HK,八马茶业,15.7377,21.8018,24.3563,32.4679,,,,,,16.0292,14.4414
3618.HK,重庆农村商业银行,8.9940,9.0542,9.2433,9.3980,9.6261,9.2381,12.2795,13.4757,15.3695,15.9925,16.3815
2777.HK,富力地产,,-71.3831,-45.7634,-25.2560,-20.6269,10.7935,13.2850,12.9003,40.2362,15.9923,14.6479
9927.HK,赛力斯,22.4014,50.2402,-21.4645,-39.5461,-27.7972,-32.2909,1.2400,2.1386,16.9052,15.9333,15.7106
2328.HK,中国财险,14.8447,13.1494,11.1427,12.9417,11.4549,11.6755,15.5930,11.2781,15.6941,15.7896,22.4399
0177.HK,江苏宁沪高速公路,11.4790,13.6302,13.3881,11.9802,14.3011,8.6834,15.3599,17.6272,15.6915,15.6776,12.2800
1963.HK,重庆银行,9.1165,8.6742,9.2792,10.0774,10.6663,11.4714,12.0213,11.7803,13.6072,15.5290,17.0452
0939.HK,建设银行,9.7031,10.3697,11.0757,11.8958,12.2152,11.8335,12.7236,13.5591,14.4365,15.3767,17.0499
2238.HK,广汽集团,-7.9962,0.7156,3.8669,7.8417,8.5993,7.2483,8.4395,14.9281,19.4291,15.2420,11.3796
1880.HK,中国中免,6.6036,7.9616,13.3195,13.1835,38.0200,28.3967,24.9605,20.0779,19.0051,15.2074,14.1540
1599.HK,城建设计,6.5797,6.8478,12.2948,15.0935,14.7687,15.2987,14.3842,13.6527,13.7474,15.1762,14.3928
2139.HK,甘肃银行,1.7266,1.7402,1.9621,1.8603,1.7988,1.9904,2.0416,16.4377,22.4673,15.1040,11.3646
3969.HK,中国通号,7.5334,7.3700,7.5483,8.1766,7.6051,9.1274,10.8981,13.2304,14.4937,15.0585,16.3661
1099.HK,国药控股,8.7880,9.1873,12.6936,13.1210,13.1230,13.8509,13.8570,14.9485,15.7543,15.0247,13.0957
2465.HK,龙蟠科技,-5.7744,-19.3810,-30.1722,22.4184,17.9215,12.3741,9.7812,6.7153,10.0789,14.8961,10.9403
1983.HK,泸州银行,11.8235,10.9183,9.4140,8.1168,7.8736,7.2744,9.5639,12.3019,14.8314,14.8689,
1988.HK,民生银行,4.5873,5.0962,5.8509,6.0073,6.2295,6.5451,11.4640,12.5968,13.8070,14.8625,17.0352
1398.HK,工商银行,8.9739,9.4701,10.0383,10.6763,11.3258,11.3438,12.4735,13.3562,13.9630,14.8035,16.6930
6066.HK,中信建投证券,8.3694,7.0834,7.3767,8.6758,13.8779,15.2987,10.5640,6.7610,9.4684,14.7796,36.9377
3698.HK,徽商银行,10.1586,10.2614,10.9929,11.7434,10.8319,10.0601,12.6350,13.8935,13.8990,14.7704,15.8916
1288.HK,农业银行,9.1985,9.4341,9.6931,10.1963,10.4422,10.3981,11.7225,13.0967,14.0612,14.5507,16.1151
1513.HK,丽珠医药,14.5816,14.7723,13.9954,14.2069,14.1427,14.7367,11.9427,10.1021,51.2617,14.4551,15.4832
1551.HK,广州农商银行,2.2503,2.2655,3.1011,4.3352,4.2474,7.3731,12.4090,13.1971,13.9424,14.4365,15.5218
1666.HK,同仁堂科技,5.4484,7.4037,8.8271,9.3545,8.6628,8.3056,7.7029,13.3780,14.4616,14.2476,14.3977
1858.HK,春立医疗,9.3893,4.3876,9.9273,11.8610,18.1680,30.0473,33.0043,18.1116,13.3971,14.0283,12.0308
6138.HK,哈尔滨银行,1.8263,1.4742,1.2054,0.9097,0.4982,1.5053,7.4056,12.6775,13.4993,14.0117,14.2348
6693.HK,赤峰黄金,28.8990,25.0816,14.1888,9.1961,13.3655,22.3022,6.8834,-5.0464,10.4982,13.9398,15.6315
2196.HK,复星医药,7.0274,5.9651,5.3197,8.9330,12.4492,10.6524,11.1180,10.1819,13.1826,13.9393,14.1618
1330.HK,绿色动力环保,7.5679,7.3780,8.3141,10.7483,11.6145,11.4616,13.5343,10.7305,8.3033,13.8373,9.8853
2068.HK,中铝国际,3.8511,3.2529,-36.5447,1.4836,-11.6080,-19.7071,0.3246,3.4059,6.6384,13.8123,7.7999
1973.HK,天图投资,3.0174,-12.9775,-11.9598,8.0910,11.8825,13.1857,2.8349,-23.9351,14.0337,13.7576,16.9487
2695.HK,印象大红袍,12.2385,17.9514,22.6448,-1.3916,-0.4910,-1.2691,11.6398,18.0828,18.4393,13.7401,17.3511
2289.HK,创美药业,7.4933,8.7602,8.6128,16.4540,4.6000,8.2252,8.3624,9.7406,9.8527,13.6948,7.9897
1697.HK,山东国信,0.4903,1.2792,1.4408,2.5988,4.4993,6.2827,6.8617,9.3347,11.5543,13.5028,18.8778
0579.HK,京能清洁能源,8.6557,10.1663,10.3160,10.3754,9.3289,9.7671,9.5497,10.5263,11.0257,13.2687,14.3675
2453.HK,美中嘉和,-14.7552,-27.3006,-22.7192,-846.3471,,,,,,12.9561,13.1119
1658.HK,邮储银行,7.9828,8.7153,9.6982,10.5324,10.3923,10.5619,11.9679,11.5556,12.2657,12.9019,15.2104
1816.HK,中广核电力,8.0496,9.2952,9.7379,9.5844,9.9219,10.3334,11.7647,12.7090,15.5269,12.8777,12.2758
1359.HK,中国信达,1.8264,1.5691,3.0553,3.4405,6.8745,7.8621,8.1228,7.8697,12.5583,12.8771,14.3813
6818.HK,中国光大银行,6.5117,7.3145,7.6946,9.0485,9.2756,9.0226,10.5748,10.7494,11.3632,12.7985,14.6735
6190.HK,九江银行,1.8447,1.8178,1.9096,4.5942,5.6990,6.5988,7.6890,8.7434,11.7346,12.6155,
2603.HK,吉宏股份,11.2985,8.1175,15.7737,9.2872,12.6011,35.5032,31.1514,35.8198,17.0428,12.4220,15.5580
6680.HK,金力永磁,9.6815,4.1466,8.1657,14.4137,19.9980,16.8768,12.8519,15.2323,18.2330,12.2890,31.5521
1055.HK,中国南方航空股份,2.4175,-4.9129,-10.5685,-59.9289,-17.6171,-16.2271,4.0815,5.0263,12.7655,12.2277,9.9902
3866.HK,青岛银行,11.1445,10.2754,9.4781,9.0071,9.2900,7.9536,8.0309,7.6912,8.7841,12.1964,13.7416
6188.HK,迪信通,,,-252.4335,-48.6181,-142.9794,2.7487,6.6226,9.1647,9.8609,12.1580,13.8589
3988.HK,中国银行,8.2656,8.7349,9.1714,9.7766,10.1586,9.9159,10.8180,11.5848,11.8587,12.1163,13.9705
1578.HK,天津银行,5.5712,5.7281,6.0657,6.1206,5.8197,8.3218,9.3393,9.1812,9.1298,12.1018,15.9377
1211.HK,比亚迪股份,15.1180,24.8437,24.0481,16.1305,4.0083,7.4523,2.8840,5.0456,7.6538,12.0937,9.7934
6166.HK,剑桥科技,5.3992,7.4935,4.6766,9.3295,3.9474,-18.6991,1.8823,7.0133,6.9796,12.0538,27.8800
0998.HK,中信银行,8.7286,9.1041,9.6939,9.6155,9.5042,9.2251,10.0663,10.6452,10.9303,11.9458,14.2559
1339.HK,中国人民保险集团,15.9872,16.4629,9.6013,11.1000,10.1846,10.3832,13.1558,8.8869,12.2131,11.7629,18.7290
3332.HK,中生联合,6.0822,8.9520,14.9891,-4.3563,-9.1558,-12.8259,-38.3674,-17.1149,0.5472,11.7267,21.0809
0914.HK,海螺水泥,4.4513,4.3154,5.7962,8.6401,19.2903,23.5312,26.9402,29.6174,19.2177,11.7084,11.0865
0874.HK,白云山,8.0961,8.0072,12.1093,12.9779,13.4761,11.5846,13.9041,16.9689,11.3851,11.6920,16.0635
3768.HK,滇池水务,3.6828,5.1616,6.5826,7.1008,7.7830,8.3455,9.2305,9.1785,10.1084,11.6680,10.4541
3328.HK,交通银行,7.9238,8.3846,8.7834,9.2703,9.5651,9.4314,10.3618,10.7525,10.8012,11.5478,13.2270
1075.HK,首都信息,10.4973,-1.2127,-6.0566,10.6864,1.5793,11.1498,12.0868,6.1166,8.1009,11.5369,11.4004
1186.HK,中国铁建,5.4934,6.9630,8.6943,9.5274,9.4403,9.6468,10.6344,11.2341,11.4450,11.5293,12.4832
0357.HK,美兰空港,-7.0942,-9.1553,-3.1328,-3.4731,18.4324,-30.1979,11.9343,14.4843,12.5001,11.3471,14.3717
1800.HK,中国交通建设,4.8034,7.7554,8.4747,7.3996,7.2605,6.9336,9.4044,10.4835,12.3105,11.2466,12.0248
1766.HK,中国中车,7.7332,7.5133,7.4120,7.6764,7.0664,8.1251,8.9237,9.0434,9.5387,11.1972,17.2016
1708.HK,三宝科技,-6.2570,-29.6790,0.1257,-16.1548,-3.1750,-7.0859,5.2916,9.9056,11.2344,11.1132,11.7759
2163.HK,远大住工,,,-12.6744,-21.7543,0.7824,5.2120,19.2067,16.6844,7.3691,11.1019,10.5993
8329.HK,海王英特龙,-5.1548,2.7169,2.6924,6.3424,4.4299,4.7189,8.2083,7.1360,8.0447,11.0325,4.0229
6826.HK,昊海生物科技,4.5650,7.4910,7.4542,3.2146,6.2875,4.2039,8.1793,12.1707,12.2012,10.9615,16.7978
0995.HK,安徽皖通高速公路,14.3354,12.8256,13.4522,12.3634,13.2984,8.2933,10.4307,11.4075,11.9163,10.9250,11.7087
2281.HK,兴泸水务,3.6816,6.1886,7.7245,7.9505,10.3992,9.9307,9.7753,8.4044,8.5369,10.9124,15.9215
1577.HK,汇鑫小贷,7.9770,7.7109,5.6672,5.4443,3.8444,3.7913,6.0479,8.6013,9.4022,10.9071,12.4082
3347.HK,泰格医药,4.2656,1.9413,9.9589,10.6632,16.7685,17.1693,23.7812,21.4310,16.4965,10.6993,16.7510
6866.HK,佐力科创,3.0110,3.1792,4.8216,4.9614,6.4513,6.5153,7.9996,8.6392,10.3099,10.6007,12.3851
0753.HK,中国国航,-4.0801,-0.5649,-3.4168,-90.9227,-23.9510,-16.8460,6.8808,8.2036,9.3568,10.5940,12.4217
1812.HK,晨鸣纸业,-164.9301,-57.3406,-7.1627,0.9917,9.5258,6.9247,6.5974,9.5020,15.0781,10.5601,6.6337
6806.HK,申万宏源,8.7875,5.0853,4.7199,2.9317,10.2330,9.0478,7.5167,6.6779,8.5574,10.5502,33.8746
2865.HK,钧达股份,-37.5201,-13.7528,28.3206,69.8553,-17.4305,1.3769,1.8723,4.7392,9.6042,10.4868,9.5863
0598.HK,中国外运,9.9479,10.1271,11.6196,11.9716,11.6871,9.3550,10.8505,12.1795,12.3748,10.4471,10.4626
3908.HK,中金公司,8.2479,5.1778,6.0416,8.2757,13.8125,12.0196,9.3697,8.8532,10.0314,10.4346,15.9829
2607.HK,上海医药,7.7586,6.4943,5.5580,9.6496,10.7555,10.3345,10.1174,10.6266,10.7249,10.3858,9.9632
0670.HK,中国东方航空股份,-3.9456,-9.8708,-22.0239,-88.0323,-22.2348,-18.8987,5.0261,4.7597,12.1019,10.3568,13.4659
1776.HK,广发证券,9.0227,6.8028,5.4543,6.9932,10.6004,10.6001,8.5547,5.0628,10.5217,10.2917,22.5408
1799.HK,新特能源,-3.7524,-11.2847,12.7396,51.6924,30.8750,5.9194,3.7552,11.5224,12.2589,10.2283,10.4117
1459.HK,巨匠建设,-3.6432,0.3123,0.6549,3.4296,6.0771,7.9115,9.8864,14.1474,11.6572,10.1387,13.6858
2611.HK,国泰海通,11.0972,7.7124,5.7746,7.5501,10.5551,8.0931,6.6196,5.4410,8.8587,10.0788,22.8592
0902.HK,华能国际电力股份,9.9449,7.2089,6.5696,-7.0186,-8.7579,1.9928,0.7541,0.8067,1.8196,10.0155,17.6986
6099.HK,招商证券,9.2098,8.2382,7.3920,7.0915,10.6718,9.9501,8.7861,5.5329,8.3217,9.9900,24.2718
1216.HK,中原银行,3.7227,3.6453,3.5447,4.8527,5.9680,5.7402,5.6699,4.8231,9.5982,9.9286,
3996.HK,中国能源建设,4.9495,7.4146,7.5214,7.9650,7.9994,7.3961,9.3375,9.1794,11.2723,9.9140,12.0861
0552.HK,中国通信服务,7.7406,8.1962,8.6437,8.5268,8.4058,8.6459,9.1164,9.5658,9.8874,9.8813,9.7693
6613.HK,蓝思科技,7.7505,7.6296,6.6762,5.6404,4.8819,15.1723,12.5274,3.7710,13.3218,9.8546,17.2989
1066.HK,威高股份,6.7372,8.9465,9.0752,13.3052,12.1958,12.0374,12.0189,10.5766,13.7270,9.8197,10.8527
1065.HK,天津创业环保股份,8.6546,8.5914,9.8310,9.6317,10.1110,8.9310,8.4573,9.1661,10.3079,9.6915,7.7124
3396.HK,联想控股,1.9256,0.2393,-6.4814,1.8846,9.4572,6.3949,6.1129,7.7950,9.4618,9.6062,11.5206
0390.HK,中国中铁,6.3108,8.1190,10.5713,10.8559,10.4156,10.5719,11.4683,9.9171,11.3408,9.5832,10.9230
1787.HK,山东黄金,13.6069,12.1023,9.8295,5.1716,-0.9239,9.2910,5.7457,4.2747,6.9610,9.5709,6.3480
1528.HK,红星美凯龙,-66.8707,-6.9819,-4.5403,1.2516,4.0325,3.7106,10.2476,10.9018,9.7212,9.5403,10.9883
0694.HK,北京首都机场股份,-4.7886,-9.8064,-10.7757,-19.1771,-9.9806,-8.6216,10.0028,12.8094,12.7448,9.4615,9.2577
8095.HK,北大青鸟环宇,4.2926,2.7070,5.4339,9.9037,5.1861,2.1997,60.5986,8.3573,10.5254,9.3641,6.3862
6839.HK,云南水务,,-151.5216,-29.0942,-31.3805,-21.8046,4.4958,8.5568,8.7482,9.6344,9.3528,8.8737
0548.HK,深圳高速公路股份,4.6975,5.1740,10.6497,8.7598,10.9318,9.9210,13.9786,22.1902,10.8502,9.3386,12.8497
2596.HK,宜宾银行,5.3452,5.4989,5.4025,5.3892,5.2860,7.1338,3.7899,4.0914,5.4898,9.2840,13.5838
2601.HK,中国太保,18.0285,16.6210,11.4038,10.8127,12.1430,12.4903,16.9151,12.5536,10.8905,9.0962,14.1560
2691.HK,南华期货股份,10.0146,11.7149,11.4490,7.7448,8.8674,3.8564,3.5493,6.2366,9.6233,9.0780,5.2937
0916.HK,龙源电力,6.2845,8.9552,9.1424,7.8121,10.6334,9.0859,8.9405,8.7368,8.8398,8.9849,8.0965
6881.HK,中国银河,8.6864,7.4043,6.7613,7.7010,11.5756,9.5217,7.6396,4.4249,6.4991,8.9703,22.8900
2357.HK,中航科工,5.1043,6.6568,8.1981,8.0551,9.5801,9.7225,7.8041,8.1739,8.6967,8.8104,7.5607
1786.HK,铁建装备,2.3565,2.1546,2.4655,1.9623,0.8890,0.4058,2.2284,2.8759,1.0096,8.7493,11.4308
1379.HK,温岭工量刃具,2.0348,1.8756,3.4032,7.3921,6.4084,4.1532,5.2221,6.3005,8.0063,8.7267,
2176.HK,赛迪顾问,47.8419,45.2997,42.0568,16.3102,19.0127,10.6063,33.7577,18.7537,13.0606,8.6948,7.0047
1635.HK,大众公用,4.7932,2.7832,2.5852,-3.9500,3.5178,6.2097,6.8326,6.5600,6.6556,8.5696,9.2138
1336.HK,新华保险,34.9247,26.0587,8.3789,9.2932,14.2241,15.3601,19.4071,12.2535,8.7647,8.4513,16.1987
1606.HK,国银金租,11.9429,11.6138,11.5982,10.4086,13.8262,12.4987,11.7826,10.5088,9.3034,8.3730,7.2579
0811.HK,新华文轩,10.5028,11.1633,12.3559,11.7805,12.2288,13.0560,12.8795,11.2938,11.2919,8.3544,10.0548
1618.HK,中国中冶,0.8561,4.5195,6.5047,8.9871,8.1553,8.0291,7.2567,7.6562,7.9208,8.2005,8.9004
1916.HK,江西银行,2.0253,2.2354,2.2326,3.5636,5.4350,5.3329,6.1503,9.9511,13.2174,8.1961,
0107.HK,四川成渝高速公路,7.8588,8.5068,7.1138,4.3492,11.3730,4.3800,7.2969,5.9864,6.5719,8.1768,8.2897
1088.HK,中国神华,12.8749,14.8422,15.9881,18.7659,13.8684,9.9542,12.1282,13.8527,15.3554,8.1002,5.9293
2551.HK,晶科电子股份,4.7392,9.0352,6.9256,4.6938,10.9282,,,,9.1184,8.0769,4.4632
2355.HK,宝业集团,2.2186,3.2058,7.4148,6.3296,7.5648,8.2848,9.7758,11.1682,8.6094,7.9829,9.1274
1456.HK,国联民生,5.6530,2.1864,3.8884,4.6303,6.5886,6.3004,6.6343,0.6638,4.7685,7.9724,24.9031
1543.HK,中盈盛达融资担保,0.5134,2.0849,1.8815,2.0437,3.9114,5.1008,6.4785,7.1817,7.3006,7.9336,9.0067
2338.HK,潍柴动力,12.1527,13.7363,11.8200,6.8082,15.1577,19.0967,21.5406,23.2251,20.3301,7.6927,4.3322
1375.HK,中州证券,3.2050,1.7584,1.5300,0.7768,3.7944,0.9054,0.5934,0.6539,4.2597,7.6681,20.1530
2218.HK,安德利果汁,12.1775,10.0747,10.4315,8.4592,7.3853,7.5507,9.1708,7.9835,5.8389,7.6342,4.7185
6886.HK,华泰证券,8.2202,8.2804,7.4089,7.0509,9.6190,8.6026,7.9685,5.2774,10.8059,7.5942,17.5239
6030.HK,中信证券,9.8121,7.7244,7.5564,9.2225,11.8192,8.6809,7.7700,6.1992,7.8178,7.3555,16.6220
1138.HK,中远海能,9.8140,11.4950,10.1535,4.8573,-15.7733,7.5906,1.4698,0.2662,6.4145,7.2832,1.7548
1508.HK,中国再保险,9.1791,10.7446,6.3060,2.0893,6.8363,6.3392,7.3140,4.8869,7.2227,7.2803,12.2160
1071.HK,华电国际电力股份,8.7764,8.0532,6.9153,-0.0492,-4.8840,6.1390,5.8502,3.0107,1.0050,7.1462,19.4404
0956.HK,新天绿色能源,7.7368,7.6767,10.4269,11.4279,13.1518,12.0935,12.9484,13.6097,11.3857,7.0731,2.2792
2722.HK,重庆机电,9.0511,5.4661,3.9768,4.1618,4.1266,2.6390,2.7075,6.6109,4.9667,7.0564,6.9892
2715.HK,埃斯顿,2.2049,-36.1445,4.9583,6.2193,5.6388,7.6515,4.0741,6.4161,6.2242,7.0309,13.0223
2120.HK,康宁医院,4.5126,5.2740,6.9688,-2.0178,3.6541,5.8914,5.0133,7.4185,4.7636,6.9948,9.1266
1915.HK,泰和小贷,,,-0.9421,-1.0898,0.5151,4.2113,5.9925,8.5843,6.6845,6.9430,11.0714
6178.HK,光大证券,5.3084,4.5150,6.5162,5.2335,6.3171,4.6731,1.2001,0.2158,6.2993,6.8729,23.0693
0386.HK,中国石油化工股份,3.9526,6.0463,7.3452,8.4872,9.4974,4.4735,7.8966,8.5379,7.1315,6.7395,5.1202
2386.HK,中石化炼化工程,5.6840,7.9088,7.6727,7.7150,7.4241,8.5808,8.2016,6.5139,4.4500,6.6738,13.9681
2899.HK,紫金矿业,31.8309,25.9213,21.5012,25.0561,24.5708,12.0837,9.3494,10.8509,11.1778,6.6539,5.9560
2009.HK,金隅集团,-1.3949,-0.7567,0.0370,1.9045,4.6155,4.5680,6.2183,5.9919,5.9492,6.5302,5.8316
0323.HK,马鞍山钢铁股份,-0.8832,-18.2619,-4.6597,-2.7708,17.4431,7.1680,4.0944,22.8283,18.9141,6.4306,-23.0138
0168.HK,青岛啤酒股份,15.3681,15.3778,16.1220,15.3026,14.4667,11.0637,9.9731,8.1001,7.5496,6.3682,10.7590
1292.HK,长安民生物流,1.9227,2.9501,2.8209,1.9546,1.5063,0.0220,-2.8795,2.3519,6.7190,6.3560,14.6820
1122.HK,庆铃汽车股份,-0.3590,-0.7476,-0.7309,-0.1919,4.1814,3.9019,4.4339,5.8280,6.4465,6.3190,6.3704
0719.HK,山东新华制药股份,5.6839,9.8489,11.4409,10.8289,10.4173,10.4915,10.6065,9.7085,9.3810,6.3146,4.4778
3958.HK,东方证券,6.8667,4.1840,3.5275,4.2548,8.6407,4.7701,4.6073,2.3509,7.6039,6.1345,27.4810
2628.HK,中国人寿,27.8904,21.6738,10.1134,7.0143,10.9668,11.7749,16.1430,3.5648,10.3283,6.1098,11.4402
0728.HK,中国电信,7.2677,7.3744,6.9590,6.4113,6.5514,5.8243,5.8993,6.3414,5.8070,5.8161,6.7640
0954.HK,常茂生物,-12.1373,-11.0503,-12.0341,11.0357,8.6623,2.5669,9.0277,8.3566,0.5801,5.7504,8.2264
1713.HK,四川能投发展,7.7663,11.4786,10.4265,9.8397,9.2641,9.7554,6.6873,7.1908,6.0215,5.6592,
1461.HK,中泰期货,3.2979,0.1772,5.3461,6.8312,8.7725,2.5696,1.3545,5.3938,7.5443,5.6121,5.7576
3993.HK,洛阳钼业,26.5072,20.7287,14.8324,13.2547,12.9698,5.8443,4.5431,11.7199,9.5888,5.5306,4.7592
0699.HK,均胜电子,8.6515,7.0786,8.3864,3.3368,-28.2816,4.4413,7.5156,10.4901,3.1179,5.5001,12.8684
8247.HK,中生北控生物科技,-35.5168,-22.4923,-5.5968,4.2437,-0.6450,1.5438,-46.3245,-0.6593,8.0074,5.4751,0.2092
8452.HK,富银融资股份,-10.4852,-1.5606,1.0751,-6.4250,3.1944,0.6941,7.7560,9.1355,5.6410,5.3683,2.5856
8249.HK,瑞远智控,,,,,,,,,,5.2767,-8.9355
8348.HK,滨海泰达物流,-3.9593,0.6655,3.3816,3.4346,4.0088,-14.3789,0.9832,0.5264,2.6898,5.2734,6.7180
1289.HK,盛力达科技,4.6646,7.1447,4.4185,3.5137,0.7444,0.3825,1.2815,7.8794,5.8021,5.2131,-15.0907
9981.HK,沃尔核材,19.0139,16.2330,15.1453,15.1035,15.6366,12.8871,7.6886,0.7695,6.2569,4.9756,39.6636
2727.HK,上海电气,2.2361,1.4199,0.5297,-6.3125,-16.0403,5.7931,6.1670,5.2832,5.2205,4.9010,5.8273
0588.HK,北京北辰实业股份,-20.6373,-16.7049,0.7208,-7.2932,0.9447,0.1032,8.7630,7.3852,7.8093,4.7736,4.6675
9989.HK,海普瑞,2.8907,5.3757,-6.4668,6.1299,2.0956,10.8280,15.7600,9.1904,3.0235,4.7560,6.8254
1476.HK,金融街证券,3.8471,2.1565,0.7993,-14.8576,3.0435,4.9368,7.5138,-6.6984,6.9810,4.7385,22.9731
0038.HK,第一拖拉机股份,10.8867,13.2214,15.7635,11.9902,8.9979,6.6638,1.5222,-29.5332,1.1741,4.7009,2.9204
3678.HK,弘业期货,0.2134,1.6017,0.4229,0.7036,4.8192,4.0869,1.2619,5.0100,5.8584,4.6536,4.7908
2402.HK,亿华通,-27.2504,-16.2841,-9.0285,-6.8708,-6.1289,-0.0220,7.3338,3.4669,6.1131,4.6405,90.7009
6655.HK,华新建材,9.1522,8.1597,9.7983,9.9633,21.3256,25.0916,33.3964,36.2684,18.9785,4.6115,1.0601
1171.HK,兖矿能源,13.1251,19.3195,20.1172,38.3667,26.7738,11.2807,17.6815,17.2534,17.4162,4.5495,0.4439
1057.HK,浙江世宝,8.9869,8.7387,5.3941,1.1427,2.5119,3.0891,-12.7113,0.4929,2.2154,4.3543,3.7399
1081.HK,大金重工,14.1882,6.6808,6.3356,9.4735,21.3492,21.0519,9.1918,3.5319,2.4114,4.2679,5.7999
0525.HK,广深铁路股份,5.1471,3.9633,4.0956,-7.5941,-3.5109,-1.9449,2.5796,2.7254,3.5791,4.1726,3.9508
0347.HK,鞍钢股份,-8.8861,-13.9125,-5.7726,0.2648,12.2533,3.7518,3.4352,15.6021,11.8180,3.6662,-10.0871
0553.HK,南京熊猫电子股份,0.3440,-5.8856,-6.9375,1.1435,1.1917,2.2226,1.5227,4.7412,3.2132,3.6224,4.4654
3903.HK,瀚华金控,,,0.4338,0.1676,1.0418,2.0656,3.4023,4.1453,3.8016,3.5475,4.4382
2701.HK,国民技术,-12.0900,-21.7862,-40.5302,-2.0355,15.9700,0.9443,9.1679,-89.2209,-17.7635,3.5031,3.1119
9973.HK,奇瑞汽车,49.2433,67.4074,96.8992,43.7534,,,,,,3.3552,1.0344
2880.HK,辽港股份,3.2612,2.8816,3.4329,3.3417,6.6880,4.2633,3.8775,2.8804,2.7951,3.3385,3.4915
1818.HK,招金矿业,15.7542,7.2457,3.8703,2.4426,0.2257,7.6514,3.5178,3.5797,5.2736,3.2174,3.1754
1133.HK,哈尔滨电气,16.0185,11.4870,4.4916,0.8468,-30.4079,-0.0466,0.6938,0.4771,1.3724,3.1620,1.5475
3369.HK,秦港股份,8.0797,8.2902,8.5673,7.8403,6.6411,6.6728,6.5338,5.9359,7.7528,3.1397,11.1777
2488.HK,元征科技,27.9864,29.4557,15.7931,36.1061,13.2104,-16.8959,-15.7230,5.7351,6.6435,3.0029,-14.6589
1108.HK,凯盛新能,-25.6833,-14.1116,8.9106,10.1296,9.6740,22.3776,4.2446,1.7342,3.8004,2.8732,-112.7436
3323.HK,中国建材,-3.7862,2.2906,3.6565,7.6610,16.8841,14.6923,14.3597,13.7367,7.4056,2.5270,2.4720
1265.HK,天津津燃公用,-3.2494,-3.2916,-10.2863,-4.2177,0.0841,-0.7696,0.2489,2.2639,2.3168,2.2161,2.2376
1898.HK,中煤能源,9.2908,12.2846,14.7113,16.1593,13.7388,5.4136,6.5577,4.9596,3.9871,2.0207,-3.8295
2866.HK,中远海发,5.2694,5.6595,4.8388,12.7409,21.3440,8.7706,8.2595,8.0676,9.9153,1.9619,-12.5631
8139.HK,长安仁恒,-0.0643,1.0757,1.9803,1.2413,6.7595,1.1138,-0.8539,0.9662,-6.9499,1.9564,2.5532
2039.HK,中集集团,0.4329,5.9759,0.8733,6.8690,14.9554,12.8486,4.0278,9.6880,8.1275,1.8665,7.7668
8189.HK,泰达生物,-528.4379,-77.1209,-32.8799,-32.4073,-34.6614,-28.7356,-36.4718,-51.0604,-3.6728,1.8490,9.8713
1798.HK,大唐新能源,4.7888,7.2881,8.8491,12.1445,7.1479,6.7625,8.0172,10.2110,6.5340,1.8314,0.1265
0358.HK,江西铜业股份,9.2611,9.4945,9.5726,8.3751,8.9007,3.9549,4.7565,4.9641,3.5049,1.8179,1.5051
0814.HK,北京京客隆,-10.2449,-11.4280,-4.9736,-5.9480,-1.3122,3.2355,3.0804,3.7484,2.8665,1.6272,1.5114
2600.HK,中国铝业,17.5885,19.1288,11.6958,7.5079,9.1034,1.3597,1.5895,1.6247,3.5533,1.0461,0.6148
6031.HK,三一重工,10.4914,8.5374,6.8047,6.6822,20.0133,30.5624,29.5278,21.4672,8.6788,0.8965,0.5966
0317.HK,中船防务,5.5923,2.2035,0.3004,4.4251,0.5300,29.7989,5.5175,-18.5584,0.8457,0.6893,1.2331
0857.HK,中国石油股份,10.1464,11.1224,11.4471,11.3472,7.4369,1.5545,3.7376,4.3684,1.9138,0.6634,3.0155
0564.HK,中创智领,18.6667,18.6326,17.2910,15.5707,13.9830,9.7943,8.7796,7.4793,2.7766,0.6466,0.4457
8115.HK,清大东方,-2.6951,2.9417,6.0667,4.2109,59.9046,-1.9881,-13.7207,-4.0663,-0.2697,0.3719,-1.2498
0747.HK,沈阳公用发展股份,-45.2854,-22.9602,-27.2564,-12.0065,-3.5420,-5.6810,-11.2460,-14.9224,-3.2243,0.2575,-0.4029
6060.HK,众安在线,4.7508,2.9437,23.1123,-8.4856,7.1769,3.6175,-2.9931,-10.7122,-8.3153,0.1362,1.1178
0788.HK,中国铁塔,5.7591,5.3959,4.9836,4.5892,3.9026,3.4859,2.8767,1.7208,1.5357,0.0606,
8205.HK,交大慧谷,-83.5427,-15.4738,-31.4787,-59.8327,-9.0385,-37.0987,6.9608,8.5803,-15.2335,-0.4639,3.7473
3983.HK,中海石油化学,5.2333,5.8365,13.5909,10.0851,9.8117,5.1395,4.9312,10.0773,0.3795,-1.5862,6.0438
1202.HK,四威科技,0.3824,0.1479,0.3617,-0.2945,-6.6626,-5.1663,-5.6779,-1.6236,3.2701,-1.7462,-4.2797
1157.HK,中联重科,8.3378,6.2059,6.3920,4.2085,12.1754,17.0601,11.3806,5.3656,3.6118,-2.4234,0.2206
8106.HK,芯化兰德,2.2504,-12.7599,-56.5575,-15.3837,0.5893,4.5680,4.3866,8.5051,-4.5428,-3.5075,-10.7562
3833.HK,新疆新鑫矿业,3.5213,3.3544,2.9106,14.0482,11.0390,3.5011,0.6456,-1.2719,-1.8834,-4.6235,-14.9775
1000.HK,北青传媒,-11.7545,-0.3239,-2.4705,-3.7731,-10.2072,-18.6329,-22.6517,-26.3176,-7.2375,-4.7444,-3.5627
0991.HK,大唐发电,23.4503,15.7661,5.2175,-1.1516,-26.0046,7.1106,2.2487,2.8251,4.1791,-6.4583,6.2322
3330.HK,灵宝黄金,37.3447,23.0822,13.3464,11.9116,7.0054,5.2220,-12.5580,48.3933,6.8145,-6.6242,-31.7010
1072.HK,东方电气,9.1188,7.6856,9.8313,8.4608,7.2203,6.1694,4.4028,4.4790,3.1331,-8.0745,2.0616
0840.HK,天业节水,-15.4746,-9.9079,-2.7435,-16.8131,-12.4435,0.1151,-8.2207,-7.5498,0.2872,-8.4072,-0.9514
0763.HK,中兴通讯,7.5796,11.9656,14.7269,14.6750,14.3765,11.8124,19.9050,-25.6072,15.7393,-8.4102,11.7637
1588.HK,畅捷通,8.7721,3.7750,2.0071,-25.9332,-16.9053,2.5835,7.0303,8.6795,22.1170,-13.8604,-6.8790
1877.HK,君实生物,-14.1026,-19.6546,-27.3703,-27.3282,-10.4122,-37.7277,-23.5763,-32.2509,-28.5440,-15.1045,-15.8898
0980.HK,联华超市,,,-177.7707,-22.9160,-34.0600,-19.8030,-19.2571,-10.0559,-12.1461,-16.7331,-15.7337
0187.HK,京城机电股份,-5.5244,0.6955,-4.8336,2.0918,-3.3813,30.1771,-32.3409,-17.8036,3.6180,-23.2870,-25.4648
2883.HK,中海油田服务,8.5022,7.3431,7.4425,6.0820,0.8183,7.1851,7.0224,0.2050,0.0948,-27.9597,2.2846
0568.HK,山东墨龙,1.0414,-9.5385,-80.2935,-35.3964,-23.0445,1.8241,-10.6354,4.8497,2.0625,-28.8073,-10.1245
2481.HK,双良睿能,13.7814,14.7188,16.7119,14.2028,19.2297,13.7210,32.6570,,,-38.0347,34.7742
0042.HK,东北电气,,,,,,,,-15.3633,,-39.8153,1.6919
1919.HK,中远海控,13.2180,22.8293,12.0355,65.7821,100.8949,25.0452,22.9719,5.6481,13.6536,-46.0995,1.1559
8227.HK,海天天线,,,,-206.2994,-73.1113,-88.9921,-83.1516,-92.7036,-22.7916,-48.5943,-53.5020
8286.HK,长城微光,,,,,,,,,,-94.0906,-24.7866
1033.HK,中石化油服,7.7700,7.4452,7.4571,8.0009,2.0678,-0.5300,15.7367,13.0687,,-97.9309,-0.0533
2671.HK,美联股份,12.4070,18.8315,19.5993,33.9112,1.7644,0.8509,,,,,12.0111
1053.HK,重庆钢铁股份,-17.8373,-17.5287,-7.2551,-4.6637,10.7248,3.2382,4.8815,10.1408,3.8729,,-85.7601
9995.HK,荣昌生物,25.3672,-54.1484,-35.9065,-23.7063,7.8471,-41.5042,,,,,
9980.HK,东鹏饮料,51.6141,47.4852,35.8221,30.9699,38.7868,45.7702,41.9212,22.0454,,,
9908.HK,嘉兴燃气,12.7883,17.4026,25.5996,8.4374,15.2670,17.1862,26.1293,24.3441,,,
9903.HK,天数智芯,-65.9917,-110.7645,-99.9304,,,,,,,,
9889.HK,东莞农商银行,6.4314,8.0992,9.7588,12.0432,13.3846,13.8849,15.5698,16.7305,,,
9887.HK,维立志博-B,-27.6117,88.1722,,,,,,,,,
9881.HK,容大科技,,24.1253,15.4289,23.0726,,,,,,,
9880.HK,优必选,-15.0744,-55.1859,-84.4749,-113.7649,-103.8700,,,,,,
9878.HK,汇通达网络,3.7985,3.4671,5.7006,11.7739,,,,,,,
9877.HK,健世科技-B,-31.5168,-16.4009,-28.5275,-32.9809,-60.9076,-163.6792,,,,,
9863.HK,零跑汽车,4.4516,-24.9972,-40.6250,-65.9676,-85.3687,,,,,,
9699.HK,顺丰同城,8.8978,4.4587,1.6872,-9.0706,-48.9183,-608.3878,,,,,
9678.HK,云知声,32.0323,,,,,-95.6094,-58.0446,-57.9908,,,
9677.HK,威海银行,7.7404,8.4682,9.1675,9.7255,9.4189,9.3455,10.3701,8.0198,,,
9676.HK,十月稻田,11.6341,5.8912,-3.9585,,-68.9919,,,,,,
9668.HK,渤海银行,4.6723,4.6817,4.5294,5.6416,8.2262,9.0858,11.8309,13.5733,,,
9663.HK,国鸿氢能,-17.8409,-12.8341,-14.2473,-14.3135,-65.2328,-53.2038,,,,,
9633.HK,农夫山泉,44.2277,39.8412,45.8817,37.9035,39.5309,41.5969,40.8072,28.2839,,,
9611.HK,龙旗科技,10.2370,10.6329,17.3410,18.4037,24.6388,,,,,,
9609.HK,海伟股份,5.2284,14.1066,17.0940,,,,,,,,
8629.HK,集信国控,10.8960,11.5839,15.4192,4.2723,,,,,,,
7688.HK,拓璞数控,1.9706,5.6856,-44.6096,-280.1954,,,229.5900,,,,
7666.HK,剂泰科技-P,229.4585,,,,,,,,,,
7630.HK,英派药业-B,,,,,,,,,,,
7489.HK,岚图汽车,14.6986,-2.7454,-37.0591,,,,,,,,
6990.HK,科伦博泰生物,-9.3440,-9.4629,128.0564,,,,,,,,
6963.HK,阳光保险,10.4869,8.8943,6.1690,8.2207,10.3388,10.6254,11.0136,,,,
6960.HK,双登股份,8.7818,15.7997,20.2032,20.2229,,,,,,,
6955.HK,博安生物,0.3259,4.9387,-8.7192,-22.3395,-22.1728,,,,,,
6938.HK,瑞博生物-B,,,,,,,,,,,
6922.HK,康沣生物-B,-61.7696,-88.7031,-48.6701,-54.7714,-92.2216,,,,,,
6911.HK,澜沧古茶,-13.9400,-36.6067,8.8848,9.3633,19.6375,23.0072,,,,,
6887.HK,东阳光药,11.6213,-61.7299,-11.0049,,,,,,,,
6872.HK,丹诺医药-B,41.1841,,,,,,,,,,
6871.HK,翼菲科技,-136.9654,-98.9557,-73.0922,,,,,,,,
6810.HK,商米科技-W,11.3218,10.0155,5.8893,,,,,,,,
6809.HK,澜起科技,18.3792,13.0751,4.4859,14.1986,10.0740,14.3336,17.0456,30.6856,33.5179,,
6682.HK,范式智能,-0.4173,-5.1634,-48.1515,,,,,,,,
6661.HK,湖州燃气,7.5435,9.7377,9.5873,10.0332,13.5416,17.6675,12.9242,,,,
6660.HK,艾美疫苗,-22.0569,-7.9116,-30.2454,-6.4875,-16.6648,15.2909,8.2312,,,,
6657.HK,百望股份,-1.0255,219.9877,,,,,,,,,
6656.HK,思格新能,133.5844,19.8253,,,,,,,,,
6651.HK,五一视界,-37.5550,-46.1890,20.4540,,,,,,,,
6636.HK,极视角,-19.9723,3.8150,-23.9736,,,,,,,,
6609.HK,心玮医疗-B,7.5946,-1.2743,-8.3897,-15.7905,-18.9126,-56.0474,,,,,
6600.HK,卧安机器人,-2.6565,-1.5608,-8.0884,,,,,,,,
6199.HK,贵州银行,8.1397,8.0629,8.4578,9.5190,9.8798,10.5000,12.0093,12.3574,12.0733,,
6185.HK,康希诺生物,0.5652,-7.4404,-24.6656,-12.3370,27.2203,-10.5190,-15.8925,-24.9234,-15.6850,,
6181.HK,老铺黄金,64.8389,54.2008,34.9102,11.5288,16.0033,14.4431,17.7742,12.4328,,,
6168.HK,周六福,22.5654,29.1790,31.6501,35.6465,45.2376,,,71.2046,61.2509,,
6117.HK,日照港裕廊,5.7720,7.3116,8.2539,8.0802,7.2872,6.9656,8.0151,10.2277,8.6264,,
6082.HK,壁仞科技,,,,,,,,,,,
6049.HK,保利物业,15.2999,16.0019,16.8202,15.3759,13.0543,11.9990,17.1948,64.8926,65.2547,,
3931.HK,中创新航,4.1034,1.6932,0.8530,2.3629,0.7709,0.0581,,,,,
3881.HK,希迪智驾,-332.5888,,,,,,,,,,
3880.HK,泰德医药,22.8386,20.6670,21.4331,35.0970,,,,,,,
3677.HK,正力新能,11.5599,1.7101,-16.3403,-77.2484,,,,,,,
3625.HK,傅里叶,-43.5304,-30.4527,-36.9287,,,,,,,,
3388.HK,创想三维,-16.8946,8.5663,20.9129,,,,,,,,
3378.HK,翰思艾泰-B,-30.3265,-53.3328,-40.9036,,,,,,,,
3355.HK,飞速创新,26.3766,18.0624,25.8751,,,,,,,,
3317.HK,迅策,-4.8009,-5.2102,-3.4869,-6.4623,,,,,,,
3310.HK,云英谷科技,-25.5033,-29.8293,-19.5043,,,,,,,,
3296.HK,华勤技术,16.8858,13.4944,16.2918,23.5604,22.3092,37.6584,14.4953,,,,
3277.HK,长光辰芯,21.3120,18.4616,20.7707,,,,,,,,
3200.HK,大族数控,14.7220,6.1438,2.6053,10.7117,33.1459,18.8816,16.9421,,,,
2889.HK,博泰车联,-59.1477,-50.5164,-40.1381,-127.2220,,,,,,,
2729.HK,凯乐士科技,,,,,,,,,,,
2726.HK,瀚天天成,0.4083,7.7176,10.5002,,,,,,,,
2723.HK,深演智能,2.2275,5.0200,13.6618,,,,,,,,
2706.HK,海致科技集团,,,,,,,,,,,
2696.HK,复宏汉霖,23.7176,31.5206,28.5229,-35.3544,-35.8128,-27.6015,-30.1730,-57.3229,,,
2693.HK,金岩高岭新材,7.2679,12.1205,11.4584,9.0867,35.1180,,,,,,
2692.HK,兆威机电,7.6067,7.1404,5.9629,5.2128,5.2700,14.1797,71.6582,47.9532,25.3616,,
2687.HK,卓越睿新,17.0953,23.6270,23.4856,-17.8843,,,,,,,
2675.HK,精锋医疗-B,-7.2077,-16.1960,-12.8926,,-39.3428,,,,,,
2670.HK,云迹,89.6531,,,,,,,,,,
2659.HK,宝济药业-B,-30.5506,-41.7688,,,,,,,,,
2658.HK,天域半导体,-2.8298,-33.9722,6.2426,0.9314,,,,,,,
2657.HK,林清轩,29.4523,34.5287,19.8452,,,,,,,,
2655.HK,果下科技,16.5332,34.3110,45.5879,,,,,,,,
2652.HK,长风药业,0.2064,2.2806,3.5809,-5.6241,,,,,,,
2650.HK,挚达科技,-114.3035,-160.6616,-20.8553,-108.5276,,,,,,,
2649.HK,优乐赛共享,,10.7526,15.1682,8.6929,,,,,,,
2637.HK,海西新药,16.5830,28.7519,33.8959,,,,,,,,
2635.HK,诺比侃,14.1725,22.2292,25.0198,37.9349,,,,,,,
2632.HK,泽景股份,,,,,,,,,,,
2631.HK,天岳先进,-3.3366,3.3972,-0.8728,-4.7018,4.1305,-48.7504,-83.5911,,,,
2630.HK,旺山旺水-B,-119.4242,-121.2895,,,,,,,,,
2627.HK,中慧生物-B,,-101.4857,,,,,,,,,
2625.HK,江苏宏信,5.8860,8.5323,11.0085,12.2369,,,,,,,
2619.HK,香江电器,4.9527,16.4130,16.7753,12.8977,,,,,,,
2617.HK,药捷安康-B,-62.8768,-41.9825,-36.6331,-58.7901,,,,,,,
2613.HK,汇舸环保,1.4610,45.2309,62.4237,29.8487,,,,,,,
2602.HK,万物云,4.4780,6.7567,11.4762,11.4634,20.6539,24.9333,,,,,
2598.HK,连连数字,77.3278,-18.5096,-79.6343,-61.5979,-33.1938,,,,,,
2595.HK,劲方医药-B,"2,533.4453",,,,,,,,,,
2591.HK,银诺医药-B,-36.9067,-23.2672,-117.6930,,,,,,,,
2590.HK,极智嘉-W,0.7326,,,,,,,,,,
2589.HK,沪上阿姨,32.2474,32.5182,64.4600,52.0043,,,,,,,
2585.HK,梦金园,4.0297,8.6623,12.8045,11.2452,15.5297,,,,,,
2582.HK,国富氢能,-34.6948,-27.0211,-12.4532,-14.3688,,,,,,,
2579.HK,中伟新材,7.0951,7.3420,10.7155,11.7520,13.7382,14.1210,13.8106,15.9609,,,
2577.HK,英诺赛科,-23.4074,-42.3785,-44.7578,378.5390,,,,,,,
2576.HK,太美医疗科技,-3.7590,-20.0932,-30.3093,-30.3501,,,,,,,
2575.HK,轩竹生物-B,-21.1012,-53.8404,-24.5478,,,,,,,,
2573.HK,新琪安,2.2883,9.4975,10.7023,35.5539,,,,,,,
2571.HK,赛目科技,7.7425,10.1999,11.7915,14.3570,22.9554,123.5262,,,,,
2570.HK,重塑能源,-31.4449,-38.1967,-25.8535,-35.6619,,,,,,,
2566.HK,九源基因,8.7427,11.4741,14.3954,8.0666,,,,,,,
2565.HK,派格生物医药-B,-83.2319,-233.9472,-113.9129,,,,,,,,
2563.HK,华昊中天医药-B,-18.0441,-18.9940,-23.8383,,,,,,,,
2560.HK,海螺材料科技,9.2463,13.5415,16.0661,13.5228,26.5395,,,,,,
2558.HK,晋商银行,5.8325,6.6463,8.3226,8.0860,7.8130,7.6149,8.2184,8.5604,10.1076,,
2555.HK,茶百道,20.4162,19.9560,154.6065,201.5634,347.3810,,,,,,
2553.HK,首钢朗泽,-29.1592,-15.7830,-6.8460,-2.3725,,,,,,,
2546.HK,智汇矿业,11.2500,5.6085,17.0908,,,,,,,,
2543.HK,大行科工,19.4261,48.5579,48.2487,,,,,,,,
2539.HK,乐摩科技,25.3301,43.7894,76.2292,,,,,,,,
2529.HK,泓盈城市服务,18.9107,22.7988,31.7886,32.3762,33.0168,,,,,,
2526.HK,德适-B,-39.5028,-97.9518,,,,,,,,,
2522.HK,一脉阳光,0.2174,-3.3417,3.4628,0.0286,-78.5008,,,,,,
2520.HK,山西安装,4.8851,5.7090,7.0118,8.6593,7.9127,16.3868,,,,,
2517.HK,锅圈,14.0065,7.1976,8.1834,9.8174,-33.4824,,,,,,
2515.HK,天津建发,-15.9336,7.8511,21.4847,25.1805,41.1658,,,,,,
2513.HK,智谱,,,,,,,,,,,
2509.HK,荃信生物-B,68.1361,-128.1450,-108.4377,-45.4537,,,,,,,
2506.HK,讯飞医疗科技,-7.0557,-18.4335,-34.4855,-49.3360,,,,,,,
2502.HK,金源氢化,-3.5401,-1.5981,6.8494,26.5630,16.8473,,,,,,
2500.HK,启明医疗-B,-20.5192,-27.8387,-21.5594,-25.9447,-8.9375,-5.3117,-21.7647,-112.5478,,,
2499.HK,佛朗斯股份,6.7678,9.0409,3.1595,4.0148,7.1307,8.2139,9.0443,10.4209,12.4709,,
2496.HK,友芝友生物-B,,-123.3954,-135.2223,-126.3123,-264.2175,,,,,,
2495.HK,声通科技,8.3050,-62.6448,,-137.2520,41.6171,,,,,,
2493.HK,迈威生物-B,-101.0573,-50.2781,-34.5422,-42.2064,-62.0268,-57.6974,-301.4577,,,,
2482.HK,维天运通,5.9173,7.3334,-4.8981,0.2556,12.1008,10.6238,-4.3898,,,,
2480.HK,绿竹生物-B,-19.8658,-17.9525,-25.4686,-410.9355,,,,,,,
2479.HK,天聚地合,,,5.5346,6.7465,8.1246,,,,,,
2450.HK,淮北绿金股份,-6.3308,-4.6421,8.8369,19.9539,20.2640,34.2574,35.9596,,,,
2432.HK,越疆,-4.6532,-14.2270,-24.9370,-13.6183,,,,,,,
2431.HK,佑驾创新,-35.4813,-23.1747,-31.2312,-44.9419,,,,,,,
2419.HK,德康农牧,16.5384,65.9985,-39.7955,22.2055,-55.4094,69.8977,109.3786,,,,
2418.HK,德银天下,2.0375,4.5904,4.4831,7.8305,15.7971,14.4802,13.2881,,,,
2411.HK,百果园集团,-11.7829,-13.0139,11.7067,11.5658,9.0496,2.0230,,,,,
2410.HK,同源康医药-B,-79.3291,186.3084,,,,,,,,,
2408.HK,遇见小面,22.5898,70.7583,115.1232,,,,,,,,
2396.HK,华芢生物-B,-53.9231,"-2,274.7977",,,,,,,,,
2376.HK,鲁商服务,5.8997,8.3148,7.7327,19.2099,27.2352,24.1794,28.4855,,,,
2352.HK,东原仁知服务,6.9874,-15.6354,4.0482,25.4120,63.0892,59.5958,26.6360,,,,
2315.HK,百奥赛图-B,11.5122,4.1411,-39.6399,-50.2989,-40.4038,-78.7341,,,,,
2291.HK,心泰医疗,11.8854,12.5167,8.2552,-1.8606,18.3776,28.3322,22.9142,,,,
2276.HK,康耐特光学,25.7680,28.7395,25.7446,23.8660,25.4550,29.1055,45.5478,,,,
2252.HK,微创机器人-B,-72.4833,-161.0682,-104.5020,-59.8198,-30.3921,-28.4324,,,,,
2251.HK,鹰瞳科技-B,-2.0008,-18.1873,-8.2665,-10.3269,-12.8026,-64.3485,,,,,
2245.HK,力勤资源,24.3310,17.7809,11.9054,29.8798,48.5606,41.0505,,,,,
2235.HK,微泰医疗-B,2.0131,-3.1280,-5.8513,-1.5719,-3.2370,-25.6021,,,,,
2210.HK,京城佳业,5.9455,9.4398,14.3981,15.9253,15.4258,13.9593,9.1794,,,,
2190.HK,归创通桥,7.7200,3.2612,-2.5640,-3.6403,-11.1890,-34.0357,,,,,
2185.HK,百心安-B,-12.7918,-12.4842,-21.5605,-21.7399,-42.6293,-88.1902,,,,,
2179.HK,瑞科生物-B,-98.8356,-70.2652,-41.8508,-43.3382,-197.9064,,,,,,
2170.HK,贝康医疗-B,-21.5095,-18.6472,-12.8133,-7.4156,-14.3881,266.7766,,,,,
2157.HK,乐普生物,25.0213,-51.4307,-2.4583,-79.3164,-87.5236,-103.8079,,,,,
2152.HK,苏新服务,7.9564,8.0592,9.5854,9.9170,10.6192,11.0379,12.4229,,,,
2149.HK,贝克微,10.6656,18.0770,17.6908,27.3581,34.0744,,,,,,
2146.HK,荣万家,5.0163,5.3406,6.0962,11.6483,30.7326,52.0345,40.8731,63.6959,,,
2145.HK,上美股份,44.4645,37.1983,24.8298,11.0810,44.3300,103.8001,,,,,
2121.HK,创新奇智,-18.1910,-33.1995,-27.0681,-17.9082,-100.4784,,,,,,
2097.HK,蜜雪集团,29.8783,34.8473,34.9345,30.7384,,,,,,,
1989.HK,广合科技,28.8088,27.5725,25.6027,22.0971,10.5230,,19.1916,18.7037,,,
1905.HK,海通恒信,7.0755,7.5235,8.2373,8.4335,8.4718,7.1794,9.5071,10.6086,11.1592,,
1879.HK,曦智科技-P,,,,,,,,,,,
1853.HK,春城热力,7.6373,9.8278,12.7205,12.3819,13.5015,19.2269,19.9545,25.8292,23.3174,,
1847.HK,云南建投混凝土,-14.6323,-9.4677,-2.6964,2.1319,0.0545,16.6398,19.8958,20.2938,30.0725,,
1779.HK,天辰生物-B,185.0492,,,,,,,,,,
1768.HK,鸣鸣很忙,33.7266,16.1643,8.3955,,,,,,,,
1641.HK,红星冷链,9.0577,9.7166,8.7687,,,,,,,,
1609.HK,天星医疗,25.3494,22.5504,17.3835,,,,,,,,
1601.HK,中关村科技租赁,9.3040,10.8815,11.2484,10.5792,9.8701,9.7619,10.3175,9.5561,10.6217,,
1542.HK,台州水务,-7.7323,-11.6353,-9.2502,5.9906,13.6809,12.8821,14.4116,23.7801,47.5743,,
1541.HK,宜明昂科-B,-29.7320,-44.2626,-49.6834,98.3606,,,,,,,
1511.HK,驭势科技,-62.5445,-38.1641,-37.1053,,,,,,,,
1502.HK,金融街物业,8.1266,9.1258,10.5616,10.4280,12.4986,14.3593,33.8612,37.7278,,,
1501.HK,瑛泰医疗,11.6081,11.2117,9.8984,9.0603,10.5852,9.6235,12.5426,20.4289,22.6715,,
1497.HK,燕之屋,24.2350,20.6274,32.8770,48.4843,61.4884,,,,,,
1471.HK,众淼控股,8.3858,9.6658,12.2553,13.7492,15.1081,,,,,,
1384.HK,滴普科技,65.6736,,,,,,,,,,
1354.HK,经发物业,22.2057,31.6535,54.0027,45.5142,36.4855,,,,,,
1333.HK,博雷顿,-43.3484,-34.2205,-31.0809,-208.6616,,,,,,,
1318.HK,毛戈平,29.4844,34.8966,49.4085,36.7632,,,,,,,
1304.HK,峰岹科技,5.7407,8.9951,7.5265,10.6109,38.2222,43.5412,62.6245,,,,
1274.HK,知行科技,-46.9996,-28.4536,-21.7976,-633.2498,,,,,,,
1236.HK,乐动机器人,-16.1170,-13.1383,-14.2643,,,,,,,,
1187.HK,可孚医疗,7.6910,6.4306,5.1269,6.0533,14.4308,53.2304,29.8309,33.1680,,,
1021.HK,华沿机器人,-5.8638,3.6680,0.7817,,,,,,,,
0666.HK,瑞浦兰钧,5.6585,-10.7777,-13.3435,-5.5427,-63.5461,-21.5116,,,,,
0664.HK,铜师傅,11.0465,21.3667,14.3239,,,,,,,,
0600.HK,爱芯元智,,,,,,,,,,,
,,,,,,,,,,,,
数据来源：Wind,,,,,,,,,,,,