市场,证券代码,证券简称,一级行业,二级行业,行业全路径,企业所有制性质,资产总计_2024,营业收入_2024,归母净利润_2025,利息支出_2025,资产总计_2025,EBI_A_2025,FirmSize_2024,MarketShare_2024_二级行业,HHI_2024_二级行业,AssetTurnover_2024,WorkingCapitalRatio_2024,FixedAssetsRatio_2024,FinancialLeverage_2024,CurrentRatio_2024,CapexRatio_2024
CSI,000338.SZ,潍柴动力,工业,机械,工业--机械--机械Ⅲ--建筑机械与重型卡车,地方国有企业,"343,879,412,547.54","215,690,504,589.82","10,930,504,451.02","3,628,593,475.52","367,475,596,673.66",0.039619,26.563557,0.255562,0.187309,0.636136,0.086979,0.156461,0.645345,1.193169,0.021402
CSI,000408.SZ,藏格矿业,材料,化工,材料--化工--农用化工--化肥与农用药剂,地方国有企业,"15,083,281,912.76","2,897,361,987.40","3,852,353,240.98","6,312,248.81","17,692,154,203.25",0.218100,23.436853,0.003488,0.213171,0.198620,0.083802,0.174457,0.081966,2.536757,0.009784
CSI,000425.SZ,徐工机械,工业,机械,工业--机械--机械Ⅲ--建筑机械与重型卡车,地方国有企业,"160,969,811,609.42","91,244,589,883.51","6,572,221,644.27","716,429,463.03","172,078,712,755.41",0.042356,25.804483,0.108112,0.187309,0.565044,0.175762,0.164311,0.624391,1.354563,0.018254
CSI,000568.SZ,泸州老窖,日常消费,食品饮料,日常消费--食品饮料--饮料--白酒与葡萄酒,地方国有企业,"68,334,595,564.58","26,442,492,627.15","10,830,713,936.14","-511,995,793.73","64,794,994,851.27",0.159252,24.947682,0.020702,0.097008,0.401773,0.535297,0.145444,0.304774,3.562096,0.017390
CSI,000596.SZ,古井贡酒,日常消费,食品饮料,日常消费--食品饮料--饮料--白酒与葡萄酒,地方国有企业,"40,522,413,702.09","19,837,594,537.00","3,549,108,530.34","-524,281,825.11","38,197,033,001.78",0.079190,24.425121,0.015531,0.097008,0.522432,0.357908,0.220514,0.365936,2.013605,0.059903
CSI,000625.SZ,长安汽车,可选消费,汽车与零配件,可选消费--汽车与零配件--汽车--汽车制造,中央国有企业,"208,168,160,960.86","155,382,562,786.85","4,075,223,181.54","-2,402,254,178.20","202,961,073,175.76",0.008243,26.061612,0.066776,0.204324,0.780152,0.110542,0.112265,0.620112,1.202997,0.023385
CSI,000630.SZ,铜陵有色,材料,有色金属,材料--有色金属--其他金属与采矿--铜,地方国有企业,"80,944,491,696.95","144,288,984,039.68","2,415,007,111.01","245,854,206.40","100,206,269,994.18",0.026554,25.117029,0.080600,0.157470,1.812794,0.223788,0.367705,0.477954,1.762476,0.053808
CSI,000661.SZ,长春高新,医疗保健,医药生物,医疗保健--医药生物--生物科技Ⅲ--生物科技Ⅳ,地方国有企业,"31,051,118,000.00","13,465,627,000.00","154,971,452.80","-3,597,720.10","30,080,522,676.54",0.005032,24.158901,0.022221,0.230555,0.435818,0.413877,0.296122,0.159372,4.758913,0.070244
CSI,000708.SZ,中信特钢,材料,钢铁Ⅱ,材料--钢铁Ⅱ--钢铁Ⅲ--钢铁Ⅳ,中央国有企业,"111,043,379,345.44","108,584,472,829.11","5,928,668,055.97","709,860,550.13","110,322,568,610.71",0.060174,25.433187,0.218923,0.484294,0.954379,0.047169,0.470685,0.605304,1.124346,0.004975
CSI,000725.SZ,京东方A,信息技术,硬件设备,信息技术--硬件设备--电子设备、仪器和元件--电子元件,地方国有企业,"429,978,221,541.00","197,084,458,765.00","5,856,966,754.00","1,836,646,802.00","436,378,322,803.00",0.017631,26.787000,0.087283,0.114376,0.464184,0.065413,0.546687,0.524287,1.244021,0.079162
CSI,000768.SZ,中航西飞,工业,国防军工,工业--国防军工--航空航天与国防Ⅲ--航空航天,中央国有企业,"73,810,707,203.02","42,911,305,241.37","1,151,240,411.01","-92,184,233.18","77,846,648,435.60",0.013604,25.024770,0.267949,0.253215,0.554655,0.037270,0.126676,0.715160,1.050416,0.019016
CSI,000786.SZ,北新建材,材料,建材Ⅱ,材料--建材Ⅱ--建材Ⅲ--建材Ⅳ,中央国有企业,"35,139,481,982.58","25,542,917,278.20","2,906,380,291.66","28,292,119.13","36,088,073,943.54",0.081320,24.282591,0.193215,0.525443,0.776379,0.126703,0.443899,0.239609,1.573315,0.033980
CSI,000792.SZ,盐湖股份,材料,化工,材料--化工--农用化工--化肥与农用药剂,中央国有企业,"45,782,850,934.85","13,864,752,915.08","8,475,535,262.69","-211,737,505.69","55,781,587,198.78",0.148146,24.547175,0.016693,0.213171,0.300786,0.523648,0.229043,0.135178,7.330134,0.026687
CSI,000807.SZ,云铝股份,材料,有色金属,材料--有色金属--其他金属与采矿--铝,中央国有企业,"41,901,504,028.87","54,065,568,928.26","6,054,686,552.59","-29,118,803.10","44,175,520,008.47",0.136401,24.458588,0.030201,0.157470,1.331480,0.174647,0.533549,0.232785,2.028670,0.015705
CSI,000858.SZ,五粮液,日常消费,食品饮料,日常消费--食品饮料--饮料--白酒与葡萄酒,地方国有企业,"188,252,218,704.17","76,134,264,352.42","8,954,257,202.51","-2,661,630,589.09","189,984,270,815.47",0.033122,25.961048,0.059607,0.097008,0.430520,0.609591,0.069360,0.275468,3.248964,0.014164
CSI,000975.SZ,山金国际,材料,有色金属,材料--有色金属--贵金属--黄金,地方国有企业,"18,189,090,000.00","13,580,429,000.00","2,983,616,000.00","57,075,000.00","20,625,469,000.00",0.147424,23.624088,0.007586,0.157470,0.787544,0.201765,0.189844,0.185674,2.979621,0.037812
CSI,000977.SZ,浪潮信息,信息技术,硬件设备,信息技术--硬件设备--电脑与外围设备--电脑硬件、储存设备及电脑周边,地方国有企业,"71,191,039,667.42","114,624,056,940.16","2,412,866,308.76","2,667,767.42","83,793,847,851.87",0.028827,24.988633,0.050763,0.114376,1.921439,0.310051,0.040490,0.714421,1.495676,0.003481
CSI,000983.SZ,山西焦煤,能源,煤炭Ⅱ,能源--煤炭Ⅱ--煤炭Ⅲ--煤炭与消费用燃料,地方国有企业,"109,949,187,629.70","42,525,465,142.83","1,200,774,988.79","837,775,063.92","108,847,567,597.08",0.018728,25.423284,0.049378,0.263097,0.417832,-0.053984,0.346475,0.573686,0.768558,0.241579
CSI,000999.SZ,华润三九,医疗保健,医药生物,医疗保健--医药生物--制药--中药,中央国有企业,"40,081,972,320.77","27,321,827,015.00","3,421,001,213.82","34,997,438.73","58,804,678,665.86",0.058771,24.414193,0.045087,0.230555,0.681084,0.206336,0.160639,0.369883,1.607876,0.019711
CSI,001391.SZ,国货航,工业,交通运输,工业--交通运输--航空运输--航空货运与物流,中央国有企业,"27,618,399,131.00","20,509,734,739.00","2,584,694,178.00","-34,187,709.00","29,952,962,908.00",0.085150,24.041748,0.014765,0.116886,0.813211,0.233523,0.611545,0.108932,3.211667,0.198638
CSI,001965.SZ,招商公路,工业,交通运输,工业--交通运输--交通基础设施--公路与铁路,中央国有企业,"159,169,493,582.77","12,631,321,670.11","4,610,171,908.56","1,459,611,131.01","162,418,433,553.48",0.037371,25.793235,0.009094,0.116886,0.079781,-0.007712,0.017504,0.442218,0.924368,0.007846
CSI,001979.SZ,招商蛇口,房地产,房地产Ⅱ,房地产--房地产Ⅱ--房地产管理和开发--房地产开发,中央国有企业,"860,308,816,014.37","172,017,448,288.99","1,023,784,320.62","2,509,145,230.18","835,411,599,109.07",0.004229,27.480557,0.208506,0.353891,0.194500,0.264855,0.014261,0.666696,1.589833,0.006629
CSI,002179.SZ,中航光电,信息技术,硬件设备,信息技术--硬件设备--电子设备、仪器和元件--电子元件,中央国有企业,"41,246,813,453.82","20,549,650,482.12","2,161,521,950.25","-37,031,845.91","42,527,397,016.91",0.049956,24.442840,0.009101,0.114376,0.535031,0.395830,0.203244,0.387763,2.109420,0.037404
CSI,002304.SZ,洋河股份,日常消费,食品饮料,日常消费--食品饮料--饮料--白酒与葡萄酒,地方国有企业,"67,345,265,219.62","24,050,210,040.92","2,206,058,926.68","-284,050,446.25","58,595,944,446.80",0.032801,24.933098,0.018830,0.097008,0.350746,0.520695,0.111132,0.232418,3.298148,0.021591
CSI,002371.SZ,北方华创,信息技术,半导体,信息技术--半导体--半导体材料与设备--半导体材料与设备Ⅳ,地方国有企业,"65,708,880,828.22","29,660,450,110.54","5,521,993,004.86","228,775,158.40","89,800,578,023.69",0.064039,24.908500,0.167941,0.111057,0.497102,0.345901,0.097356,0.509576,1.967920,0.031140
CSI,002415.SZ,海康威视,信息技术,硬件设备,信息技术--硬件设备--电子设备、仪器和元件--电子设备和仪器,中央国有企业,"132,016,200,156.14","91,803,239,190.94","14,195,371,894.42","-525,631,319.14","138,049,655,334.62",0.099020,25.606190,0.040657,0.114376,0.677854,0.491118,0.149703,0.337200,2.722287,0.035342
CSI,002916.SZ,深南电路,信息技术,硬件设备,信息技术--硬件设备--电子设备、仪器和元件--电子元件,中央国有企业,"25,302,247,864.46","17,777,434,442.10","3,275,738,151.27","48,731,905.76","30,582,928,717.03",0.108703,23.954159,0.007873,0.114376,0.742132,0.132985,0.524988,0.421162,1.449279,0.099851
CSI,003816.SZ,中国广核,公用事业,公用事业Ⅱ,公用事业--公用事业Ⅱ--电力--独立电力生产商与能源贸易商,中央国有企业,"425,400,654,520.48","86,804,414,918.11","9,765,358,959.88","4,801,744,225.58","505,656,118,063.91",0.028808,26.776297,0.075761,0.118327,0.206517,-0.018778,0.721087,0.594932,0.904312,0.046230
CSI,300413.SZ,芒果超媒,通讯服务,传媒,通讯服务--传媒--娱乐--电影和娱乐,地方国有企业,"32,530,165,142.43","14,007,479,966.69","1,227,146,306.33","-8,478,642.08","33,171,867,484.43",0.036738,24.205434,0.421076,0.338999,0.438059,0.248058,0.004037,0.307417,1.823166,0.005059
CSI,301269.SZ,华大九天,信息技术,软件服务,信息技术--软件服务--软件--应用软件,中央国有企业,"5,628,841,870.04","1,205,608,571.81","60,983,525.27","-42,752,826.30","6,327,842,567.91",0.002881,22.451170,0.011267,0.169431,0.215974,0.534887,0.095337,0.110967,7.747215,0.014054
CSI,302132.SZ,中航成飞,工业,国防军工,工业--国防军工--航空航天与国防Ⅲ--航空航天,中央国有企业,"4,240,904,107.27","1,754,336,347.71","3,432,289,851.96","5,548,186.19","114,547,703,019.42",0.030012,22.168042,0.010955,0.253215,0.427063,0.310679,0.281781,0.400591,2.116237,0.032194
CSI,600009.SH,上海机场,工业,交通运输,工业--交通运输--交通基础设施--机场服务,地方国有企业,"70,046,212,107.27","12,090,365,969.41","2,116,775,136.25","419,999,345.80","71,678,547,661.74",0.035391,24.972421,0.008704,0.116886,0.173305,0.148691,0.359696,0.378552,2.103956,0.027949
CSI,600010.SH,包钢股份,材料,钢铁Ⅱ,材料--钢铁Ⅱ--钢铁Ⅲ--钢铁Ⅳ,地方国有企业,"155,125,400,366.74","66,607,207,925.88","373,622,495.09","1,844,903,595.26","151,673,460,592.94",0.014627,25.767500,0.134290,0.484294,0.434063,-0.192026,0.428071,0.604798,0.579791,0.011855
CSI,600011.SH,华能国际,公用事业,公用事业Ⅱ,公用事业--公用事业Ⅱ--电力--电力公用事业,中央国有企业,"595,576,880,000.00","245,550,923,000.00","14,536,770,000.00","7,075,104,000.00","619,678,043,000.00",0.034876,27.112796,0.214312,0.118327,0.428576,-0.138418,0.676548,0.646428,0.538775,0.103737
CSI,600018.SH,上港集团,工业,交通运输,工业--交通运输--交通基础设施--海港与服务,地方国有企业,"212,055,541,073.03","37,169,775,364.99","13,564,589,175.03","630,411,404.37","221,735,642,992.73",0.064018,26.080114,0.026759,0.116886,0.178859,0.121080,0.214478,0.304858,2.113032,0.029471
CSI,600019.SH,宝钢股份,材料,钢铁Ⅱ,材料--钢铁Ⅱ--钢铁Ⅲ--钢铁Ⅳ,中央国有企业,"364,873,528,314.28","320,802,654,276.99","10,345,621,735.27","982,227,625.30","363,020,038,344.87",0.031204,26.622817,0.646787,0.484294,0.865952,0.062198,0.440586,0.396602,1.204451,0.052995
CSI,600023.SH,浙能电力,公用事业,公用事业Ⅱ,公用事业--公用事业Ⅱ--电力--电力公用事业,地方国有企业,"154,085,417,032.43","87,504,754,091.82","7,528,041,660.90","964,494,281.96","156,337,713,781.70",0.054322,25.760773,0.076372,0.118327,0.580798,0.020493,0.379917,0.436542,1.089867,0.062822
CSI,600025.SH,华能水电,公用事业,公用事业Ⅱ,公用事业--公用事业Ⅱ--电力--新能源发电业者,中央国有企业,"214,607,123,371.44","24,399,080,340.39","8,504,138,221.82","2,625,266,463.59","226,717,001,711.92",0.049089,26.092075,0.021295,0.118327,0.119065,-0.171030,0.897786,0.631100,0.141749,0.094970
CSI,600026.SH,中远海能,工业,交通运输,工业--交通运输--海上运输Ⅲ--海上运输Ⅳ,中央国有企业,"81,042,317,000.00","23,133,486,000.00","4,037,075,000.00","1,336,121,000.00","92,078,580,000.00",0.058354,25.118237,0.016654,0.116886,0.302150,-0.008449,0.672639,0.518953,0.933002,0.097176
CSI,600027.SH,华电国际,公用事业,公用事业Ⅱ,公用事业--公用事业Ⅱ--电力--电力公用事业,中央国有企业,"227,138,590,000.00","112,391,667,000.00","6,070,315,000.00","3,149,957,000.00","264,230,768,000.00",0.034895,26.148826,0.098093,0.118327,0.495538,-0.158672,0.612499,0.610296,0.446625,0.039921
CSI,600028.SH,中国石化,能源,石油石化,能源--石油石化--石油天然气--综合性石油天然气,中央国有企业,"2,081,440,000,000.00","3,015,321,000,000.00","32,476,000,000.00","19,247,000,000.00","2,153,485,000,000.00",0.024018,28.364081,0.453969,0.406814,1.468690,-0.071451,0.444803,0.532945,0.779094,0.066880
CSI,600029.SH,南方航空,工业,交通运输,工业--交通运输--航空客运Ⅲ--航空客运Ⅳ,中央国有企业,"329,979,000,000.00","165,145,000,000.00","855,000,000.00","5,553,000,000.00","350,053,000,000.00",0.018306,26.522295,0.118891,0.116886,0.516421,-0.304986,0.411478,0.839881,0.272850,0.049085
CSI,600039.SH,四川路桥,工业,建筑,工业--建筑--建筑与工程Ⅲ--建筑与工程Ⅳ,地方国有企业,"239,773,354,769.84","106,847,812,758.50","7,296,866,124.06","2,249,190,329.58","267,673,535,809.41",0.035663,26.202960,0.015081,0.174423,0.444562,0.109226,0.016385,0.788718,1.199839,0.031514
CSI,600048.SH,保利发展,房地产,房地产Ⅱ,房地产--房地产Ⅱ--房地产管理和开发--房地产开发,中央国有企业,"1,335,108,015,599.69","305,762,653,067.04","1,034,698,076.02","3,911,853,774.36","1,188,292,419,390.15",0.004163,27.920033,0.370621,0.353891,0.220606,0.332909,0.004635,0.743444,1.615099,0.000134
CSI,600050.SH,中国联通,通讯服务,电信服务,通讯服务--电信服务--多元电信服务--综合电信业务,中央国有企业,"672,836,701,609.00","387,881,992,885.00","9,126,662,570.00","-584,217,448.00","671,056,308,815.00",0.012730,27.234768,0.214383,0.373264,0.580800,-0.159284,0.521086,0.451890,0.597066,0.112571
CSI,600085.SH,同仁堂,医疗保健,医药生物,医疗保健--医药生物--制药--中药,地方国有企业,"31,197,524,019.77","18,442,344,698.50","1,189,374,356.88","-61,856,885.45","30,621,119,491.71",0.036822,24.163605,0.030434,0.230555,0.601836,0.516001,0.132703,0.330043,3.118780,0.016654
CSI,600104.SH,上汽集团,可选消费,汽车与零配件,可选消费--汽车与零配件--汽车--汽车制造,地方国有企业,"957,143,417,731.69","609,143,401,910.14","10,105,800,270.34","-265,824,180.92","960,207,461,450.69",0.010248,27.587219,0.261780,0.204324,0.620374,0.094252,0.100007,0.637740,1.176221,0.021734
CSI,600111.SH,北方稀土,材料,有色金属,材料--有色金属--其他金属与采矿--金属非金属,地方国有企业,"45,380,919,517.66","32,827,446,949.10","2,251,272,073.68","195,668,514.09","48,127,817,177.89",0.050843,24.538358,0.018338,0.157470,0.764517,0.457977,0.200181,0.379574,2.910177,0.037205
CSI,600115.SH,中国东航,工业,交通运输,工业--交通运输--航空客运Ⅲ--航空客运Ⅳ,中央国有企业,"278,842,000,000.00","132,120,000,000.00","-1,633,000,000.00","4,185,000,000.00","294,006,000,000.00",0.008680,26.353911,0.095116,0.116886,0.468864,-0.340336,0.370568,0.843456,0.167566,0.058596
CSI,600150.SH,中国船舶,工业,机械,工业--机械--机械Ⅲ--建筑机械与重型卡车,中央国有企业,"181,976,769,308.99","78,352,936,029.50","7,848,378,198.33","-2,334,822,741.29","420,489,480,242.16",0.013112,25.927145,0.092837,0.187309,0.435525,0.148662,0.119424,0.696300,1.243995,0.009025
CSI,600160.SH,巨化股份,材料,化工,材料--化工--基础化工--商品化工,地方国有企业,"27,913,610,331.15","24,364,532,831.11","3,783,228,877.44","110,248,162.07","38,208,012,673.28",0.101902,24.052380,0.029335,0.213171,0.949932,0.106280,0.516944,0.312525,1.595459,0.069399
CSI,600161.SH,天坛生物,医疗保健,医药生物,医疗保健--医药生物--生物科技Ⅲ--生物科技Ⅳ,中央国有企业,"15,869,522,217.56","5,970,911,640.10","1,090,837,981.20","-2,060,925.16","16,583,015,601.51",0.065656,23.487666,0.009853,0.230555,0.397298,0.416015,0.364590,0.084207,6.892785,0.067262
CSI,600176.SH,中国巨石,材料,建材Ⅱ,材料--建材Ⅱ--建材Ⅲ--建材Ⅳ,中央国有企业,"53,378,083,328.82","15,627,215,586.77","3,285,461,018.68","315,762,318.79","54,627,103,828.07",0.065924,24.700666,0.118209,0.525443,0.296385,-0.027947,0.669764,0.410842,0.899525,0.024410
CSI,600188.SH,兖矿能源,能源,煤炭Ⅱ,能源--煤炭Ⅱ--煤炭Ⅲ--煤炭与消费用燃料,地方国有企业,"356,350,370,000.00","124,534,194,000.00","8,524,664,000.00","4,095,650,000.00","451,972,364,000.00",0.027923,26.599180,0.144603,0.263097,0.323185,-0.054503,0.375712,0.629619,0.834785,0.052579
CSI,600309.SH,万华化学,材料,化工,材料--化工--基础化工--商品化工,地方国有企业,"293,333,349,744.25","180,985,366,595.19","12,527,201,094.15","2,079,996,797.01","323,009,018,441.98",0.045222,26.404576,0.217908,0.213171,0.662497,-0.191224,0.620410,0.647159,0.555115,0.122148
CSI,600362.SH,江西铜业,材料,有色金属,材料--有色金属--其他金属与采矿--铜,地方国有企业,"193,127,836,000.00","519,248,233,000.00","7,372,829,000.00","2,475,070,000.00","218,691,169,000.00",0.045031,25.986618,0.290054,0.157470,2.874502,0.149061,0.191980,0.545368,1.333937,0.034125
CSI,600372.SH,中航机载,工业,国防军工,工业--国防军工--航空航天与国防Ⅲ--航空航天,中央国有企业,"78,120,456,108.96","23,658,530,382.32","1,067,323,487.88","203,724,505.25","83,259,234,737.86",0.015266,25.081518,0.147730,0.253215,0.312028,0.312238,0.166134,0.498049,1.694911,0.025577
CSI,600377.SH,宁沪高速,工业,交通运输,工业--交通运输--交通基础设施--公路与铁路,地方国有企业,"89,886,075,247.13","23,198,204,414.58","4,593,870,605.31","838,994,863.39","96,388,991,421.56",0.056364,25.221809,0.016701,0.116886,0.275272,-0.086697,0.082371,0.446700,0.518561,0.120178
CSI,600406.SH,国电南瑞,工业,电气设备,工业--电气设备--电气设备Ⅲ--电气部件与设备,中央国有企业,"92,705,313,123.25","56,982,369,568.40","8,278,971,723.32","-169,421,300.09","98,585,657,661.02",0.082259,25.252692,0.042088,0.107313,0.637413,0.388622,0.100528,0.431145,1.917368,0.019759
CSI,600415.SH,小商品城,工业,企业服务,工业--企业服务--商业服务与用品--综合支持服务,地方国有企业,"39,168,461,000.00","15,474,884,000.00","4,203,547,000.00","79,493,000.00","44,405,436,000.00",0.096453,24.391138,1.000000,1.000000,0.410543,-0.200038,0.189302,0.474770,0.554038,0.038303
CSI,600426.SH,华鲁恒升,材料,化工,材料--化工--农用化工--化肥与农用药剂,地方国有企业,"46,657,911,907.48","34,024,585,988.67","3,315,494,470.04","262,996,143.83","49,177,377,189.73",0.072767,24.566108,0.040966,0.213171,0.750189,0.039628,0.747737,0.296416,1.334617,0.108893
CSI,600436.SH,片仔癀,医疗保健,医药生物,医疗保健--医药生物--制药--中药,地方国有企业,"17,539,661,657.50","10,718,491,968.26","2,158,633,048.42","20,226,793.20","17,560,037,344.69",0.124081,23.587731,0.017688,0.230555,0.619207,0.510557,0.074950,0.153990,4.772412,0.060907
CSI,600482.SH,中国动力,工业,机械,工业--机械--机械Ⅲ--建筑机械与重型卡车,中央国有企业,"108,947,127,910.61","51,131,269,137.69","1,300,885,777.44","-385,069,662.69","116,795,591,158.73",0.007841,25.414129,0.060583,0.187309,0.491489,0.334770,0.156553,0.532312,1.790372,0.009973
CSI,600489.SH,中金黄金,材料,有色金属,材料--有色金属--贵金属--黄金,中央国有企业,"55,638,663,702.80","64,467,340,265.61","4,933,582,739.46","300,387,884.18","62,550,961,213.58",0.083675,24.742144,0.036012,0.157470,1.190325,0.137993,0.305226,0.414573,1.509469,0.043272
CSI,600515.SH,海南机场,房地产,房地产Ⅱ,房地产--房地产Ⅱ--房地产管理和开发--房地产开发,地方国有企业,"53,691,111,395.90","4,043,826,144.61","218,564,398.53","479,944,246.33","59,718,688,955.05",0.011697,24.706513,0.004902,0.353891,0.073869,0.191783,0.205811,0.521749,1.962012,0.010830
CSI,600519.SH,贵州茅台,日常消费,食品饮料,日常消费--食品饮料--饮料--白酒与葡萄酒,地方国有企业,"298,944,579,918.70","143,972,990,801.35","82,320,067,101.68","-815,240,284.72","303,834,844,021.44",0.268254,26.423524,0.112720,0.097008,0.503715,0.653000,0.080353,0.190448,4.454079,0.015651
CSI,600547.SH,山东黄金,材料,有色金属,材料--有色金属--贵金属--黄金,地方国有企业,"161,010,475,000.00","82,517,994,000.00","4,739,393,120.72","1,930,825,091.04","170,374,158,329.33",0.039150,25.804735,0.046095,0.157470,0.557499,-0.209441,0.382655,0.636317,0.459784,0.173847
CSI,600584.SH,长电科技,信息技术,半导体,信息技术--半导体--半导体产品--集成电路,中央国有企业,"54,059,828,326.10","35,883,263,309.75","1,565,238,036.45","364,966,704.33","55,516,503,601.44",0.034768,24.713357,0.203175,0.111057,0.742623,0.127708,0.453394,0.453519,1.451593,0.084921
CSI,600585.SH,海螺水泥,材料,建材Ⅱ,材料--建材Ⅱ--建材Ⅲ--建材Ⅳ,地方国有企业,"254,635,244,000.00","91,029,615,000.00","8,464,457,000.00","650,683,000.00","256,000,730,000.00",0.035606,26.263098,0.688576,0.525443,0.363519,0.254756,0.389179,0.213240,3.245249,0.044433
CSI,600600.SH,青岛啤酒,日常消费,食品饮料,日常消费--食品饮料--饮料--啤酒,地方国有企业,"51,420,385,832.00","32,137,830,111.00","4,588,101,137.00","11,645,392.00","52,131,585,698.00",0.088233,24.663301,0.025162,0.097008,0.638438,0.149096,0.242093,0.419305,1.437532,0.041638
CSI,600674.SH,川投能源,公用事业,公用事业Ⅱ,公用事业--公用事业Ⅱ--电力--电力公用事业,地方国有企业,"65,049,216,986.43","1,562,906,663.82","4,754,148,319.50","466,574,820.23","70,280,844,646.92",0.074284,24.898410,0.001364,0.118327,0.024926,-0.030629,0.163193,0.325335,0.646079,0.014149
CSI,600741.SH,华域汽车,可选消费,汽车与零配件,可选消费--汽车与零配件--汽车零配件--汽车零配件与设备,地方国有企业,"185,005,958,123.93","168,274,099,989.43","7,207,268,139.61","300,363,531.54","199,186,450,932.39",0.037691,25.943654,0.072316,0.204324,0.932002,0.047394,0.137750,0.642604,1.080251,0.024096
CSI,600760.SH,中航沈飞,工业,国防军工,工业--国防军工--航空航天与国防Ⅲ--航空航天,中央国有企业,"61,589,834,322.62","42,667,992,050.90","3,517,760,109.76","-51,895,460.66","77,486,151,790.18",0.044729,24.843763,0.266430,0.253215,0.729017,0.191021,0.119894,0.690682,1.307530,0.049573
CSI,600795.SH,国电电力,公用事业,公用事业Ⅱ,公用事业--公用事业Ⅱ--电力--电力公用事业,中央国有企业,"493,936,293,815.87","177,309,836,825.81","7,161,419,062.53","5,887,937,095.54","520,151,776,851.06",0.025088,26.925672,0.154752,0.118327,0.372564,-0.127761,0.776514,0.734045,0.498768,0.117618
CSI,600809.SH,山西汾酒,日常消费,食品饮料,日常消费--食品饮料--饮料--白酒与葡萄酒,地方国有企业,"53,495,197,888.51","30,078,100,042.08","12,246,329,337.25","-20,025,507.86","56,323,475,330.54",0.217073,24.702858,0.023549,0.097008,0.616411,0.487344,0.091190,0.341913,2.451332,0.011920
CSI,600845.SH,宝信软件,信息技术,软件服务,信息技术--软件服务--软件--应用软件,中央国有企业,"21,636,685,902.19","13,589,303,000.04","1,305,010,991.72","-17,114,725.47","22,314,945,033.04",0.057715,23.797656,0.127000,0.169431,0.624517,0.381346,0.108447,0.432194,1.981772,0.020184
CSI,600875.SH,东方电气,工业,电气设备,工业--电气设备--电气设备Ⅲ--重型电气设备,中央国有企业,"142,009,284,851.87","68,592,735,741.35","3,831,301,222.13","85,345,766.36","162,674,195,217.33",0.024077,25.679158,0.050664,0.107313,0.521385,0.034271,0.048634,0.696201,1.054737,0.021119
CSI,600886.SH,国投电力,公用事业,公用事业Ⅱ,公用事业--公用事业Ⅱ--电力--电力公用事业,中央国有企业,"296,536,685,805.74","56,750,798,529.77","7,393,381,322.00","2,687,092,580.25","313,579,818,706.81",0.032146,26.415437,0.049531,0.118327,0.197773,-0.090115,0.767208,0.632175,0.527581,0.073402
CSI,600893.SH,航发动力,工业,国防军工,工业--国防军工--航空航天与国防Ⅲ--航空航天,中央国有企业,"115,913,298,911.68","47,614,256,147.29","634,328,156.80","627,400,791.46","123,071,590,336.09",0.010252,25.476108,0.297316,0.253215,0.441468,0.114637,0.213589,0.607384,1.188188,0.025182
CSI,600900.SH,长江电力,公用事业,公用事业Ⅱ,公用事业--公用事业Ⅱ--电力--电力公用事业,中央国有企业,"566,071,979,792.34","82,523,857,422.24","34,502,809,176.39","9,371,372,984.05","559,208,340,046.84",0.078458,27.061987,0.072025,0.118327,0.145031,-0.251498,0.776353,0.607902,0.107736,0.025474
CSI,600905.SH,三峡能源,公用事业,公用事业Ⅱ,公用事业--公用事业Ⅱ--电力--电力公用事业,中央国有企业,"356,871,426,700.32","29,479,481,550.66","3,714,396,619.20","4,144,510,564.47","387,155,529,975.30",0.020299,26.600641,0.025729,0.118327,0.088185,-0.023704,0.690148,0.709569,0.866542,0.086512
CSI,600930.SH,华电新能,公用事业,公用事业Ⅱ,公用事业--公用事业Ⅱ--电力--电力公用事业,中央国有企业,"444,090,216,404.00","33,577,507,557.00","7,262,870,120.00","6,057,531,034.00","518,120,395,445.00",0.025709,26.819294,0.029306,0.118327,0.086012,-0.092824,0.653688,0.730639,0.610585,0.161200
CSI,600938.SH,中国海油,能源,石油石化,能源--石油石化--石油天然气--石油天然气勘探与生产,中央国有企业,"1,056,281,000,000.00","410,757,000,000.00","122,082,000,000.00","2,666,000,000.00","1,098,559,000,000.00",0.113556,27.685775,0.061841,0.406814,0.398430,0.137969,0.598714,0.290496,2.225943,0.116786
CSI,600941.SH,中国移动,通讯服务,电信服务,通讯服务--电信服务--多元电信服务--综合电信业务,中央国有企业,"2,108,127,000,000.00","889,468,000,000.00","137,095,000,000.00","3,183,000,000.00","2,128,182,000,000.00",0.065914,28.376821,0.491611,0.373264,0.433804,-0.030576,0.374154,0.337545,0.898172,0.073989
CSI,601006.SH,大秦铁路,工业,交通运输,工业--交通运输--铁路公路运输--铁路运输,中央国有企业,"207,017,831,253.00","74,365,870,601.00","5,900,148,479.00","-296,022,107.00","211,817,901,515.00",0.026457,26.056071,0.053537,0.116886,0.358657,0.289553,0.436047,0.178965,4.920361,0.021893
CSI,601018.SH,宁波港,工业,交通运输,工业--交通运输--交通基础设施--海港与服务,地方国有企业,"112,898,984,000.00","28,424,405,000.00","5,168,472,000.00","105,974,000.00","123,425,080,000.00",0.042734,25.449759,0.020463,0.116886,0.252389,-0.018075,0.559628,0.242247,0.883191,0.046109
CSI,601088.SH,中国神华,能源,煤炭Ⅱ,能源--煤炭Ⅱ--煤炭Ⅲ--煤炭与消费用燃料,中央国有企业,"661,436,000,000.00","338,375,000,000.00","54,218,000,000.00","2,385,000,000.00","631,777,000,000.00",0.089593,27.217679,0.392903,0.263097,0.522648,0.170092,0.483933,0.233002,2.214694,0.055987
CSI,601111.SH,中国国航,工业,交通运输,工业--交通运输--航空客运Ⅲ--航空客运Ⅳ,中央国有企业,"345,750,173,000.00","166,698,880,000.00","-1,787,943,000.00","5,553,051,000.00","343,010,455,000.00",0.010977,26.568982,0.120010,0.116886,0.489550,-0.280326,0.353379,0.881631,0.295670,0.026481
CSI,601117.SH,中国化学,工业,建筑,工业--建筑--建筑与工程Ⅲ--建筑与工程Ⅳ,中央国有企业,"233,421,377,309.40","185,267,614,367.03","6,436,145,919.35","229,081,690.59","247,353,213,805.61",0.026946,26.176111,0.026149,0.174423,0.818796,0.083850,0.099532,0.704835,1.125799,0.012938
CSI,601186.SH,中国铁建,工业,建筑,工业--建筑--建筑与工程Ⅲ--建筑与工程Ⅳ,中央国有企业,"1,862,842,522,000.00","1,067,171,337,000.00","18,362,618,000.00","13,072,638,000.00","2,083,825,209,000.00",0.015085,28.253125,0.150621,0.174423,0.605339,0.016760,0.042860,0.773144,1.028057,0.020371
CSI,601225.SH,陕西煤业,能源,煤炭Ⅱ,能源--煤炭Ⅱ--煤炭Ⅲ--煤炭与消费用燃料,地方国有企业,"228,552,861,117.95","173,874,813,332.95","16,764,763,168.36","170,032,743.71","236,269,289,914.48",0.071676,26.155033,0.201894,0.263097,0.823164,-0.024704,0.483405,0.437124,0.902357,0.060788
CSI,601238.SH,广汽集团,可选消费,汽车与零配件,可选消费--汽车与零配件--汽车--汽车制造,地方国有企业,"232,512,366,000.00","107,783,807,000.00","-8,783,621,000.00","638,948,000.00","214,997,433,000.00",-0.037883,26.172209,0.046320,0.204324,0.478018,0.087342,0.122127,0.476025,1.223710,0.046704
CSI,601298.SH,青岛港,工业,交通运输,工业--交通运输--交通基础设施--海港与服务,地方国有企业,"62,749,753,460.00","18,940,998,482.00","5,271,506,093.00","131,117,644.00","66,578,767,145.00",0.081146,24.862420,0.013636,0.116886,0.307995,0.131168,0.411668,0.254306,1.979535,0.033242
CSI,601390.SH,中国中铁,工业,建筑,工业--建筑--建筑与工程Ⅲ--建筑与工程Ⅳ,中央国有企业,"2,256,266,000,000.00","1,160,311,000,000.00","22,892,000,000.00","12,796,000,000.00","2,470,432,000,000.00",0.014446,28.444732,0.163766,0.174423,0.568006,-0.005365,0.064425,0.773966,0.990516,0.025456
CSI,601600.SH,中国铝业,材料,有色金属,材料--有色金属--其他金属与采矿--铝,中央国有企业,"215,895,530,000.00","237,065,629,000.00","12,673,918,000.00","2,341,729,000.00","227,021,733,000.00",0.066142,26.098060,0.132426,0.157470,1.108686,0.059533,0.492976,0.481042,1.278215,0.047985
CSI,601607.SH,上海医药,医疗保健,医药生物,医疗保健--医药生物--制药--西药,地方国有企业,"221,209,430,148.17","275,250,934,889.66","5,724,557,508.41","1,685,890,506.64","233,148,766,767.21",0.031784,26.122376,0.454225,0.230555,1.270833,0.206975,0.077120,0.621434,1.363260,0.010853
CSI,601618.SH,中国中冶,工业,建筑,工业--建筑--建筑与工程Ⅲ--建筑与工程Ⅳ,中央国有企业,"808,015,755,000.00","552,024,638,000.00","1,321,768,000.00","3,654,143,000.00","839,488,682,000.00",0.005927,27.417847,0.077913,0.174423,0.751249,0.032347,0.040738,0.774341,1.045565,0.008493
CSI,601668.SH,中国建筑,工业,建筑,工业--建筑--建筑与工程Ⅲ--建筑与工程Ⅳ,中央国有企业,"3,189,262,063,000.00","2,177,372,513,000.00","39,069,002,000.00","17,641,773,000.00","3,560,679,818,000.00",0.015927,28.790811,0.307315,0.174423,0.714762,0.162218,0.018002,0.758107,1.293695,0.006210
CSI,601669.SH,中国电建,工业,建筑,工业--建筑--建筑与工程Ⅲ--建筑与工程Ⅳ,中央国有企业,"1,289,001,336,534.82","631,204,952,397.84","10,007,143,581.45","11,795,542,225.98","1,380,267,054,189.34",0.015796,27.884889,0.089088,0.174423,0.516793,-0.055059,0.170322,0.789312,0.882455,0.045842
CSI,601698.SH,中国卫通,通讯服务,电信服务,通讯服务--电信服务--多元电信服务--非传统电信运营商,中央国有企业,"22,412,943,899.49","2,526,612,263.99","441,236,300.09","-162,717,818.39","22,406,144,635.90",0.012430,23.832904,0.001396,0.373264,0.112123,0.325021,0.483047,0.105243,5.843483,0.063943
CSI,601728.SH,中国电信,通讯服务,电信服务,通讯服务--电信服务--多元电信服务--综合电信业务,中央国有企业,"866,625,000,000.00","529,417,000,000.00","33,185,000,000.00","2,054,000,000.00","870,644,000,000.00",0.040475,27.487872,0.292610,0.373264,0.621951,-0.158375,0.560658,0.473184,0.578175,0.103768
CSI,601766.SH,中国中车,工业,机械,工业--机械--机械Ⅲ--建筑机械与重型卡车,中央国有企业,"512,823,630,000.00","246,456,804,000.00","13,181,015,000.00","1,092,976,000.00","550,774,434,000.00",0.025916,26.963198,0.292016,0.187309,0.500615,0.131796,0.135321,0.590123,1.242508,0.019860
CSI,601800.SH,中国交建,工业,建筑,工业--建筑--建筑与工程Ⅲ--建筑与工程Ⅳ,中央国有企业,"1,858,272,000,000.00","768,243,000,000.00","14,995,000,000.00","20,673,000,000.00","2,019,132,000,000.00",0.017665,28.250668,0.108430,0.174423,0.433725,-0.042988,0.043066,0.748253,0.908054,0.014673
CSI,601808.SH,中海油服,能源,石油石化,能源--石油石化--能源设备与服务--石油天然气钻井,中央国有企业,"82,947,663,000.00","48,218,097,000.00","3,841,741,000.00","636,403,000.00","84,462,835,000.00",0.053019,25.141476,0.007259,0.406814,0.580265,-0.011293,0.608334,0.464427,0.968357,0.072709
CSI,601816.SH,京沪高铁,工业,交通运输,工业--交通运输--铁路公路运输--铁路运输,中央国有企业,"284,662,650,232.54","41,928,692,392.36","13,171,912,357.24","1,408,303,112.44","287,938,421,202.66",0.050637,26.374571,0.030185,0.116886,0.145363,0.013490,0.753939,0.208718,1.470092,0.004145
CSI,601857.SH,中国石油,能源,石油石化,能源--石油石化--石油天然气--综合性石油天然气,中央国有企业,"2,752,751,000,000.00","2,937,981,000,000.00","157,318,000,000.00","17,567,000,000.00","2,827,777,000,000.00",0.061845,28.643622,0.442325,0.406814,1.067348,-0.016882,0.570633,0.378940,0.927080,0.109945
CSI,601868.SH,中国能建,工业,建筑,工业--建筑--建筑与工程Ⅲ--建筑与工程Ⅳ,中央国有企业,"869,004,776,000.00","436,712,757,000.00","5,840,294,000.00","6,954,227,000.00","941,597,382,000.00",0.013588,27.490614,0.061638,0.174423,0.528656,0.011594,0.127901,0.763144,1.023043,0.052380
CSI,601872.SH,招商轮船,工业,交通运输,工业--交通运输--海上运输Ⅲ--海上运输Ⅳ,中央国有企业,"70,619,308,351.63","25,672,433,441.68","6,012,096,267.97","1,159,711,575.55","82,054,880,078.89",0.087403,24.980569,0.018482,0.116886,0.386011,-0.101025,0.665063,0.421558,0.592028,0.106915
CSI,601888.SH,中国中免,可选消费,可选消费零售,可选消费--可选消费零售--经销商Ⅲ--经销商Ⅳ,中央国有企业,"76,108,344,000.00","56,473,848,000.00","3,643,905,000.00","178,416,000.00","74,891,423,000.00",0.051038,25.055424,1.000000,1.000000,0.729775,0.591149,0.107038,0.201187,5.101675,0.014702
CSI,601898.SH,中煤能源,能源,煤炭Ⅱ,能源--煤炭Ⅱ--煤炭Ⅲ--煤炭与消费用燃料,中央国有企业,"357,794,496,000.00","181,907,551,000.00","14,497,092,000.00","2,149,057,000.00","370,517,742,000.00",0.044927,26.603225,0.211221,0.263097,0.514626,0.030435,0.393000,0.463299,1.106577,0.050505
CSI,601899.SH,紫金矿业,材料,有色金属,材料--有色金属--贵金属--黄金,地方国有企业,"396,610,730,026.00","303,639,957,153.00","51,777,327,785.00","3,932,640,491.00","512,005,142,450.00",0.108807,26.706221,0.169614,0.157470,0.821074,-0.002131,0.333734,0.551876,0.991529,0.062524
CSI,601919.SH,中远海控,工业,交通运输,工业--交通运输--海上运输Ⅲ--海上运输Ⅳ,中央国有企业,"497,472,214,000.00","233,859,079,000.00","30,859,651,000.00","3,013,024,000.00","483,758,024,000.00",0.070020,26.932806,0.168360,0.116886,0.487256,0.167499,0.303861,0.426986,1.678604,0.052262
CSI,601985.SH,中国核电,公用事业,公用事业Ⅱ,公用事业--公用事业Ⅱ--电力--电力公用事业,中央国有企业,"659,739,168,841.27","76,195,317,153.71","9,304,211,536.74","6,834,483,614.48","749,261,994,107.31",0.021539,27.215110,0.066502,0.118327,0.127097,-0.026619,0.780601,0.682650,0.827394,0.137491
CSI,603019.SH,中科曙光,信息技术,硬件设备,信息技术--硬件设备--电脑与外围设备--电脑硬件、储存设备及电脑周边,中央国有企业,"36,617,491,563.87","13,091,270,288.42","2,176,292,865.25","-67,880,099.25","40,953,741,117.01",0.051483,24.323792,0.005798,0.114376,0.383723,0.229408,0.098389,0.417578,2.503729,0.023476
CSI,603369.SH,今世缘,日常消费,食品饮料,日常消费--食品饮料--饮料--白酒与葡萄酒,地方国有企业,"24,221,898,385.69","9,858,939,849.04","2,603,690,665.79","-83,151,223.46","25,899,040,538.78",0.097322,23.910523,0.007719,0.097008,0.430028,0.229316,0.272964,0.361997,1.663303,0.074998
CSI,688009.SH,中国通号,工业,电气设备,工业--电气设备--电气设备Ⅲ--电气部件与设备,中央国有企业,"117,890,875,515.13","32,473,033,766.06","3,686,410,571.89","90,856,906.74","118,321,690,651.90",0.031924,25.493025,0.023985,0.107313,0.274171,0.236504,0.048914,0.572182,1.440999,0.007286
CSI,688187.SH,时代电气,工业,电气设备,工业--电气设备--电气设备Ⅲ--电气部件与设备,中央国有企业,"64,802,246,319.00","24,908,937,548.00","4,096,540,421.00","26,238,709.00","72,084,237,098.00",0.057194,24.894606,0.018398,0.107313,0.421446,0.427513,0.168321,0.309246,2.479153,0.053247
CSI,688396.SH,华润微,信息技术,半导体,信息技术--半导体--半导体产品--集成电路,中央国有企业,"29,106,829,546.42","10,035,022,093.63","660,543,164.52","-168,487,952.90","30,589,736,143.75",0.016086,24.094239,0.056819,0.111057,0.344124,0.316661,0.278279,0.165283,3.230072,0.053891