证券代码,证券简称,"总资产报酬率ROA
[报告期] 2025年报
[单位] %","总资产报酬率ROA
[报告期] 2024年报
[单位] %","总资产报酬率ROA
[报告期] 2023年报
[单位] %","总资产报酬率ROA
[报告期] 2022年报
[单位] %","总资产报酬率ROA
[报告期] 2021年报
[单位] %","总资产报酬率ROA
[报告期] 2020年报
[单位] %","总资产报酬率ROA
[报告期] 2019年报
[单位] %","总资产报酬率ROA
[报告期] 2018年报
[单位] %","总资产报酬率ROA
[报告期] 2017年报
[单位] %","总资产报酬率ROA
[报告期] 2016年报
[单位] %","总资产报酬率ROA
[报告期] 2015年报
[单位] %"
0038.HK,第一拖拉机股份,6.2390,6.2886,6.5496,4.0606,3.1570,2.3421,1.6468,-9.6834,0.3327,1.8165,1.6650
0042.HK,东北电气,-43.3480,-5.2485,-3.1244,-13.1221,9.8363,21.1575,-8.4698,3.7166,-112.1422,-20.8235,1.6063
0107.HK,四川成渝高速公路,3.8561,4.5880,5.1319,3.7529,7.0862,4.1513,5.4156,5.2160,5.8492,5.4588,5.8450
0168.HK,青岛啤酒股份,11.3550,10.5021,10.5586,9.4207,9.5199,6.9384,6.2422,5.7088,5.5697,6.3306,7.0165
0177.HK,江苏宁沪高速公路,7.4415,8.6141,8.5532,7.7421,9.6206,6.2762,11.5128,13.5410,13.0663,13.3916,11.2876
0187.HK,京城机电股份,-2.4297,1.7826,-1.5174,1.6632,-1.7922,8.1765,-7.9070,-5.4641,2.7910,-8.2356,-11.7370
0300.HK,美的集团,7.8419,8.7425,9.5186,8.9270,9.2097,9.8222,9.5474,9.5040,10.3548,12.2094,12.6251
0317.HK,中船防务,1.7079,0.2811,-0.4007,0.9063,-0.0174,7.7894,2.2293,-5.1549,0.8561,0.4751,1.6141
0323.HK,马鞍山钢铁股份,0.6188,-5.3027,-1.2693,-0.1424,8.8882,4.4073,3.6847,12.1620,9.6702,3.4426,-5.8206
0338.HK,上海石油化工股份,-4.5585,0.5631,-4.6941,-9.1236,5.0394,0.5615,5.1441,15.3734,20.8175,24.9276,14.9842
0347.HK,鞍钢股份,-3.6699,-6.8889,-4.0485,0.0555,10.1492,3.6803,3.3886,12.7078,7.4901,3.2355,-2.8540
0357.HK,美兰空港,-1.5323,-2.3997,-0.6600,-1.3694,6.6513,-11.5286,7.5583,10.5362,8.9708,7.8528,9.1099
0358.HK,江西铜业股份,5.3338,6.3979,6.5317,5.7654,6.2505,3.7725,3.3765,3.9917,3.4580,2.8863,1.2803
0386.HK,中国石油化工股份,2.7008,3.9847,4.7907,5.4667,6.5389,3.3555,5.9583,6.1926,5.7263,5.8572,4.2447
0390.HK,中国中铁,1.6576,2.1794,3.1595,3.2713,3.4909,3.5775,3.9075,3.3459,2.9292,3.0236,2.8734
0438.HK,彩虹新能源,-4.8768,-2.6239,-1.8633,2.8969,5.0649,5.8116,3.7511,3.6452,4.9327,4.2040,-8.0685
0470.HK,先导智能,4.6861,0.4852,5.6670,8.9987,9.3013,7.6005,9.5726,11.2651,13.5565,16.1708,13.8856
0501.HK,豪威集团,10.9220,8.5239,3.0978,5.2335,19.6868,14.9094,9.3706,4.7048,7.7634,10.9687,11.6297
0525.HK,广深铁路股份,5.0112,4.2001,4.2158,-6.7121,-3.1865,-1.7187,2.8827,3.0076,3.9727,4.6880,4.5169
0548.HK,深圳高速公路股份,3.5073,4.0624,5.9605,5.4532,6.8616,6.6854,6.9615,13.8828,7.3804,6.7823,7.2605
0552.HK,中国通信服务,2.6991,3.2633,3.6399,3.7342,3.7601,3.9016,3.9380,4.3108,4.6145,4.8437,4.9387
0553.HK,南京熊猫电子股份,1.1819,-2.4905,-3.2947,1.4433,1.4861,2.3796,2.2817,4.0405,3.2216,3.7987,4.0287
0564.HK,中创智领,10.5899,11.1977,9.6037,8.2041,8.0433,6.9702,5.8982,6.1324,2.4506,-0.4879,-0.6391
0568.HK,山东墨龙,3.8239,2.0464,-12.5866,-7.9220,-5.2456,2.7383,-1.0511,4.0066,2.5459,-9.5351,-4.3763
0576.HK,浙江沪杭甬,4.2524,4.9889,5.0519,5.1349,6.5979,5.8473,7.9950,7.7588,7.7983,7.4163,9.4973
0579.HK,京能清洁能源,4.8466,5.5156,5.8584,6.2182,5.7136,6.2379,6.6997,7.2553,7.0850,7.4921,7.8407
0588.HK,北京北辰实业股份,-3.4455,-3.8464,2.6922,-0.0327,2.3264,1.8311,5.0301,4.6042,4.3480,2.9203,3.4590
0598.HK,中国外运,6.7977,6.8937,7.4843,7.2264,7.1518,6.0209,5.9295,7.4507,7.9414,7.1308,8.0233
0600.HK,爱芯元智,-22.8827,-23.6879,-32.4149,-44.8151,,,,,,,
0638.HK,广和通,4.2056,5.2369,5.9596,6.7489,11.6996,12.3144,11.9866,12.7704,10.6005,18.9077,23.0707
0664.HK,铜师傅,9.3672,19.4512,12.0507,17.5947,,,,,,,
0666.HK,瑞浦兰钧,1.9816,-2.7138,-5.3921,-1.4768,-13.2116,-1.6762,-6.7734,,,,
0670.HK,中国东方航空股份,1.5205,0.4007,-0.9401,-11.0379,-4.1992,-4.0155,3.5761,3.1241,5.2858,6.1772,7.0238
0694.HK,北京首都机场股份,-0.8064,-1.1088,-4.3396,-11.0144,-7.4980,-7.4618,9.6705,12.1508,11.4077,8.2331,8.2644
0696.HK,中国民航信息网络,8.1867,7.7172,5.5696,2.3839,2.3532,0.6434,12.3238,12.4120,13.5918,17.3908,16.7920
0699.HK,均胜电子,4.8337,4.6651,4.7785,1.8159,-7.2297,0.8726,2.5998,7.8574,4.1099,5.3738,7.5812
0719.HK,山东新华制药股份,4.3247,6.4980,6.7854,6.5527,6.4549,6.8805,7.0127,6.7199,6.4983,4.8804,4.5629
0728.HK,中国电信,4.9398,4.9718,4.7923,4.5591,4.7605,4.2642,4.4832,4.6709,4.2800,4.2818,5.1881
0747.HK,沈阳公用发展股份,-36.1966,-17.5176,-20.9578,-9.2352,-3.1107,-4.0833,-8.6457,-11.7847,-2.2949,1.0900,0.4938
0753.HK,中国国航,0.9768,1.2565,1.4877,-13.3588,-5.6464,-4.6895,5.1708,5.3071,6.2291,6.0871,5.6820
0763.HK,中兴通讯,2.6824,4.0552,4.8494,4.7226,5.3119,4.4955,5.8753,-4.9543,4.8838,-0.2651,4.2963
0788.HK,中国铁塔,5.3106,5.0680,4.9452,4.5822,4.0379,3.6509,3.5000,2.8946,2.4795,1.7624,-1.5394
0811.HK,新华文轩,6.1084,6.6056,6.2119,6.2288,6.8180,7.4026,7.7595,6.8853,7.2435,5.4287,6.2574
0814.HK,北京京客隆,-0.4020,-0.2924,1.5671,1.2266,2.2560,3.8713,4.4567,4.2137,3.6433,3.1902,3.2687
0840.HK,天业节水,-3.9090,-2.9126,-0.1615,-7.8234,-6.2300,0.3057,-5.3303,-4.9027,0.2408,-5.8987,-0.6037
0857.HK,中国石油股份,8.4570,9.2073,9.3352,8.8912,7.0118,3.0484,5.0334,5.2973,2.7969,2.5413,3.3390
0874.HK,白云山,4.2201,4.1569,6.3450,6.7582,7.2376,6.3802,7.7318,9.8251,8.2551,8.8276,10.6630
0895.HK,东江环保,-10.9136,-5.8580,-6.0201,-3.0914,2.9367,5.0797,6.5891,7.2259,7.6509,9.6782,8.2427
0901.HK,华曦达,10.3415,6.8409,12.1343,23.1102,7.7590,13.7921,8.6623,5.8424,12.1621,9.8769,7.2917
0902.HK,华能国际电力股份,4.9790,4.3637,3.9355,-0.2352,-1.3907,3.1160,3.2111,2.9945,3.4724,6.5684,10.5278
0914.HK,海螺水泥,4.4752,4.4611,6.0389,8.7491,20.6196,25.0641,26.4696,28.7697,18.4023,11.2669,10.1867
0916.HK,龙源电力,4.0093,5.2039,5.1054,5.3277,6.4513,5.9249,6.3372,6.2734,5.9434,5.6968,5.7179
0921.HK,海信家电,7.6540,8.4320,9.0125,6.4410,5.8821,8.6677,7.3982,7.0779,10.8734,7.5898,4.5686
0939.HK,建设银行,,,,,,,,,,,
0954.HK,常茂生物,-3.9819,-4.5796,-4.2501,8.2628,9.5157,2.1449,8.5470,7.5736,0.1725,4.8966,7.1715
0956.HK,新天绿色能源,4.0402,4.3572,5.6470,5.9847,6.7081,6.1452,7.1495,6.8923,6.1457,4.5107,3.0781
0980.HK,联华超市,-0.0246,-0.2337,-2.8861,-0.0342,-1.1348,-0.0003,0.1993,0.6500,-0.3754,-2.6095,-3.0485
0991.HK,大唐发电,5.2860,4.4273,3.7216,2.2107,-1.6566,4.9289,4.0831,4.4243,3.9058,5.1248,4.6269
0995.HK,安徽皖通高速公路,10.3162,10.3885,11.4904,10.6719,13.0807,8.4653,10.3921,10.9160,11.3936,10.3581,10.9018
0998.HK,中信银行,,,,,,,,,,,
1000.HK,北青传媒,-11.0305,-0.0725,-2.1581,-4.2632,-8.8461,-16.2910,-20.1069,-22.8621,-6.7610,-4.8127,-3.9752
1021.HK,华沿机器人,-6.3732,2.8187,-7.2575,-17.1387,,,,,,,
1033.HK,中石化油服,2.4497,2.3707,2.3183,2.2566,1.8215,1.7545,3.7493,1.9346,-14.2227,-19.3665,0.8853
1053.HK,重庆钢铁股份,-7.6271,-8.5904,-3.9705,-2.3394,6.3565,2.4682,3.9096,7.4596,2.7307,-9.4017,-11.0169
1055.HK,中国南方航空股份,2.9478,2.1871,1.3013,-8.1834,-2.5810,-2.7794,3.5481,3.1958,5.5024,5.1947,4.2872
1057.HK,浙江世宝,5.2959,5.1593,3.5539,1.0316,1.5413,2.0085,-10.0120,0.0024,1.5109,3.9484,3.1294
1065.HK,天津创业环保股份,5.6443,5.6720,5.6001,5.2705,5.2263,5.2573,4.8671,5.9689,7.1961,7.2014,6.3203
1066.HK,威高股份,6.4607,8.1932,7.9028,11.0420,10.3345,9.9681,9.9955,9.2658,9.0918,9.0588,10.2771
1071.HK,华电国际电力股份,5.6004,5.2580,4.1466,1.0929,-1.2641,4.7760,4.4404,3.4889,2.7599,5.0109,9.2185
1072.HK,东方电气,3.1003,2.0957,2.4314,2.1002,1.7065,1.1969,0.6066,0.2408,0.0001,-2.7837,0.2778
1075.HK,首都信息,6.0431,-0.1422,-3.9576,6.0834,1.3800,6.1820,6.6363,3.8890,7.9479,6.7824,6.1485
1081.HK,大金重工,9.3024,4.3279,4.2987,6.1280,11.9251,13.1350,6.1641,2.5113,1.5428,3.5640,5.0250
1088.HK,中国神华,12.5517,13.9226,14.7784,16.1546,13.5102,10.6465,11.5733,12.6484,13.4104,8.0231,6.9865
1099.HK,国药控股,4.2887,4.2073,5.8076,6.1530,6.2480,6.3151,6.5985,7.8220,7.6172,7.2149,6.9350
1108.HK,凯盛新能,-6.5396,-5.4151,5.0225,5.5084,6.5327,10.5027,3.6057,3.3606,4.3468,2.0816,-14.9574
1122.HK,庆铃汽车股份,-1.1981,-0.3275,-1.9040,-2.0323,3.1503,2.9611,3.6913,4.8829,5.5253,5.5530,5.5461
1133.HK,哈尔滨电气,3.7553,3.0070,1.4213,0.6649,-6.7664,0.4678,0.5162,0.3927,0.8600,1.3504,0.7785
1138.HK,中远海能,7.5335,8.6607,8.7773,5.8710,-5.9045,5.9844,3.5864,2.5717,4.4730,3.6460,2.4905
1157.HK,中联重科,4.6110,3.3795,3.1839,2.0041,6.1371,8.6559,6.6627,4.2531,-10.0178,0.2079,0.8420
1171.HK,兖矿能源,5.7912,8.0461,9.5581,19.5464,10.2991,4.2332,8.1058,9.1935,7.9879,3.0716,1.3136
1186.HK,中国铁建,1.8279,2.1749,2.6402,2.7513,2.8597,2.8767,3.0754,3.2926,3.0231,2.9034,3.0769
1187.HK,可孚医疗,6.3667,5.4874,4.1866,5.6513,13.3741,35.1652,17.6275,15.6286,-5.0095,,
1202.HK,四威科技,-0.4022,-0.7899,-0.6733,-1.9708,-6.6163,-5.6541,-5.8627,2.6023,6.6187,1.7346,-1.7830
1211.HK,比亚迪股份,4.7829,6.7387,6.1871,5.2091,2.5868,5.0453,2.8522,4.1210,4.8690,6.3060,5.0202
1216.HK,中原银行,,,,,,,,,,,
1236.HK,乐动机器人,-9.6985,-9.0419,-11.4536,-11.9223,,,,,,,
1265.HK,天津津燃公用,-2.7672,-2.9955,-8.1307,-3.8316,0.1260,-0.7137,0.1685,2.1483,2.1766,2.1928,2.2480
1272.HK,大唐环境,5.2426,4.7898,4.3181,2.6505,-0.8535,2.7863,2.5862,5.8424,6.9472,9.0845,9.0074
1274.HK,知行科技,-25.5903,-17.8257,-13.4661,-7.0487,-16.1565,-40.0517,,,,,
1276.HK,恒瑞医药,14.5363,15.2795,10.8479,9.7382,12.0718,22.1413,23.7811,21.9487,23.2268,23.3338,23.6674
1288.HK,农业银行,,,,,,,,,,,
1289.HK,盛力达科技,3.1789,5.2858,3.4535,2.7838,0.5636,0.3849,1.5127,8.0509,5.9068,2.5582,-13.2521
1292.HK,长安民生物流,1.3400,1.6751,1.3793,1.2411,1.2519,0.3602,-0.8600,1.9057,4.3766,4.1109,8.6171
1304.HK,峰岹科技,4.6098,8.6068,7.0202,9.9091,32.0490,36.3117,42.2240,21.7124,,,
1318.HK,毛戈平,32.1687,35.9937,48.7551,34.9927,39.4971,,,,,,
1330.HK,绿色动力环保,5.2997,5.1697,5.5221,6.4036,7.0137,6.7525,6.6039,5.9136,6.1839,9.5309,7.5331
1333.HK,博雷顿,-14.6351,-19.2869,-20.3290,-24.0629,-18.7801,,,,,,
1336.HK,新华保险,,,,,,,,,,,
1339.HK,中国人民保险集团,,,,,,,,,,,
1349.HK,复旦张江,-6.3489,0.0183,3.1651,4.2569,8.0215,8.6666,16.5680,11.2649,6.5757,14.1173,16.2797
1354.HK,经发物业,9.2989,10.2222,10.5640,9.4281,8.1500,7.0418,,,,,
1359.HK,中国信达,,,,,,,,,,,
1375.HK,中州证券,,,,,,,,,,,
1379.HK,温岭工量刃具,1.9674,1.8670,2.9992,6.4934,5.4026,3.4763,4.6504,5.4925,6.8555,6.5388,14.2136
1384.HK,滴普科技,-123.7481,-282.0003,-89.1339,-98.8855,,,,,,,
1385.HK,上海复旦,2.5674,6.7017,10.5258,21.6244,16.6457,6.7292,-6.0526,6.2722,11.7919,15.6478,13.8340
1398.HK,工商银行,,,,,,,,,,,
1456.HK,国联民生,,,,,,,,,,,
1459.HK,巨匠建设,0.0103,0.6193,0.5790,1.2899,2.2439,3.3457,3.7975,4.9237,4.4740,3.8820,4.2306
1461.HK,中泰期货,,,,,,,,,,,
1471.HK,众淼控股,6.8745,11.1034,10.8148,13.4658,15.3750,18.2123,,,,,
1476.HK,金融街证券,,,,,,,,,,,
1497.HK,燕之屋,18.4318,14.4465,22.2889,29.7735,32.0257,24.6904,,,,,
1501.HK,瑛泰医疗,9.6025,10.0624,8.6333,7.6476,9.3159,8.3110,11.6575,17.9528,22.8065,21.1465,
1502.HK,金融街物业,6.6290,7.3933,8.6370,9.2710,10.8143,11.0986,16.5108,16.0415,15.2365,,
1508.HK,中国再保险,,,,,,,,,,,
1511.HK,驭势科技,-35.6366,-28.8581,-29.9461,-38.2607,,,,,,,
1513.HK,丽珠医药,10.8241,10.6940,8.4817,8.9463,10.0901,12.1304,8.5185,7.1833,42.7585,10.9960,10.7768
1527.HK,天洁环境,4.8815,6.0832,4.1737,5.3226,2.0745,0.4246,3.3072,3.2755,7.0564,9.4418,11.4875
1528.HK,红星美凯龙,-25.4229,-1.4730,0.0907,3.0989,3.9510,4.0718,7.2218,7.1091,7.5421,7.5191,8.6338
1541.HK,宜明昂科-B,-21.8563,-34.8596,-44.0852,-46.4109,-127.4421,-257.9357,,,,,
1542.HK,台州水务,1.0189,0.6480,0.8401,2.6098,4.5491,5.1592,6.3349,8.8129,6.3942,4.1541,
1543.HK,中盈盛达融资担保,,,,,,,,,,,
1551.HK,广州农商银行,,,,,,,,,,,
1576.HK,齐鲁高速,3.8126,4.1038,6.2752,13.3439,19.0276,16.9782,15.6738,14.2512,18.9944,17.5521,11.8001
1577.HK,汇鑫小贷,,,,,,,,,,,
1578.HK,天津银行,,,,,,,,,,,
1588.HK,畅捷通,3.3355,2.0858,1.4254,-13.4445,-11.9107,1.5603,3.5710,7.9068,18.6562,-13.1015,-7.4881
1596.HK,翼辰实业,9.5681,-1.1799,1.8867,5.9436,9.7254,10.7197,8.7726,9.0162,9.1194,19.7099,23.0461
1599.HK,城建设计,2.1694,3.7079,3.6995,5.5978,5.2802,5.5895,3.5747,3.5718,3.8198,5.1479,6.0870
1601.HK,中关村科技租赁,4.5769,5.0849,5.4421,5.5955,5.7098,5.8473,6.2077,5.8982,5.8707,5.5163,
1606.HK,国银金租,,,,,,,,,,,
1609.HK,天星医疗,21.5909,19.1561,15.0523,11.8692,,,,,,,
1618.HK,中国中冶,0.6326,1.3516,2.3165,2.7708,2.5741,2.6346,2.5755,2.8088,2.8104,2.7759,2.8233
1635.HK,大众公用,3.4720,3.0639,3.0483,0.1151,3.5512,4.8827,4.6370,3.9186,4.6436,5.3991,5.5750
1641.HK,红星冷链,8.6703,8.9880,9.0790,11.5070,,,,,,,
1658.HK,邮储银行,,,,,,,,,,,
1666.HK,同仁堂科技,5.7792,7.5185,8.6225,10.1465,9.5746,8.7999,9.0393,12.7669,13.6475,14.0198,14.9994
1671.HK,天保能源,2.8756,3.0206,1.4845,3.6086,2.5778,7.3549,3.6821,7.9755,9.3059,13.9108,14.1218
1697.HK,山东国信,,,,,,,,,,,
1708.HK,三宝科技,-0.1165,-16.6753,1.1764,-8.1811,0.0817,-2.5124,3.7454,6.5979,7.5881,7.7304,7.5965
1713.HK,四川能投发展,4.8717,7.0035,7.3105,7.4758,7.1808,7.5363,5.3235,5.5940,4.6053,4.3014,3.8775
1727.HK,河北建设,0.2805,0.8637,0.7986,1.0888,-0.3228,1.9423,2.4119,3.1083,2.8017,2.4080,1.6114
1749.HK,杉杉品牌,1.9956,6.4840,6.2461,2.2825,3.3121,-6.6941,-0.2214,6.3819,8.8350,8.6885,11.6769
1763.HK,中国同辐,6.9021,7.8232,7.7065,8.6185,8.5301,7.1311,9.1035,11.7906,13.2613,15.8323,16.4547
1766.HK,中国中车,3.6116,3.4970,3.5874,3.7285,3.4282,4.1804,4.5772,4.4398,4.6004,5.5086,7.7399
1768.HK,鸣鸣很忙,28.5972,13.7457,8.5827,10.9281,,,,,,,
1772.HK,赣锋锂业,2.4876,-1.2517,7.1156,39.2270,19.7649,7.6935,4.0094,13.3622,39.4414,35.1506,11.1555
1776.HK,广发证券,,,,,,,,,,,
1779.HK,天辰生物-B,-84.3237,-72.2376,-54.4575,,,,,,,,
1785.HK,成都高速,9.2385,9.2871,9.5897,8.3990,10.1304,6.2094,9.7359,11.4441,10.4407,8.3618,9.4602
1786.HK,铁建装备,1.3993,1.3127,1.3321,1.2043,0.0752,-0.1883,1.9189,2.4097,1.0899,7.7476,9.6417
1787.HK,山东黄金,6.5581,5.0286,4.3099,3.3211,0.8607,6.2424,5.2248,4.2286,5.5401,7.2880,5.5391
1798.HK,大唐新能源,3.3326,4.3535,5.3328,6.3359,4.8319,4.6950,4.6382,5.2891,4.2117,3.2794,3.4396
1799.HK,新特能源,-0.6421,-4.1925,8.1031,25.4852,13.5231,3.4792,2.4333,4.6217,5.0046,4.4127,4.4302
1800.HK,中国交通建设,1.3065,1.9717,2.2187,2.1932,2.4939,2.6902,3.1488,3.4701,3.6422,3.9235,3.7540
1812.HK,晨鸣纸业,-13.4691,-8.6240,-0.0029,2.3373,5.0076,4.6542,4.7087,5.5584,7.0273,5.2568,4.0868
1816.HK,中广核电力,4.9821,6.3887,6.3124,6.1731,6.3404,6.3339,6.4010,5.6555,6.1567,5.3161,6.3005
1818.HK,招金矿业,10.6993,5.5229,3.7394,2.8622,2.1510,5.0959,2.8431,3.2628,3.7863,3.4505,3.6209
1835.HK,瑞威资管,,,,,,,,,,,
1847.HK,云南建投混凝土,-4.3162,-3.1564,-0.5593,0.9884,0.2697,6.8947,7.5161,7.5470,10.9853,48.9308,
1853.HK,春城热力,3.4992,3.9642,5.4027,5.1976,5.3753,6.9807,7.3585,5.9595,4.0419,4.2065,
1858.HK,春立医疗,8.0392,3.2419,8.2594,9.9860,15.7115,23.5390,26.3624,15.7484,12.4895,14.4856,12.1171
1877.HK,君实生物,-7.8607,-11.8008,-20.5598,-22.3967,-5.9892,-26.3819,-17.9509,-26.2736,-27.3051,-15.1140,-15.4950
1879.HK,曦智科技-P,-115.9408,-72.1122,-47.7756,,,,,,,,
1880.HK,中国中免,6.1806,8.3054,11.7281,12.0788,29.4670,23.1043,18.6170,19.5295,19.0936,15.4101,14.2227
1898.HK,中煤能源,6.6686,9.2524,10.6436,11.5910,10.4012,5.8465,6.6093,5.3221,4.2876,2.6829,0.1653
1905.HK,海通恒信,3.8340,4.2773,4.5043,4.5398,4.7842,4.8730,5.5023,5.6417,5.9141,5.0682,
1915.HK,泰和小贷,,,,,,,,,,,
1916.HK,江西银行,,,,,,,,,,,
1919.HK,中远海控,8.0724,13.3030,5.9946,35.7707,38.0517,6.4635,3.4775,3.6118,5.6619,-3.1309,2.2578
1958.HK,北京汽车,5.7927,9.3478,12.2592,13.9620,12.2065,10.5086,11.7065,12.6868,10.3979,10.6225,7.3645
1963.HK,重庆银行,,,,,,,,,,,
1973.HK,天图投资,1.1725,-6.1114,-5.2621,1.5545,4.8736,7.1423,2.9173,-8.8505,9.1641,10.5865,13.3296
1983.HK,泸州银行,,,,,,,,,,,
1988.HK,民生银行,,,,,,,,,,,
1989.HK,广合科技,17.1328,16.3894,14.4761,10.1896,3.8541,10.7906,9.1027,7.5949,5.8969,,
2009.HK,金隅集团,0.9880,1.1938,0.8847,2.0544,3.5045,3.7224,4.0304,3.6937,2.9616,3.0224,3.5960
2016.HK,浙商银行,,,,,,,,,,,
2039.HK,中集集团,2.8397,4.7309,2.8928,5.2967,9.5253,5.3801,4.0837,5.5417,4.1773,2.1278,3.7336
2050.HK,三花智控,11.0000,11.0098,12.4528,12.5387,9.6445,10.6341,11.7513,11.9687,14.4504,12.7115,10.3645
2068.HK,中铝国际,1.5764,1.6511,-6.0346,1.1819,-0.5646,-2.4954,1.6608,2.4347,3.3003,4.7988,3.0311
2097.HK,蜜雪集团,29.0091,33.8422,33.9762,30.9034,35.0562,,,,,,
2120.HK,康宁医院,3.5630,3.5217,4.7086,2.3124,5.6314,5.0243,3.8861,6.6601,4.7810,6.5223,9.1474
2121.HK,创新奇智,-10.8116,-21.3314,-18.2997,-14.1791,-35.9339,-32.8137,-30.2199,,,,
2139.HK,甘肃银行,,,,,,,,,,,
2145.HK,上美股份,32.6777,27.7467,18.3422,6.4464,19.0741,14.0772,5.7174,,,,
2146.HK,荣万家,3.7404,3.4812,3.7539,8.0659,18.5715,17.9230,6.2488,4.8263,2.9038,,
2149.HK,贝克微,7.5957,12.0810,12.1543,20.6972,23.0607,10.4939,,,,,
2152.HK,苏新服务,5.3192,6.1199,7.4502,7.0583,6.2642,3.8898,3.3978,3.5415,,,
2157.HK,乐普生物,10.5391,-17.4581,-0.9636,-30.3670,-45.7342,-27.0205,-30.3922,,,,
2163.HK,远大住工,,,-3.1916,-7.4659,1.6562,4.2163,9.9236,8.7664,4.9502,5.5874,4.1762
2170.HK,贝康医疗-B,-14.4991,-12.9488,-12.6276,-8.3633,-13.2661,-351.2247,-353.6024,-105.3137,,,
2176.HK,赛迪顾问,20.3167,24.2060,22.4624,7.9552,11.4787,9.1118,24.5789,15.1005,12.4192,8.9755,8.4085
2179.HK,瑞科生物-B,-31.7162,-26.3176,-24.8617,-34.6414,-40.5402,-19.3122,-15.0296,,,,
2185.HK,百心安-B,-11.1426,-12.0206,-20.9225,-21.9333,-43.0683,-81.0904,-43.6866,,,,
2190.HK,归创通桥,5.1713,1.0277,-4.7221,-6.4103,-11.3252,-28.1737,-31.7304,,,,
2196.HK,复星医药,5.1187,4.5293,3.8433,5.2525,7.5115,6.7119,7.3880,6.5910,8.6344,9.7215,10.3116
2202.HK,万科企业,-5.2187,-1.7772,3.0542,4.2373,4.0495,6.2520,6.8642,6.7857,6.6363,6.9741,7.3071
2208.HK,金风科技,3.1368,2.2231,2.7777,3.2053,4.8038,3.9158,3.7293,5.8790,6.1699,7.1126,7.4718
2210.HK,京城佳业,2.2796,4.1552,5.9057,6.4845,5.5543,5.1361,3.7668,3.2898,,,
2218.HK,安德利果汁,11.4182,9.5222,9.8062,7.5651,6.6798,6.8352,8.3335,7.1175,5.0213,6.2667,4.6798
2235.HK,微泰医疗-B,-0.3253,-5.8217,-8.6703,-3.9200,-4.6003,-23.6691,-29.8973,,,,
2238.HK,广汽集团,-5.2878,-0.3319,1.5753,4.2034,5.0627,4.0665,4.7070,9.3442,12.3343,9.9416,7.2337
2245.HK,力勤资源,14.5854,13.0093,8.9145,20.7682,18.7907,17.9339,18.9553,,,,
2251.HK,鹰瞳科技-B,-3.0930,-17.3410,-9.2464,-10.5358,-12.3825,-24.0051,-36.6234,,,,
2252.HK,微创机器人-B,-17.9295,-46.2116,-60.3923,-48.0795,-25.7644,-17.9675,-89.6883,,,,
2276.HK,康耐特光学,21.2521,23.2142,21.5566,17.0712,15.3618,14.3563,15.1895,9.4271,,,
2281.HK,兴泸水务,3.3487,4.3987,4.7042,5.3608,5.9454,5.6842,6.0892,5.9985,6.3383,7.9703,10.5810
2289.HK,创美药业,3.2075,3.8143,3.3993,5.4193,2.5420,3.1098,3.3696,3.7950,3.4817,4.3389,3.3931
2291.HK,心泰医疗,12.3513,12.9750,8.3603,-0.1178,10.5202,23.8779,20.6784,16.3908,,,
2315.HK,百奥赛图-B,8.2988,5.5343,-11.0671,-21.4549,-22.4105,-25.9176,-24.6678,,,,
2318.HK,中国平安,,,,,,,,,,,
2328.HK,中国财险,,,,,,,,,,,
2333.HK,长城汽车,5.1517,6.6826,3.9187,4.6191,4.3523,4.3611,3.7475,3.9910,5.7261,15.0142,14.4128
2338.HK,潍柴动力,4.5776,5.1304,4.3600,1.7968,4.8954,4.9422,6.5675,7.0646,6.1987,3.6793,2.8624
2352.HK,东原仁知服务,3.1277,-4.1420,1.8650,9.9152,17.6944,12.8335,3.3274,3.0964,,,
2355.HK,宝业集团,1.0401,2.1203,2.7110,2.4277,2.9985,3.5577,4.1036,4.4845,3.4321,3.5806,4.7152
2357.HK,中航科工,2.6616,3.1268,4.1942,3.8798,4.3255,4.2661,4.0389,3.9406,4.0923,4.2948,4.3464
2359.HK,药明康德,26.4463,15.2077,18.9697,17.9912,12.1160,9.4410,9.1579,15.0991,13.9551,13.5831,8.7127
2376.HK,鲁商服务,4.4667,5.7930,5.0645,12.9116,12.6493,8.9622,12.7688,12.0078,,,
2386.HK,中石化炼化工程,1.4603,2.1173,2.1860,2.4106,2.3834,3.1857,2.9423,2.2401,1.9025,3.3282,6.9970
2396.HK,华芢生物-B,-47.6704,-90.9149,-54.6225,-220.6519,,,,,,,
2402.HK,亿华通,-14.5066,-10.8444,-7.4230,-6.5617,-6.6133,-0.4450,3.6139,1.9503,4.9726,3.2689,39.9955
2408.HK,遇见小面,9.6164,10.2160,10.4756,-5.1087,,,,,,,
2410.HK,同源康医药-B,-34.3342,-50.3900,-63.7977,-53.0653,,,,,,,
2411.HK,百果园集团,-3.5687,-4.3565,5.5178,5.7328,4.9810,1.6121,6.1798,,,,
2418.HK,德银天下,1.0554,2.2093,2.4268,2.8806,4.0700,3.7232,3.6262,2.7580,,,
2419.HK,德康农牧,6.9604,21.9748,-8.3554,7.3292,-18.7672,35.3726,44.9491,5.8337,,,
2429.HK,友宝在线,-5.0123,-13.5373,-20.1481,-14.9863,-8.2749,-39.0949,2.8253,,5.9054,4.4188,2.3502
2431.HK,佑驾创新,-22.4485,-16.0876,-21.5967,-28.2040,-18.5927,,,,,,
2432.HK,越疆,-3.5312,-8.2685,-10.8173,-6.6158,-3.8027,,,,,,
2450.HK,淮北绿金股份,0.4954,2.2845,5.3882,8.9448,11.1188,32.8027,29.9164,26.5925,,,
2453.HK,美中嘉和,-3.2011,-6.7591,-6.0967,-6.8646,-7.6928,-6.3349,-2.3056,,,7.2241,10.2981
2465.HK,龙蟠科技,0.4495,-2.7958,-9.8322,13.1087,12.2830,11.0012,9.5393,6.8639,8.8584,11.6905,9.0610
2476.HK,胜宏科技,18.9618,7.7806,5.2672,7.1307,6.3677,7.0934,8.6506,8.9019,10.0789,12.4586,8.9979
2479.HK,天聚地合,,,5.1165,6.1086,7.6153,4.5486,,,,,
2480.HK,绿竹生物-B,-13.7577,-15.1066,-22.7564,-80.6994,-113.4437,-77.6794,,,,,
2481.HK,双良睿能,5.3189,5.3353,5.6931,4.7730,5.1683,4.3531,5.1281,,,-0.5271,2.8127
2482.HK,维天运通,2.8875,3.0719,-1.6433,-0.0957,2.3277,1.9067,0.7707,-1.8220,,,
2488.HK,元征科技,17.1619,18.2025,9.3756,20.4927,7.7811,-6.6507,-7.1536,4.9359,5.2818,3.3680,-4.2186
2493.HK,迈威生物-B,-19.7740,-23.1511,-22.9641,-31.9519,-47.7835,-47.4788,-94.5852,-31.0340,-16.7188,,
2495.HK,声通科技,5.9251,-24.4058,-1.4994,-10.8447,11.4001,16.3140,,,,,
2496.HK,友芝友生物-B,-36.3726,-32.8451,-62.9848,-74.2275,-65.4042,-49.7729,,,,,
2499.HK,佛朗斯股份,4.8484,6.0569,3.9838,4.5591,5.9686,6.6081,3.3867,4.2084,5.2936,5.2610,
2500.HK,启明医疗-B,-13.5860,-18.8965,-14.5842,-22.0619,-9.0188,-5.4676,-16.1036,-48.4010,-80.5429,,
2502.HK,金源氢化,-0.9890,1.7055,7.2846,23.2142,11.2919,6.8070,,,,,
2506.HK,讯飞医疗科技,-4.3473,-9.9699,-16.3818,-23.8338,-10.6602,,,,,,
2509.HK,荃信生物-B,25.5033,-36.6821,-55.1174,-27.9359,-38.2862,,,,,,
2513.HK,智谱,-100.9506,-80.6998,-47.2746,-38.1119,,,,,,,
2515.HK,天津建发,-6.5472,4.0332,9.4604,10.6200,20.2706,4.6418,,,,,
2517.HK,锅圈,12.1408,6.8906,7.7199,9.1636,-31.3332,-3.6948,,,,,
2519.HK,傲基股份,4.4865,10.7916,13.8452,6.1541,-16.2033,,,13.2506,23.5478,22.9615,7.4417
2520.HK,山西安装,1.1432,1.3620,2.4984,3.1264,3.9075,5.2246,5.5269,,,,
2522.HK,一脉阳光,0.6719,-1.4538,3.3561,1.6584,-16.4328,0.6080,,,,,
2526.HK,德适-B,-31.0972,-10.2402,-18.0307,,,,,,,,
2529.HK,泓盈城市服务,10.5394,11.9552,15.2652,13.9499,13.5446,13.6504,,,,,
2539.HK,乐摩科技,19.0672,24.0607,31.7267,4.3085,,,,,,,
2543.HK,大行科工,14.0315,25.3352,21.7960,20.3603,,,,,,,
2546.HK,智汇矿业,9.7014,4.7879,14.2804,11.6894,,,,,,,
2551.HK,晶科电子股份,2.7216,4.2440,3.4213,0.5276,4.5974,,,7.4618,6.4558,5.2325,0.6065
2553.HK,首钢朗泽,-11.4908,-8.1318,-3.2265,-0.9732,-3.1744,,,,,,
2555.HK,茶百道,18.7148,14.5962,57.4423,84.5998,107.1140,47.3975,,,,,
2558.HK,晋商银行,,,,,,,,,,,
2560.HK,海螺材料科技,6.6495,8.6024,8.9336,7.0214,12.0438,18.3878,,,,,
2563.HK,华昊中天医药-B,-14.8891,-17.0528,-23.8685,-17.6805,,,,,,,
2565.HK,派格生物医药-B,-50.3352,-95.7869,-68.8893,-69.9747,,,,,,,
2566.HK,九源基因,7.7539,10.8814,11.4480,5.0452,11.6003,,,,,,
2570.HK,重塑能源,-12.9769,-16.5434,-13.0071,-14.9639,-24.0652,,,,,,
2571.HK,赛目科技,6.8738,8.2223,8.5686,11.1859,18.0107,61.8501,9.4520,,,,
2573.HK,新琪安,2.2144,6.7518,7.2023,21.8264,4.4336,,,,,,
2575.HK,轩竹生物-B,-17.2987,-44.1781,-21.5698,-35.1027,,,,,,,
2576.HK,太美医疗科技,-5.4475,-16.6752,-24.2563,-24.3953,-28.0165,,,,,,
2577.HK,英诺赛科,-12.5293,-18.9626,-19.1129,-35.8113,-51.3359,,,,,,
2579.HK,中伟新材,3.7615,4.4966,5.4702,5.4229,6.0190,6.6218,4.1362,2.1197,1.2566,,
2582.HK,国富氢能,-9.3779,-9.4302,-3.5060,-7.5052,-7.6059,,,,,,
2583.HK,西普尼,11.9234,7.7383,9.1304,5.1910,12.9594,17.8879,,,20.0575,33.0784,48.0228
2585.HK,梦金园,5.0256,7.6203,10.1147,8.6556,10.2345,9.2126,,,,,
2589.HK,沪上阿姨,28.1024,26.7097,41.7828,27.2694,19.1255,,,,,,
2590.HK,极智嘉-W,-1.0458,-24.4552,-32.2397,-55.9400,-49.3579,,,,,,
2591.HK,银诺医药-B,-27.7048,-17.0395,-81.9729,-43.9444,,,,,,,
2595.HK,劲方医药-B,-129.8283,-115.4338,-78.3069,-34.9710,,,,,,,
2596.HK,宜宾银行,,,,,,,,,,,
2597.HK,讯众通信,5.7550,4.7389,8.4913,10.6046,13.1082,12.7863,15.5574,22.7337,29.6161,45.3683,53.5683
2598.HK,连连数字,9.5329,-4.4816,-6.2263,-9.7188,-8.5076,-3.7733,,,,,
2600.HK,中国铝业,12.5700,11.5569,8.4984,8.1831,6.9321,2.9102,3.3251,3.2399,3.6477,2.9441,2.5924
2601.HK,中国太保,,,,,,,,,,,
2602.HK,万物云,2.7611,4.3811,6.6635,6.1919,9.4076,11.8612,8.8345,,,,
2603.HK,吉宏股份,9.9187,6.4622,11.6192,7.4993,9.2692,25.6940,19.6900,20.5143,11.5046,8.9532,8.9727
2607.HK,上海医药,4.8863,4.3189,4.1343,5.5642,5.9650,5.7992,5.6336,5.7412,6.6850,6.5086,6.7023
2611.HK,国泰海通,,,,,,,,,,,
2613.HK,汇舸环保,1.2265,29.4862,31.4367,11.7181,4.1562,,,,,,
2617.HK,药捷安康-B,-50.3345,-36.1852,-33.0467,-21.1629,,-19.5694,-185.8751,,,,
2619.HK,香江电器,4.3166,10.6413,11.4910,8.6155,7.8710,,,,,,
2625.HK,江苏宏信,4.7389,5.9003,6.5746,7.1450,5.6433,,,,,,
2627.HK,中慧生物-B,,-17.6392,-37.3418,,,,,,,,
2628.HK,中国人寿,,,,,,,,,,,
2630.HK,旺山旺水-B,-34.1597,-28.7365,2.0149,,,,,,,,
2631.HK,天岳先进,-2.5038,2.1497,-1.1184,-4.6054,3.0483,-31.6242,-12.9615,-3.3923,,,
2632.HK,泽景股份,-84.4033,-19.8709,-38.3319,-76.2787,,,,,,,
2635.HK,诺比侃,11.7001,18.8487,19.7583,25.5216,29.9796,,,,,,
2637.HK,海西新药,14.9764,23.7163,28.6128,23.3982,,,,,,,
2648.HK,安井食品,9.6206,11.4768,11.6641,11.5532,11.0840,12.2271,9.5814,9.2802,9.2791,10.2999,9.2665
2649.HK,优乐赛共享,,8.0631,10.6219,6.4890,7.1478,,,,,,
2650.HK,挚达科技,-14.9853,-24.9639,-6.4159,-2.1357,1.1275,,,,,,
2651.HK,大众口腔,13.8419,17.5249,17.7621,14.2659,5.3565,,,,,25.8622,22.2533
2652.HK,长风药业,-0.7160,1.7515,2.1027,-7.0164,-19.5427,,,,,,
2655.HK,果下科技,6.1994,8.0369,12.4437,25.1877,,,,,,,
2657.HK,林清轩,24.3279,24.3583,15.7551,-6.3140,,,,,,,
2658.HK,天域半导体,-0.5675,-17.0067,5.4518,0.9907,-34.3584,,,,,,
2659.HK,宝济药业-B,-22.0917,-30.7982,-16.0945,,,,,,,,
2670.HK,云迹,-38.7910,-35.9484,-45.3334,-56.2806,,,,,,,
2671.HK,美联股份,5.2337,6.6962,7.7702,11.3920,0.8802,-0.0449,,,,,5.5481
2675.HK,精锋医疗-B,-6.8087,-14.9258,-13.6203,,-26.8970,-41.5705,,,,,
2676.HK,纳芯微,-2.6511,-5.2289,-4.1505,6.7766,38.8784,18.6317,-9.4896,5.3907,19.2138,44.0736,32.3783
2687.HK,卓越睿新,11.7697,15.3036,14.5896,-13.6243,6.0247,,,,,,
2691.HK,南华期货股份,,,,,,,,,,,
2692.HK,兆威机电,5.8038,6.2359,5.3109,4.7463,3.6255,12.5662,44.8628,25.7214,14.7068,20.8242,
2693.HK,金岩高岭新材,5.1220,7.5882,7.7284,5.2901,16.5990,11.1693,,,,,
2695.HK,印象大红袍,10.1772,19.8377,23.9869,1.7596,0.3174,-0.9322,14.1219,22.2835,22.9209,16.9349,20.1886
2696.HK,复宏汉霖,7.8004,9.4509,7.2246,-7.3083,-12.8110,-15.3957,-18.7349,-19.5458,-28.1317,-9.1589,
2701.HK,国民技术,-1.5400,-5.3554,-14.2065,0.9267,10.5914,-0.3449,6.4623,-66.0271,-15.6633,3.3398,3.2149
2706.HK,海致科技集团,-25.9664,-11.1068,-37.9621,-48.7118,,,,,,,
2714.HK,牧原股份,10.1278,11.4013,-0.6080,9.5406,5.0755,34.6098,16.5298,3.9019,14.4363,24.8234,12.7858
2715.HK,埃斯顿,2.4489,-6.1450,3.2519,4.6927,2.6203,3.3458,3.8858,4.7173,4.8384,6.3439,9.4784
2722.HK,重庆机电,4.6934,3.3943,2.7427,2.7738,2.5090,2.2058,2.4217,4.2329,3.6883,4.1697,4.4407
2723.HK,深演智能,0.3529,2.1322,9.6472,11.5819,,,,,,,
2726.HK,瀚天天成,-0.3805,6.2925,8.6450,8.5126,,,,,,,
2727.HK,上海电气,1.6222,1.2522,1.3987,-0.4321,-3.2608,2.4520,3.4368,3.3162,3.1059,3.2621,4.0279
2729.HK,凯乐士科技,-9.0837,-8.7172,-12.1360,-11.0430,,,,,,,
2768.HK,国恩科技,5.9911,5.6378,5.0383,7.8174,9.6645,16.4755,11.6680,13.4417,14.1035,12.0675,10.3981
2777.HK,富力地产,-3.2688,-2.9951,-2.4198,-2.1635,-2.1582,4.8576,5.7726,6.0484,11.8665,6.3150,6.9690
2799.HK,中信金融资产,,,,,,,,,,,
2865.HK,钧达股份,-7.0538,-2.9727,7.3982,11.1478,2.9579,0.8231,2.8158,3.3625,5.9390,6.0737,5.6861
2866.HK,中远海发,4.2959,4.4257,4.1253,5.6046,6.8151,2.6965,3.7504,3.6106,3.3560,2.3330,-4.4647
2880.HK,辽港股份,4.3625,3.7487,4.3190,4.0581,6.8929,4.9899,5.0208,3.7362,3.3197,4.0050,4.2134
2883.HK,中海油田服务,6.7563,6.3888,6.2721,4.8130,2.3895,5.5211,5.9375,2.2499,1.7159,-12.5222,2.1926
2889.HK,博泰车联,-20.4544,-14.4217,-10.5146,-25.3854,-33.1241,,,,,,
2899.HK,紫金矿业,18.0647,13.5342,10.4795,12.3702,13.3764,7.9348,7.0930,7.2753,6.5376,3.8128,3.7833
3200.HK,大族数控,10.0179,5.1596,2.1943,8.3405,20.4052,14.0203,12.6892,21.7872,,,
3268.HK,美格智能,5.6740,5.3194,3.7077,10.1242,9.1576,1.7109,2.3479,5.8753,10.1245,13.2381,10.4545
3277.HK,长光辰芯,18.1609,15.8080,16.2638,-4.7814,,,,,,,
3288.HK,海天味业,18.5312,19.0133,18.6277,21.8963,22.9800,28.1554,27.0997,27.7983,27.7326,27.3490,26.7688
3296.HK,华勤技术,5.5469,5.1346,6.5132,6.8324,5.2919,9.3451,2.9658,1.0007,,,
3310.HK,云英谷科技,-21.1371,-26.4486,-17.9750,-8.5061,,,,,,,
3317.HK,迅策,-5.2228,-4.9221,-3.1684,-6.3568,-10.8989,,,,,,
3319.HK,雅生活服务,1.5058,-15.6927,4.5716,11.4946,18.0672,21.5044,19.1702,20.0565,17.7851,18.0019,6.9530
3323.HK,中国建材,1.1207,2.8795,3.6365,4.9524,8.8851,8.2211,8.1980,7.9352,5.6104,3.9830,4.5298
3328.HK,交通银行,,,,,,,,,,,
3330.HK,灵宝黄金,24.3567,14.9068,6.8513,4.9884,2.9850,3.0093,-1.5169,-14.3496,3.7868,1.8174,-1.6637
3332.HK,中生联合,4.9745,8.7583,12.8439,-2.5044,-7.8041,-8.7815,-28.1760,-15.8423,1.3562,13.5550,25.5433
3347.HK,泰格医药,3.7828,2.4500,8.3297,9.5713,15.9796,15.9337,18.1690,18.5806,15.8835,,
3355.HK,飞速创新,18.8586,15.1558,21.2551,19.6576,,,,,,,
3369.HK,秦港股份,7.2275,6.9985,7.1059,6.4750,5.5490,5.8000,5.4235,5.2026,6.0257,2.8113,7.2646
3378.HK,翰思艾泰-B,-18.5699,-20.8587,-15.9631,-1.6893,,,,,,,
3388.HK,创想三维,-8.1627,4.6594,9.6644,9.8571,,,,,,,
3396.HK,联想控股,2.7932,2.2921,0.8851,2.4529,3.9409,2.6574,2.7066,2.9901,3.3725,3.4714,2.7876
3399.HK,粤运交通,5.8408,5.3590,5.0768,1.8739,-0.2357,-0.2751,6.8433,6.6082,9.0441,8.4298,8.1014
3606.HK,福耀玻璃,15.9205,13.8436,11.8970,11.7269,9.5359,8.2137,9.2139,15.4091,12.0295,14.5098,15.3972
3618.HK,重庆农村商业银行,,,,,,,,,,,
3625.HK,傅里叶,-18.2864,-17.2446,-27.4639,-18.3590,,,,,,,
3636.HK,金浔资源,23.1291,23.8968,5.1892,20.2790,39.2347,16.4224,8.9511,21.3286,14.0068,12.6094,1.9798
3677.HK,正力新能,3.8409,1.4239,-4.3197,-20.8801,-5.8724,,,,,,
3678.HK,弘业期货,,,,,,,,,,,
3689.HK,康华医疗,5.6856,3.2305,6.0088,2.9914,5.7052,-0.3229,5.5132,10.9491,13.1041,14.1298,14.4417
3698.HK,徽商银行,,,,,,,,,,,
3750.HK,宁德时代,9.2634,9.0901,8.7915,8.5416,8.5668,5.4135,5.6744,6.3474,12.4493,18.8495,21.1972
3759.HK,康龙化成,8.2535,9.2650,8.6017,9.4322,13.1631,12.2984,9.5733,10.6854,9.5404,11.1635,9.9307
3768.HK,滇池水务,3.2830,4.2184,5.0578,4.8494,4.9692,5.5327,6.1701,7.0590,7.5900,8.1814,7.1886
3833.HK,新疆新鑫矿业,2.9511,2.9906,3.0046,11.6057,8.6469,3.6101,1.6635,-0.0879,0.3613,-0.6033,-6.4572
3866.HK,青岛银行,,,,,,,,,,,
3880.HK,泰德医药,15.2376,6.4150,4.8826,5.7856,7.8383,,,,,,
3881.HK,希迪智驾,-44.5202,-37.5089,-13.3647,-17.0752,-14.3129,,,,,,
3898.HK,时代电气,6.7130,6.8878,6.1758,5.9538,5.2518,8.4080,9.4467,10.5397,11.3111,14.5561,17.5728
3903.HK,瀚华金控,,,,,,,,,,,
3908.HK,中金公司,,,,,,,,,,,
3931.HK,中创新航,2.1962,1.0577,0.7801,1.1007,0.3102,0.4190,-1.4483,,,,
3958.HK,东方证券,,,,,,,,,,,
3968.HK,招商银行,,,,,,,,,,,
3969.HK,中国通号,3.9783,3.6262,3.6031,3.9246,3.6272,4.5983,5.4670,6.4080,7.5065,7.9323,8.7874
3983.HK,中海石油化学,4.4180,4.8308,9.7887,8.8376,10.9981,4.2670,6.3550,11.3966,3.0877,-0.8799,6.0410
3986.HK,兆易创新,8.5094,6.4057,0.7967,14.1607,18.6026,10.5033,14.0542,16.2524,21.0468,14.4596,23.5963
3988.HK,中国银行,,,,,,,,,,,
3993.HK,洛阳钼业,19.4777,16.0354,9.2917,7.5449,7.5193,3.3197,2.9978,7.4379,6.3367,2.3560,2.1916
3996.HK,中国能源建设,2.0983,2.4536,2.5701,3.1312,3.1996,3.5304,4.0955,4.0117,4.4986,4.2429,4.5285
6030.HK,中信证券,,,,,,,,,,,
6031.HK,三一重工,6.4380,5.1115,4.0823,3.6902,10.4648,17.0957,16.4398,11.4387,4.7897,0.1026,0.1930
6049.HK,保利物业,11.3981,12.4400,13.1903,12.5208,11.3983,11.0489,13.0538,19.1693,15.8795,12.4440,
6060.HK,众安在线,,,,,,,,,,,
6066.HK,中信建投证券,,,,,,,,,,,
6082.HK,壁仞科技,-368.9058,-46.8854,-50.3722,-41.7828,,,,,,,
6099.HK,招商证券,,,,,,,,,,,
6117.HK,日照港裕廊,6.7516,8.5968,9.7139,9.8276,9.2186,8.9511,10.2095,11.6901,10.1513,6.8406,
6127.HK,昭衍新药,2.7333,1.0965,5.0030,13.1587,12.0629,19.3441,15.6685,11.4012,12.1744,11.3098,12.6150
6138.HK,哈尔滨银行,,,,,,,,,,,
6166.HK,剑桥科技,2.7866,4.3593,3.1091,5.2046,1.7803,-8.3233,1.5315,3.4275,3.1693,4.4814,11.1887
6168.HK,周六福,19.8203,25.4407,29.5008,32.3188,27.5664,,,53.5217,41.2874,20.2194,
6178.HK,光大证券,,,,,,,,,,,
6181.HK,老铺黄金,47.2575,46.5357,33.1354,11.6784,15.8073,14.9080,16.9606,9.9714,10.6657,,
6185.HK,康希诺生物,0.3512,-4.4579,-19.3845,-10.3550,20.1646,-10.0406,-13.1550,-16.6626,-10.8471,-15.3296,
6188.HK,迪信通,-14.7343,-13.1382,-7.0724,-1.5931,-44.1252,2.4092,5.8431,6.5073,7.2856,7.4254,9.2754
6189.HK,爱得威建设集团,,-10.6220,13.6575,-134.6206,-26.5967,-15.0018,3.5997,7.7701,8.9554,9.7344,10.0844
6190.HK,九江银行,,,,,,,,,,,
6196.HK,郑州银行,,,,,,,,,,,
6198.HK,青岛港,11.0008,11.4686,11.5905,10.7742,9.3518,9.6886,9.4567,9.2021,8.5665,7.6090,7.4781
6199.HK,贵州银行,,,,,,,,,,,
6600.HK,卧安机器人,-2.2240,0.4196,-3.9257,-24.7714,,,,,,,
6609.HK,心玮医疗-B,6.5823,-0.8509,-8.0167,-14.1346,-17.1658,-49.6186,-82.7131,,,,
6613.HK,蓝思科技,5.8727,5.3473,4.8312,4.5575,2.7639,9.8077,7.9020,3.7946,9.0009,6.5690,9.6406
6636.HK,极视角,-9.3432,1.5625,-15.9781,-16.8406,,,,,,,
6651.HK,五一视界,-18.3695,-14.2525,-18.3657,-37.5025,-29.5293,,,,,,
6655.HK,华新建材,7.3549,6.8385,7.3899,7.3788,15.5373,19.3599,25.4958,23.7019,11.4516,4.8453,3.3124
6656.HK,思格新能,65.9128,5.8254,-56.1803,,,,,,,,
6657.HK,百望股份,-1.1025,-42.4822,-30.2606,-12.7405,-41.9085,-45.4097,,,,,
6660.HK,艾美疫苗,-10.2772,-3.1547,-27.5975,-4.8203,-9.3415,13.1339,5.4908,4.8108,,,
6661.HK,湖州燃气,7.9084,9.4513,8.3440,7.2820,12.4086,15.5271,12.7629,8.8526,,,
6680.HK,金力永磁,6.3296,2.9985,5.7741,9.6494,12.3294,11.0485,8.8269,10.6028,13.0475,8.8524,15.2595
6682.HK,范式智能,-1.3751,-4.5581,-7.8987,-15.7589,-27.7568,-33.4177,-53.1687,-47.0695,,,
6690.HK,海尔智家,8.2784,9.3609,8.7052,8.1605,7.8181,7.5101,6.4009,7.3715,7.6434,8.3466,8.7032
6693.HK,赤峰黄金,21.6163,15.3152,7.8419,7.8014,10.2768,12.2747,6.2147,-0.0314,9.2691,12.7159,14.3837
6806.HK,申万宏源,,,,,,,,,,,
6809.HK,澜起科技,15.7987,12.3416,4.4236,14.4050,10.5306,14.8720,15.0334,27.8049,27.9172,8.8369,
6810.HK,商米科技-W,4.5418,4.4158,2.6149,6.0881,,,,,,,
6818.HK,中国光大银行,,,,,,,,,,,
6821.HK,凯莱英,5.5410,5.5402,13.4874,22.3711,10.7461,14.8570,17.6994,15.7301,16.3509,17.8346,17.3010
6826.HK,昊海生物科技,2.6189,6.8069,7.3662,3.5156,5.8512,4.2075,7.0326,11.0025,10.4096,9.4431,17.9443
6839.HK,云南水务,-2.2857,-2.2760,0.3052,0.6811,0.9649,4.0657,4.2247,4.3165,4.9397,4.8912,5.8052
6865.HK,福莱特玻璃,3.5552,3.6606,9.3940,9.2703,15.0433,17.8942,11.1362,7.3894,9.6011,16.4866,13.5760
6866.HK,佐力科创,,,,,,,,,,,
6869.HK,长飞光纤光缆,3.9768,2.4736,4.6548,5.3214,4.6568,4.1411,6.7626,15.3009,17.1798,10.2704,9.3728
6871.HK,翼菲科技,-28.6564,-18.9628,-32.2500,-15.3370,,,,,,,
6872.HK,丹诺医药-B,-65.9421,-68.1384,-127.5137,,,,,,,,
6881.HK,中国银河,,,,,,,,,,,
6885.HK,金马能源,-5.3717,-3.3250,-0.1556,7.8631,9.1850,12.4581,17.6806,33.5356,29.5777,18.9200,4.4774
6886.HK,华泰证券,,,,,,,,,,,
6887.HK,东阳光药,5.2751,3.0976,15.1287,-7.7236,-12.1572,,,,,,
6911.HK,澜沧古茶,-4.2494,-18.7837,7.0890,7.5407,14.7640,17.4544,13.6718,,,,
6922.HK,康沣生物-B,-29.7094,-60.7919,-40.3726,-43.4247,-82.6019,-214.2688,,,,,
6936.HK,顺丰控股,7.6261,7.0583,5.5313,5.9746,5.5111,9.8855,9.7979,9.4595,12.9712,24.4749,3.5339
6938.HK,瑞博生物-B,-35.6030,-34.6204,-58.3538,,,,,,,,
6955.HK,博安生物,1.1843,4.0907,-4.6527,-14.7751,-14.1853,-25.1885,,,,,
6960.HK,双登股份,5.1457,8.9063,11.3848,10.1586,-0.9467,,,,,,
6963.HK,阳光保险,,,,,,,,,,,
6980.HK,八马茶业,14.3649,17.5883,17.9970,16.2593,,,,,,14.5725,12.0452
6990.HK,科伦博泰生物,-8.0565,-3.5678,-17.0283,-46.3484,-95.6020,,,,,,
7489.HK,岚图汽车,3.7143,-0.7227,-12.1656,-14.3640,,,,,,,
7630.HK,英派药业-B,-63.5999,-59.1906,-6.2534,,,,,,,,
7666.HK,剂泰科技-P,-32.6729,-30.0162,-54.2626,-83.6480,,,,,,,
7688.HK,拓璞数控,0.9674,1.2589,-5.1438,-16.1940,,,-4.2785,-4.7218,-25.1958,-27.8928,
8049.HK,吉林长龙药业,10.2205,8.6264,7.0640,7.3120,7.4304,7.0523,10.6376,13.0114,14.9367,16.3534,15.7389
8095.HK,北大青鸟环宇,3.2629,3.1613,4.9011,7.6299,4.5706,2.7347,0.5538,12.4112,14.5646,14.6173,12.2153
8106.HK,芯化兰德,3.7309,-5.5594,-40.3711,-12.9838,-7.9290,3.5723,2.4983,6.3231,-5.7570,-3.5581,-9.9892
8115.HK,清大东方,2.2761,4.6566,7.0479,4.4541,51.9147,3.6695,-11.1187,-1.0201,1.7316,1.3382,-0.3816
8139.HK,长安仁恒,2.2808,2.5455,3.2345,3.0603,5.9803,3.2563,2.3939,3.5003,-1.2372,3.6924,4.1776
8189.HK,泰达生物,-36.5684,-10.5773,-2.2138,-6.0913,-10.7501,-13.0350,-20.8958,-51.7200,-3.0918,2.7561,8.1593
8205.HK,交大慧谷,-19.8374,-5.7781,-15.9441,-38.4050,-6.5971,-29.1177,5.4009,6.3974,-10.2908,-0.3131,2.5215
8227.HK,海天天线,-16.3208,-27.8891,-56.0201,-28.1283,-19.7156,-29.6662,-22.5107,-54.5440,-15.3326,-30.4098,-16.1692
8247.HK,中生北控生物科技,-13.6668,-9.6905,-1.9787,4.1285,2.7188,0.4044,-14.8169,-0.1369,2.2923,2.2498,0.2882
8249.HK,瑞远智控,-16.7385,-9.4745,-22.5647,-24.7577,-23.3282,-43.4399,-14.0764,7.1324,-23.3159,-16.6905,26.0187
8286.HK,长城微光,-8.4500,-14.1404,-0.8960,13.8458,-19.8947,-11.2107,0.6612,-18.2038,-21.2781,-23.1048,-9.6070
8329.HK,海王英特龙,-3.6193,2.4680,2.0941,6.0107,2.9224,3.7254,6.8400,6.2011,6.7512,8.5673,4.8474
8348.HK,滨海泰达物流,-2.6259,1.3983,2.4934,3.9816,5.5211,-1.2783,3.2909,2.5328,2.8437,2.8181,2.8302
8452.HK,富银融资股份,-6.2999,-1.6508,0.1980,-7.8105,2.7585,0.5094,3.3880,3.9015,2.5388,2.6051,1.2163
8629.HK,集信国控,11.4478,13.2974,17.5979,4.8606,27.8501,,,,,,
9609.HK,海伟股份,5.3771,12.7281,12.8580,25.4301,,,,,,,
9611.HK,龙旗科技,2.6244,2.5183,4.0209,4.2579,4.1189,3.3656,0.9916,,,,
9633.HK,农夫山泉,34.4882,31.0454,35.7226,30.8419,32.0217,32.3678,32.5054,24.2828,25.9081,,
9663.HK,国鸿氢能,-10.6493,-8.4256,-10.5985,-9.8795,-36.1699,-17.2698,4.8476,,,,
9668.HK,渤海银行,,,,,,,,,,,
9676.HK,十月稻田,9.1755,5.2789,-1.2173,-20.3583,-8.8185,3.4458,,,,,
9677.HK,威海银行,,,,,,,,,,,
9678.HK,云知声,-13.7408,-17.0035,-19.4441,-32.9507,-64.2105,-41.1719,-46.3908,-47.5217,-75.1866,,
9696.HK,天齐锂业,6.1140,1.4121,49.4103,68.8596,16.0087,1.7428,-5.3489,13.1403,24.4198,23.7838,8.9121
9699.HK,顺丰同城,5.7630,2.6244,0.5411,-7.9708,-32.4774,-65.4011,-98.9238,-162.6100,,,
9863.HK,零跑汽车,0.4871,-9.4686,-18.3287,-32.8052,-36.3094,-30.5189,-29.9998,,,,
9877.HK,健世科技-B,-29.6971,-15.7594,-27.4762,-31.7959,-58.3995,-148.4757,-92.4824,,,,
9878.HK,汇通达网络,2.3439,2.0744,2.7405,2.4394,2.6933,1.9852,1.9283,1.3344,,,
9880.HK,优必选,-10.5896,-22.9965,-32.3118,-34.8308,-34.5161,-25.9733,,,,,
9881.HK,容大科技,,12.9749,7.8635,11.5512,9.4363,,,,,,
9887.HK,维立志博-B,-17.8114,-52.9045,-67.3492,-44.9439,,,,,,,
9889.HK,东莞农商银行,,,,,,,,,,,
9903.HK,天数智芯,-35.9414,-53.3868,-61.1001,-52.2715,,,,,,,
9908.HK,嘉兴燃气,6.0767,9.8757,12.0445,5.3735,8.8747,8.8594,9.9259,8.3805,7.8354,,
9927.HK,赛力斯,6.4366,7.1311,-7.6665,-11.6191,-8.1158,-6.8142,1.6961,3.4713,6.6077,4.9920,4.4818
9973.HK,奇瑞汽车,10.6041,9.6190,9.9020,6.4882,,,,,,2.5623,2.8404
9980.HK,东鹏饮料,23.0196,22.5226,20.0102,19.2131,24.9102,26.7347,27.0364,13.1454,19.0056,,
9981.HK,沃尔核材,13.0556,11.8090,10.8636,10.1618,8.9572,7.4179,6.1643,2.6833,5.1612,4.6195,23.5019
9989.HK,海普瑞,2.5401,4.7688,-3.5240,5.3358,2.2232,9.1661,10.4907,6.4189,1.3021,3.3688,5.1439
9995.HK,荣昌生物,12.1754,-25.3199,-25.7699,-19.4899,6.8040,-27.8175,-63.3383,-43.2908,,,
,,,,,,,,,,,,
数据来源：Wind,,,,,,,,,,,,