市场,证券代码,证券简称,一级行业,二级行业,行业全路径,企业所有制性质,资产总计_2024,营业收入_2024,归母净利润_2025,利息支出_2025,资产总计_2025,EBI_A_2025,FirmSize_2024,MarketShare_2024_二级行业,HHI_2024_二级行业,AssetTurnover_2024,WorkingCapitalRatio_2024,FixedAssetsRatio_2024,FinancialLeverage_2024,CurrentRatio_2024,CapexRatio_2024,BenchmarkMarket
CSI,000301.SZ,东方盛虹,材料,化工,材料--化工--基础化工--商品化工,民营企业,204312488701.89,129267787949.74,133746317.81,4555007972.6,205227818129.13,0.02284658255958177,26.042916466132656,0.22503971938499165,0.3404756158039197,0.6553046693765767,-0.2700409765507869,0.745550553026771,0.8165939629162601,0.4009415340679078,0.06216385581897378,CSI_nonSOE
CSI,000333.SZ,美的集团,可选消费,家电Ⅱ,可选消费--家电Ⅱ--家电Ⅲ--家用电器,民营企业,604351853000.0,409084266000.0,43945411000.0,3000695000.0,608791766000.0,0.0771135692396996,27.127422403351254,0.7841702727919546,0.6526875314442925,0.7503463272208748,0.06162631886560957,0.06318279460955008,0.6232866832957323,1.1058609531494086,0.01297197313300866,CSI_nonSOE
CSI,000876.SZ,新希望,日常消费,食品饮料,日常消费--食品饮料--食品--农产品,民营企业,117913645385.32,102890505597.97,-1784352202.18,1971954038.78,114232592818.92,0.0016422794228034714,25.49321837473353,0.20466693809442135,0.21624588016252744,0.8313569698016662,-0.2105736650043492,0.444163021005373,0.6900661086119738,0.47322636533825524,0.01852278272012371,CSI_nonSOE
CSI,000963.SZ,华东医药,医疗保健,医疗设备与服务,医疗保健--医疗设备与服务--医疗保健提供商与服务--保健护理产品经销商,民营企业,37879046367.15,41655068590.48,3414335326.41,18773120.98,39038036320.92,0.08794265211414437,24.357663929845753,0.3649905275461272,0.28019975017592524,1.1669981065564683,0.19159815476701123,0.13883771533305597,0.3779211154440443,1.5261295890658961,0.04561532102398605,CSI_nonSOE
CSI,002001.SZ,新和成,医疗保健,医药生物,医疗保健--医药生物--制药--西药,民营企业,42989132470.97,21358846553.03,6764199225.29,-14746421.76,45606449805.48,0.14799338322359387,24.48421318746429,0.10323614199456259,0.13623235092080122,0.5200255139308401,0.2329193681373228,0.523099541082751,0.3150466508526499,2.449227447086264,0.03721404046034946,CSI_nonSOE
CSI,002028.SZ,思源电气,工业,电气设备,工业--电气设备--电气设备Ⅲ--电气部件与设备,民营企业,23415757000.0,15458069000.0,3150142665.04,-7608559.41,29839923865.41,0.10531307384710788,23.876675008762504,0.013741649317031748,0.14616578354193543,0.7349355582824046,0.3359834149286739,0.1166505955797201,0.45953735341548,1.7685481345238088,0.0393657569985886,CSI_nonSOE
CSI,002050.SZ,三花智控,工业,机械,工业--机械--机械Ⅲ--工业机械,民营企业,36354749000.0,27947165000.0,4062892000.0,135704000.0,49406131000.0,0.08498127489481012,24.316590678884864,0.24169433831779052,0.5244055085518771,0.8190205355284802,0.23842439401795898,0.3137365079868933,0.4630785650589968,1.635785646678164,0.09050118871677536,CSI_nonSOE
CSI,002074.SZ,国轩高科,工业,电气设备,工业--电气设备--电气设备Ⅲ--电气部件与设备,民营企业,107839685095.13,35116250530.83,2383271938.21,1442765291.76,127214519738.62,0.030075475958492224,25.40391156399422,0.03121704270589657,0.14616578354193543,0.3486654726436589,-0.06313967473860409,0.4155914913389702,0.7227712669445646,0.8774743645972856,0.08409147133052527,CSI_nonSOE
CSI,002230.SZ,科大讯飞,信息技术,软件服务,信息技术--软件服务--软件--应用软件,民营企业,41478899803.2,23199141890.81,839390861.36,172981046.56,44857109349.34,0.022568817353695477,24.448450696407285,0.2705786096334248,0.23288063539086398,0.5850242145250109,0.20981979175394075,0.14634385786557677,0.5488098083817501,1.5666428136216977,0.07763017029037939,CSI_nonSOE
CSI,002236.SZ,大华股份,信息技术,硬件设备,信息技术--硬件设备--电子设备、仪器和元件--电子设备和仪器,民营企业,52735912081.82,31959615055.7,3857923611.86,-356374741.08,52558604784.24,0.06662180027712532,24.68856250409421,0.06479548496182044,0.12235054081259594,0.60519350270338,0.4239109990197117,0.11810752046435534,0.2950874012962163,2.5012919072264506,0.017208533948782335,CSI_nonSOE
CSI,002241.SZ,歌尔股份,可选消费,家电Ⅱ,可选消费--家电Ⅱ--家电Ⅲ--消费电子产品,民营企业,82706773086.83,100675116172.32,3940313461.54,611002980.02,90530293646.97,0.050273960883284174,25.138567335100472,0.192983304110283,0.6526875314442925,1.2869844068364917,0.05419834970461191,0.2805189082838783,0.5883278304986642,1.0997080570526987,0.04394335095064583,CSI_nonSOE
CSI,002311.SZ,海大集团,日常消费,食品饮料,日常消费--食品饮料--食品--农产品,民营企业,48140586659.7,114452385662.5,4280330734.08,254979226.98,47590711885.11,0.09529821642527246,24.59739145576011,0.227665509028346,0.21624588016252744,2.4643273734628033,0.10291376553326098,0.3604794542536667,0.4786845069559775,1.267298945894756,0.06515806128627571,CSI_nonSOE
CSI,002352.SZ,顺丰控股,工业,交通运输,工业--交通运输--航空运输--航空货运与物流,民营企业,213824213000.0,284420059000.0,11117216000.0,1752364000.0,216469037000.0,0.05945229016748479,26.08842007982657,0.7622022392942179,0.6177817572282329,1.30673257408704,0.07713550195552456,0.27674277000612646,0.5214048981440657,1.2284619551203098,0.04370304872816251,CSI_nonSOE
CSI,002384.SZ,东山精密,信息技术,硬件设备,信息技术--硬件设备--电子设备、仪器和元件--电子元件,民营企业,45573749000.0,36770374000.0,1386067000.0,424225000.0,60250538000.0,0.030046071953747533,24.542597707874936,0.07454890215057784,0.12235054081259594,0.8227644824710769,0.07810889115135118,0.3744754024954146,0.5855925085294168,1.1861962895117537,0.08320897629027622,CSI_nonSOE
CSI,002422.SZ,科伦药业,医疗保健,医药生物,医疗保健--医药生物--制药--西药,民营企业,37316259482.0,21536189806.0,1701935493.0,71499487.0,39834823325.0,0.044519714962235245,24.342694979660138,0.10409331530679801,0.13623235092080122,0.5838647413004775,0.2357713126698533,0.3317646590750009,0.2834710004656945,1.9628169368614388,0.044973950720048214,CSI_nonSOE
CSI,002459.SZ,晶澳科技,工业,电气设备,工业--电气设备--电气设备Ⅲ--光伏设备,民营企业,112958014000.0,70120697000.0,-4608260132.26,401282955.79,105009906906.66,-0.040062669327089774,25.45028202909203,0.062334695752738596,0.14616578354193543,0.6387747776583472,0.043936360283388126,0.3983297457761607,0.7474359278306717,1.0993076368606929,0.10471910386101511,CSI_nonSOE
CSI,002460.SZ,赣锋锂业,材料,有色金属,材料--有色金属--其他金属与采矿--金属非金属,民营企业,100832297000.0,18726175000.0,1613671000.0,1474383000.0,113258092000.0,0.027265636789996425,25.33672454801043,0.06133950469432216,0.5317816081836909,0.1945271463336884,-0.09587246633883587,0.3557660101703326,0.5280490634860773,0.6947563519032904,0.09145019278892358,CSI_nonSOE
CSI,002466.SZ,天齐锂业,材料,有色金属,材料--有色金属--其他金属与采矿--金属非金属,民营企业,69556579000.0,13029739000.0,458430000.0,589765000.0,72967793000.0,0.014365173412878199,24.96540634465955,0.04268024498095807,0.5317816081836909,0.18031040414362992,0.11197993219304245,0.31055485060586435,0.28028306279985393,2.5450348642168086,0.06504695982819972,CSI_nonSOE
CSI,002493.SZ,荣盛石化,材料,化工,材料--化工--基础化工--商品化工,民营企业,377845944183.98,301577722845.41,848314274.77,5617068173.04,386633124294.1,0.01672226729050763,26.657752394424023,0.5250106557736014,0.3404756158039197,0.8012539622141189,-0.22033567617211905,0.7318677079072495,0.7490402325094208,0.4846801536404122,0.08358490072615958,CSI_nonSOE
CSI,002594.SZ,比亚迪,可选消费,汽车与零配件,可选消费--汽车与零配件--汽车--汽车制造,民营企业,783355855000.0,777102455000.0,32619022000.0,2551657000.0,883729883000.0,0.03979799673697353,27.38685290606703,0.6514550263395998,0.4695797494099714,1.0624110773128392,-0.16009701235972762,0.35851566718678574,0.7463627702125236,0.7471437896361645,0.12428549219179577,CSI_nonSOE
CSI,002600.SZ,领益智造,信息技术,硬件设备,信息技术--硬件设备--电子设备、仪器和元件--电子元件,民营企业,45193486000.0,44259533000.0,2287724000.0,380264000.0,57900450000.0,0.04607888194305917,24.53421879835478,0.08973255466064259,0.12235054081259594,1.0721700773287208,0.2156869908198717,0.3021411979593696,0.5607999568787413,1.617010600712082,0.08016923058336327,CSI_nonSOE
CSI,002601.SZ,龙佰集团,材料,化工,材料--化工--基础化工--商品化工,民营企业,66200879676.09,27166725366.75,1244565890.88,401725045.68,64424518688.7,0.025553794891583072,24.915959587959545,0.047294011525280774,0.3404756158039197,0.4178913722069414,-0.10659801655790926,0.4331030068694917,0.6103932682283452,0.7639419581922562,0.023906539290014985,CSI_nonSOE
CSI,002625.SZ,光启技术,工业,国防军工,工业--国防军工--航空航天与国防Ⅲ--航空航天,民营企业,9919567934.64,1540727178.6,686946947.27,-109581295.47,11884396306.72,0.04858182417507653,23.01777520231884,1.0,1.0,0.15643209081690373,0.6542299230138316,0.16847681118488672,0.09933070958052359,9.045747356956003,0.06355567651776761,CSI_nonSOE
CSI,002648.SZ,卫星化学,材料,化工,材料--化工--基础化工--商品化工,民营企业,68305210214.96,45364866882.29,5310687058.76,873927568.44,69564640490.94,0.08890457254652924,24.947251884873687,0.07897479391460861,0.3404756158039197,0.6827576512225698,0.0018469042483433968,0.43591769022048443,0.556333625775406,1.008206481710685,0.04596947141467543,CSI_nonSOE
CSI,002709.SZ,天赐材料,材料,化工,材料--化工--多元化工Ⅲ--特种化工,民营企业,23953390000.0,12518297000.0,1361918000.0,202484000.0,26926734000.0,0.05809846823606606,23.89937569567198,0.021792854111136267,0.3404756158039197,0.522354635206347,0.20563001729609046,0.41452383149107497,0.4437292174510581,1.8382662557878753,0.032208593439174996,CSI_nonSOE
CSI,002714.SZ,牧原股份,日常消费,食品饮料,日常消费--食品饮料--食品--食品加工与肉类,民营企业,187648723830.92,137946892076.87,15486891254.04,2556832463.42,171741086702.08,0.10506352360958636,25.95783756170986,0.2744001291171768,0.21624588016252744,0.7202491146569205,-0.12874007907363855,0.5796445697634816,0.5868011914324892,0.7173736881996811,0.0659782041638375,CSI_nonSOE
CSI,300014.SZ,亿纬锂能,工业,电气设备,工业--电气设备--电气设备Ⅲ--电气部件与设备,民营企业,100890625000.0,48614557000.0,4134303670.89,685268055.12,125542296569.58,0.038390023583317376,25.337302846213205,0.04321653590735369,0.14616578354193543,0.49798270862080407,-0.01793638407929379,0.38867595477776057,0.5936273860926127,0.9545258149083291,0.054963729286046155,CSI_nonSOE
CSI,300015.SZ,爱尔眼科,医疗保健,医疗设备与服务,医疗保健--医疗设备与服务--医疗保健提供商与服务--保健护理设施,民营企业,33255307000.0,20982894000.0,3240259000.0,269717000.0,36675990000.0,0.09570228370113526,24.227480200334664,0.18385655838902595,0.28019975017592524,0.6614835117080147,0.09025566956876988,0.2286750202005352,0.3441042958947876,1.4503599227263348,0.055031757788313304,CSI_nonSOE
CSI,300033.SZ,同花顺,信息技术,软件服务,信息技术--软件服务--软件--应用软件,民营企业,10976501567.53,4112650119.75,3205082002.69,-124843719.94,15832994333.52,0.19454553054622356,23.119022603636058,0.04796708242693711,0.23288063539086398,0.39504140687946937,0.5908435283173182,0.11461045304556794,0.2735094054111786,3.2470652695438056,0.009445407690433205,CSI_nonSOE
CSI,300122.SZ,智飞生物,医疗保健,医药生物,医疗保健--医药生物--生物科技Ⅲ--生物科技Ⅳ,民营企业,49909613835.4,25934263400.41,-14723152851.99,301755089.99,31719717303.13,-0.4546508918784387,24.633479483179002,0.1253510245640723,0.13623235092080122,0.5179507922910682,0.45786494189124705,0.10706803768595363,0.38226852426110525,2.239179338031032,0.018640558324459006,CSI_nonSOE
CSI,300124.SZ,汇川技术,工业,电气设备,工业--电气设备--电气设备Ⅲ--电气部件与设备,民营企业,57178824000.0,37013308000.0,5050002000.0,170396000.0,71314394000.0,0.07320258516113871,24.769449456997393,0.03290345635016157,0.14616578354193543,0.6974668857206635,0.12376475248948807,0.14500077860992733,0.5028031706283431,1.3027609395976198,0.0369411060290432,CSI_nonSOE
CSI,300251.SZ,光线传媒,通讯服务,传媒,通讯服务--传媒--娱乐--电影和娱乐,民营企业,9730530127.81,1582910155.89,1672149337.87,-26019219.23,10978138453.87,0.1499461976688505,22.998534215504943,0.21859274792079125,0.6583800830455426,0.16100597883530163,0.38559584949709774,0.0025256436820191176,0.09830953233226337,5.757802008409228,0.0008084058531937776,CSI_nonSOE
CSI,300274.SZ,阳光电源,工业,电气设备,工业--电气设备--电气设备Ⅲ--光伏设备,民营企业,115073771000.0,77704134000.0,13461280000.0,346954000.0,118679392000.0,0.11634904567087773,25.468839246601373,0.06907608964041004,0.14616578354193543,0.7850874024545437,0.30285546999237556,0.09773334880978221,0.6506697603574667,1.5779759115237852,0.02421014776686166,CSI_nonSOE
CSI,300308.SZ,中际旭创,信息技术,硬件设备,信息技术--硬件设备--通信设备Ⅲ--通信设备Ⅳ,民营企业,28866276555.26,23815251344.0,10797254300.45,182798156.36,45288970887.78,0.2424442914372486,24.085939849503408,0.04828345891002559,0.12235054081259594,0.9745765408713306,0.40526042409263663,0.20343527107343293,0.2970052393012133,2.8004720054145555,0.09929085645920378,CSI_nonSOE
CSI,300316.SZ,晶盛机电,工业,电气设备,工业--电气设备--电气设备Ⅲ--光伏设备,民营企业,31550179908.08,17491827211.85,884734667.29,53174919.9,27756229482.77,0.03379095809004671,24.1748451282337,0.01554958484525822,0.14616578354193543,0.5117671453790203,0.285777759488494,0.22430040461188155,0.43156843743363016,1.743537622168177,0.05214868901614848,CSI_nonSOE
CSI,300347.SZ,泰格医药,医疗保健,医药生物,医疗保健--医药生物--生命科学工具和服务Ⅲ--生命科学工具和服务Ⅳ,民营企业,28671015787.16,6603120162.78,887890076.31,90559390.82,28358795158.17,0.034502504837484765,24.07915254653006,0.031915611596320545,0.13623235092080122,0.22632120436558226,0.09200346371827273,0.04182041402059337,0.16066876160812504,1.7203547346229737,0.012436060849984918,CSI_nonSOE
CSI,300394.SZ,天孚通信,信息技术,硬件设备,信息技术--硬件设备--通信设备Ⅲ--通信设备Ⅳ,民营企业,4736726000.0,3225918000.0,2028007000.0,1181000.0,6449303000.0,0.31463679098345976,22.278612016698723,0.006540282819200799,0.12235054081259594,0.7471771688723545,0.5906558665204616,0.2196424281244049,0.15849090701045407,4.850025457898141,0.09531372513419607,CSI_nonSOE
CSI,300408.SZ,三环集团,信息技术,硬件设备,信息技术--硬件设备--电子设备、仪器和元件--电子元件,民营企业,23915804000.0,7266133000.0,2618384000.0,20396000.0,26506089000.0,0.09955372895639186,23.897805332581093,0.014731485680022851,0.12235054081259594,0.31769537864433567,0.45397737830599383,0.2566328524853273,0.1690947124336694,4.9555618219456266,0.026720197238612593,CSI_nonSOE
CSI,300418.SZ,昆仑万维,通讯服务,传媒,通讯服务--传媒--互动媒体与服务Ⅲ--互动媒体与服务Ⅳ,民营企业,20676372303.47,5658456133.46,-1592728558.53,81051953.25,20233944014.56,-0.07470993317922711,23.75225745067013,0.7814072520792087,0.6583800830455426,0.2684192129526161,0.08930542266111693,0.017782067947591376,0.17859182959238387,1.6131582193943468,0.020043809874251875,CSI_nonSOE
CSI,300433.SZ,蓝思科技,信息技术,硬件设备,信息技术--硬件设备--电子设备、仪器和元件--电子元件,民营企业,81016047000.0,69896776000.0,4017827000.0,269418000.0,84338600000.0,0.05083372263708433,25.117913083108547,0.14170995145887985,0.12235054081259594,0.8820573362704295,0.09513695478131635,0.4666870009098321,0.3970835185281257,1.334167188340892,0.07717279763106684,CSI_nonSOE
CSI,300442.SZ,润泽科技,信息技术,软件服务,信息技术--软件服务--信息技术服务--互联网服务与基础架构,民营企业,31308886649.72,4302111006.9,5049938663.92,310631466.68,42693736228.86,0.12555870261306332,24.167167812716688,0.05017682206585322,0.23288063539086398,0.15752954273010006,0.09337790935967843,0.6457942131532429,0.6310917380246961,1.4858503817630009,0.15613237025257545,CSI_nonSOE
CSI,300476.SZ,胜宏科技,信息技术,硬件设备,信息技术--硬件设备--电子设备、仪器和元件--电子元件,民营企业,19175313000.0,10731469000.0,4311988000.0,137778000.0,35244489000.0,0.12625423509474062,23.676889507404187,0.021757168758005003,0.12235054081259594,0.5870778654374694,0.028340345735164793,0.386692879537351,0.5344048360514376,1.0721064761218078,0.058488328195737925,CSI_nonSOE
CSI,300498.SZ,温氏股份,日常消费,食品饮料,日常消费--食品饮料--食品--食品加工与肉类,民营企业,93857512000.0,104700576011.3,5266415817.82,706851580.34,89507573237.28,0.06673477094865675,25.265043639396893,0.20826747992360703,0.21624588016252744,1.1212753859940572,0.06805102752127078,0.40209529851707554,0.531445428139412,1.2192177126891461,0.09733114302209503,CSI_nonSOE
CSI,300502.SZ,新易盛,信息技术,硬件设备,信息技术--硬件设备--通信设备Ⅲ--通信设备Ⅳ,民营企业,12266549853.89,8574973919.38,9531922730.17,-318175291.13,25881071176.47,0.3560033267640313,23.23014187062714,0.01738505275088082,0.12235054081259594,0.9167892018792798,0.4158348422243931,0.1971974953269278,0.3210699082416429,2.333705429770956,0.12035478817149388,CSI_nonSOE
CSI,300628.SZ,亿联网络,信息技术,硬件设备,信息技术--硬件设备--通信设备Ⅲ--通信设备Ⅳ,民营企业,9774512670.1,5554633124.62,2600608389.66,-8158583.75,10695433077.25,0.2423884836813516,23.003044086853826,0.011261560768722527,0.12235054081259594,0.5953602567194863,0.7407401433309437,0.11013354074858309,0.08459155912798472,10.09167351957344,0.014334968816257771,CSI_nonSOE
CSI,300661.SZ,圣邦股份,信息技术,半导体,信息技术--半导体--半导体产品--集成电路,民营企业,5771119000.0,3346983000.0,547060000.0,11996000.0,6954150000.0,0.08039170854813313,22.476131832805738,0.058877778820531926,0.27301628783410753,0.6388609016001285,0.48894226578935557,0.11975043314823347,0.20305576786754873,4.247602057845247,0.041640624634494625,CSI_nonSOE
CSI,300750.SZ,宁德时代,工业,电气设备,工业--电气设备--电气设备Ⅲ--电气部件与设备,民营企业,786658123000.0,362012554000.0,72201282000.0,2734017000.0,974827544000.0,0.0768703135864614,27.39105958564576,0.3218157174373474,0.14616578354193543,0.48145532065633084,0.24530421584421877,0.18678728624785332,0.6523824454298555,1.6084106967808782,0.039635951232655106,CSI_nonSOE
CSI,300759.SZ,康龙化成,医疗保健,医药生物,医疗保健--医药生物--生命科学工具和服务Ⅲ--生命科学工具和服务Ⅳ,民营企业,23927399000.0,12275775000.0,1663899000.0,192805000.0,27093783000.0,0.06852878389112366,23.8982900409409,0.059333899321146626,0.13623235092080122,0.4870941878710213,0.14143509706174082,0.44889283620003995,0.4055821529118146,1.801176418783496,0.08528469809861072,CSI_nonSOE
CSI,300760.SZ,迈瑞医疗,医疗保健,医疗设备与服务,医疗保健--医疗设备与服务--医疗保健设备与用品--医疗保健设备,民营企业,56643545000.0,36725750000.0,8135775000.0,83260000.0,59266767000.0,0.13867864599396826,24.760043872650147,0.32179879473516715,0.28019975017592524,0.7023236580193283,0.2686889212177663,0.17325905361325813,0.28044445311464883,2.4596053237664943,0.0345926089195159,CSI_nonSOE
CSI,300782.SZ,卓胜微,信息技术,半导体,信息技术--半导体--半导体产品--集成电路,民营企业,14232842014.49,4470291492.42,-292878971.29,52078551.33,15468761986.78,-0.015566883772973831,23.3788179490288,0.07863823442007634,0.27301628783410753,0.35491823328298805,0.14374177718246162,0.5787909953889264,0.2832909295223761,1.6887071474540216,0.1312548235488118,CSI_nonSOE
CSI,300803.SZ,指南针,信息技术,软件服务,信息技术--软件服务--软件--应用软件,民营企业,10873691318.0,1197190817.0,227916215.0,28253212.0,15297047896.0,0.016746330974552633,23.10961206810518,0.01396319864995031,0.23288063539086398,0.14685373700091642,0.07097571178266181,0.03483199466707539,0.7953139519129395,1.0983496672021462,0.010850320884564217,CSI_nonSOE
CSI,300832.SZ,新产业,医疗保健,医疗设备与服务,医疗保健--医疗设备与服务--医疗保健设备与用品--医疗保健设备,民营企业,9619453527.11,4519401590.07,1620252203.02,-18603587.31,9940757976.79,0.16111936528880197,22.98705329409679,0.039599953291865345,0.28019975017592524,0.5066042133917461,0.43112848799904346,0.17554715055079964,0.10841011386572032,5.563688578964682,0.04565726952079257,CSI_nonSOE
CSI,300866.SZ,安克创新,信息技术,硬件设备,信息技术--硬件设备--电子设备、仪器和元件--电子元件,民营企业,16603708000.0,24710080000.0,2545132000.0,52051000.0,20066893000.0,0.1294262644446253,23.53289188085874,0.05009765024562846,0.12235054081259594,1.68207857949979,0.3894333723527299,0.0998924457115242,0.44924832453088187,2.0956578585284587,0.02583049521227427,CSI_nonSOE
CSI,300896.SZ,爱美客,医疗保健,医药生物,医疗保健--医药生物--生物科技Ⅲ--生物科技Ⅳ,民营企业,8340486256.64,3005648760.38,1291017682.24,7502332.93,8908047716.98,0.14576931516597483,22.844387355770923,0.01452754395898557,0.13623235092080122,0.3956663002816244,0.5636658405530323,0.057518886903994905,0.04680413487993228,14.669905432296156,0.028684759242847885,CSI_nonSOE
CSI,301236.SZ,软通动力,信息技术,软件服务,信息技术--软件服务--信息技术服务--信息科技咨询与其它服务,民营企业,23181406235.97,31168612895.05,206113321.54,148030242.11,27413795767.81,0.012918443204638032,23.866616338935515,0.36352896072789204,0.23288063539086398,1.606673614880643,0.3843105760929355,0.05559719376429239,0.539903794402242,1.8904771423836906,0.02983491540245035,CSI_nonSOE
CSI,600031.SH,三一重工,工业,机械,工业--机械--机械Ⅲ--建筑机械与重型卡车,民营企业,152145076000.0,78383379000.0,8408057000.0,568877000.0,173299138000.0,0.051800223034000316,25.748100349965835,0.6778798107971808,0.5244055085518771,0.51678776096797,0.2486842952446256,0.15568259994165043,0.5201842812185391,1.5942602445250318,0.01931240285423368,CSI_nonSOE
CSI,600066.SH,宇通客车,可选消费,汽车与零配件,可选消费--汽车与零配件--汽车--汽车制造,民营企业,32150894481.86,36767928693.66,5554481970.9,42142501.83,32990246148.33,0.16964482312640478,24.193706109384845,0.03082302957797348,0.4695797494099714,1.167090399941707,0.20347454141224677,0.11826025788132398,0.5752058641856522,1.4515004232710713,0.021640433836842627,CSI_nonSOE
CSI,600089.SH,特变电工,工业,电气设备,工业--电气设备--电气设备Ⅲ--电气部件与设备,民营企业,207623323093.84,96241552725.65,5954294958.25,1564402831.35,227150381638.59,0.03310008874016643,26.058991328237212,0.08555516651416831,0.14616578354193543,0.48178392985809365,0.05163736153849319,0.4637045683714251,0.5663148523676553,1.14659778048577,0.08167376140331659,CSI_nonSOE
CSI,600196.SH,复星医药,医疗保健,医药生物,医疗保健--医药生物--制药--西药,民营企业,117422190000.0,40909878000.0,3370562000.0,1265351000.0,120015592000.0,0.038627589321894105,25.489041738404946,0.1977343656504287,0.13623235092080122,0.3544229800159293,-0.02522188523310628,0.18737186727653435,0.48991453829978815,0.9209239533769943,0.037558412085484015,CSI_nonSOE
CSI,600233.SH,圆通速递,工业,交通运输,工业--交通运输--航空运输--航空货运与物流,民营企业,48294063910.0,68774014137.86,4322350576.04,46201941.55,54177859555.9,0.08063353837525798,24.600574489637985,0.18430383484706714,0.6177817572282329,1.5006150100421187,0.030718851568273395,0.4874228593153407,0.33308402748539784,1.1078548838905522,0.14014855062649872,CSI_nonSOE
CSI,600276.SH,恒瑞医药,医疗保健,医药生物,医疗保健--医药生物--制药--西药,民营企业,50135644000.0,27984605000.0,7711055000.0,14349000.0,69867316000.0,0.11057250288532623,24.637998049157442,0.13526117378430744,0.13623235092080122,0.595923339177766,0.631912337657416,0.14149897027352437,0.08068896053274992,9.719004732228,0.03927740511321646,CSI_nonSOE
CSI,600346.SH,恒力石化,能源,石油石化,能源--石油石化--石油天然气--石油天然气炼制和销售,民营企业,273082869863.4,229849668623.04,7074582387.53,4383391966.0,262258989534.38,0.04368953900826325,26.333041138681786,1.0,1.0,0.8613733109361734,-0.21096068731519935,0.6789231145697674,0.7677717286003243,0.5598253715459319,0.07988100402790459,CSI_nonSOE
CSI,600438.SH,通威股份,工业,电气设备,工业--电气设备--电气设备Ⅲ--光伏设备,民营企业,195916763061.99,91551949878.92,-9553425884.06,2717686625.59,187779256397.63,-0.03640305851459466,26.000955727720427,0.08138628372836128,0.14616578354193543,0.5082267628454465,0.04928033267503052,0.5475577134046814,0.7043685767694937,1.1707671016140528,0.14489920404594323,CSI_nonSOE
CSI,600460.SH,士兰微,信息技术,半导体,信息技术--半导体--半导体产品--分立器件,民营企业,24796971085.75,11168154320.14,398550840.03,193368396.4,26768101138.87,0.022112858635701775,23.933987349019315,0.19646234232285345,0.27301628783410753,0.45860819027981653,0.24866733594263493,0.34990868494080707,0.4425294122085759,1.8582247793953202,0.0677977661612921,CSI_nonSOE
CSI,600522.SH,中天科技,信息技术,硬件设备,信息技术--硬件设备--通信设备Ⅲ--通信设备Ⅳ,民营企业,58324381816.14,47880280727.14,2902294275.49,-105430079.46,62112702334.24,0.04502886029623302,24.789286055846,0.0970733222041679,0.12235054081259594,0.847024672204122,0.37579825692133806,0.19226713337211587,0.3859290107577464,2.118859598169942,0.02917581621069325,CSI_nonSOE
CSI,600588.SH,用友网络,信息技术,软件服务,信息技术--软件服务--软件--应用软件,民营企业,24156836000.0,8817429000.0,-1389222622.0,142321486.0,21631280327.0,-0.05764342734921832,23.90783324117208,0.10284034170705864,0.23288063539086398,0.35498413106502114,-0.055212984018271266,0.11993549155195656,0.5943394242524145,0.892133735402295,0.07281574457847045,CSI_nonSOE
CSI,600803.SH,新奥股份,公用事业,公用事业Ⅱ,公用事业--公用事业Ⅱ--燃气Ⅲ--燃气Ⅳ,民营企业,132486000000.0,131715000000.0,4681320000.0,479670000.0,135284300000.0,0.0381492161322489,25.60974281641288,1.0,1.0,0.9864038552989767,-0.05618706882236614,0.5137222046102985,0.5430234137946651,0.8286884679999079,0.06286701991153783,CSI_nonSOE
CSI,600989.SH,宝丰能源,材料,化工,材料--化工--基础化工--商品化工,民营企业,89566217563.17,32338064155.83,11350295509.65,1139814907.38,90152489325.37,0.1385442655049918,25.21824404970597,0.056296692304437915,0.3404756158039197,0.4012253462888964,-0.1838254390109502,0.8188579564824511,0.5198388178236039,0.2252113274709627,0.12872130348285252,CSI_nonSOE
CSI,601012.SH,隆基绿能,工业,电气设备,工业--电气设备--电气设备Ⅲ--光伏设备,民营企业,152844602368.05,82246885172.59,-6419556843.85,116536191.11,153803608808.29,-0.040980967232026794,25.752687571398685,0.073114426741135,0.14616578354193543,0.5192127627761637,0.19451078153633655,0.2656773665304022,0.5982803563385438,1.4930900760214405,0.05242624304281627,CSI_nonSOE
CSI,601021.SH,春秋航空,工业,交通运输,工业--交通运输--航空客运Ⅲ--航空客运Ⅳ,民营企业,43835011780.0,19961559760.0,2317401673.0,305192659.0,46876574409.0,0.05594679997556474,24.503698690721954,0.053493925858715013,0.6177817572282329,0.4532962233653159,0.06761827552085581,0.6190179269754493,0.6034928572796656,1.3275645697116716,0.16456485847897723,CSI_nonSOE
CSI,601058.SH,赛轮轮胎,可选消费,汽车与零配件,可选消费--汽车与零配件--汽车零配件--轮胎与橡胶,民营企业,40284983406.79,31692513020.38,3522493083.51,396468014.37,46770401485.61,0.08379147865741027,24.41924461627999,0.026568243056779125,0.4695797494099714,0.8564306060584604,0.09351987172532875,0.4001837590674731,0.48934517729992033,1.239468055652332,0.09989981798631398,CSI_nonSOE
CSI,601100.SH,恒立液压,工业,机械,工业--机械--机械Ⅲ--工业机械,民营企业,19638650656.83,9299657329.97,2734121067.32,5913801.78,21670965419.64,0.12643806198946528,23.70076543368512,0.08042585088502857,0.5244055085518771,0.49552962401142503,0.5321731007881265,0.2532155299050822,0.1940190086106985,4.092754814093297,0.0545541259652376,CSI_nonSOE
CSI,601127.SH,赛力斯,可选消费,汽车与零配件,可选消费--汽车与零配件--汽车--汽车制造,民营企业,94363958000.0,145113623000.0,5956787000.0,198656000.0,143905863000.0,0.04277409461767378,25.27042503634591,0.12165062468333053,0.4695797494099714,1.9932008699841546,-0.1088015193258426,0.10664470008771781,0.873833641017898,0.8653776997024342,0.07570617162963851,CSI_nonSOE
CSI,601360.SH,三六零,信息技术,软件服务,信息技术--软件服务--软件--应用软件,民营企业,38256187000.0,7870205000.0,263013000.0,-635560000.0,37516528000.0,-0.009930209959727617,24.367571135772558,0.0917925816589622,0.23288063539086398,0.20070767632290265,0.5268421288300373,0.03935637913940561,0.21227478838913036,4.095331272335792,0.019830909964968543,CSI_nonSOE
CSI,601633.SH,长城汽车,可选消费,汽车与零配件,可选消费--汽车与零配件--汽车--汽车制造,民营企业,217266223746.47,202195472334.88,9865280190.16,735538728.32,225287872883.05,0.04705454751212032,26.10438927607798,0.16950307634231715,0.4695797494099714,0.9662023091638492,0.05157859447769814,0.1546938086424769,0.6364081473111004,1.091682865659998,0.05402313955912672,CSI_nonSOE
CSI,601877.SH,正泰电器,工业,电气设备,工业--电气设备--电气设备Ⅲ--电气部件与设备,民营企业,138081167945.54,64042886154.97,4501407070.08,1868199701.91,158643189137.54,0.04015052147286132,25.651107522715773,0.05693174760652094,0.14616578354193543,0.4947577675005134,0.1782101305314518,0.2118970270024071,0.6327767514559337,1.433587511000688,0.021373685242682846,CSI_nonSOE
CSI,603195.SH,公牛集团,工业,电气设备,工业--电气设备--电气设备Ⅲ--电气部件与设备,民营企业,20494034490.68,16697363009.06,4070632747.77,-96686209.09,22556242542.63,0.17617945591644837,23.74339968028729,0.014843335670818945,0.14616578354193543,0.8295540229107302,0.5830578420005148,0.17266322075622645,0.22538530039171112,3.72304002114063,0.04579477110067357,CSI_nonSOE
CSI,603259.SH,药明康德,医疗保健,医药生物,医疗保健--医药生物--生命科学工具和服务Ⅲ--生命科学工具和服务Ⅳ,民营企业,80325824000.0,39241431000.0,19194927000.0,306492000.0,103120969000.0,0.18911206119484777,25.10935700022127,0.1896700710278351,0.13623235092080122,0.5096449484166624,0.27966145731664077,0.31456679485790273,0.26442568457187565,2.384437186597038,0.04984067141346723,CSI_nonSOE
CSI,603260.SH,合盛硅业,材料,化工,材料--化工--基础化工--商品化工,民营企业,90773438669.86,26188634721.07,-2990853048.26,1165138162.73,83606668256.61,-0.021836953003873085,25.231632554097345,0.045591272985943405,0.3404756158039197,0.30081567776208396,-0.2685964267344153,0.7547226388150188,0.638335393981934,0.35715759860955454,0.06179094980602932,CSI_nonSOE
CSI,603288.SH,海天味业,日常消费,食品饮料,日常消费--食品饮料--食品--食品加工与肉类,民营企业,40858435000.0,26900978000.0,7038465000.0,25520000.0,52183944000.0,0.13536702017003543,24.43337912408499,0.053510678823158755,0.21624588016252744,0.6786154306594268,0.5838774294708057,0.13914715529363766,0.23144525726450366,3.654893486839389,0.038564864268540874,CSI_nonSOE
CSI,603296.SH,华勤技术,信息技术,硬件设备,信息技术--硬件设备--电脑与外围设备--电脑硬件、储存设备及电脑周边,民营企业,76296823000.0,109877987000.0,4081338000.0,308359000.0,96205628000.0,0.04562827654947588,25.05789713609994,0.22276856094434785,0.12235054081259594,1.7194434124804288,0.0858833008027084,0.12653268668867115,0.6995410936049067,1.1319259868135279,0.027090616866183276,CSI_nonSOE
CSI,603392.SH,万泰生物,医疗保健,医药生物,医疗保健--医药生物--生物科技Ⅲ--生物科技Ⅳ,民营企业,14689396309.47,2222303008.76,-398267667.27,-11369740.74,14044056851.29,-0.029168025474944813,23.410391730948753,0.010741309854803227,0.13623235092080122,0.14618301516435028,0.43315623062453634,0.23261606026499032,0.15258873792212854,4.162314511357147,0.06040749687636523,CSI_nonSOE
CSI,603501.SH,豪威集团,信息技术,半导体,信息技术--半导体--半导体产品--集成电路,民营企业,38964574000.0,25706819000.0,4045416530.33,302467921.86,43600508995.65,0.09972095629947314,24.38591871129368,0.45221634028659474,0.27301628783410753,0.670253605966063,0.3646592671589326,0.09053049059384044,0.3788616808693969,2.870703402099263,0.03204498014016527,CSI_nonSOE
CSI,603799.SH,华友钴业,材料,有色金属,材料--有色金属--其他金属与采矿--金属非金属,民营企业,136591394324.44,60502773799.04,6110378757.84,2399184377.14,159437759775.5,0.05337232000099654,25.640259783009554,0.19818303404009233,0.5317816081836909,0.46165646432041896,0.012859580719469276,0.4465907849875819,0.6437504298289217,1.0335578552577243,0.04920935773782729,CSI_nonSOE
CSI,603893.SH,瑞芯微,信息技术,半导体,信息技术--半导体--半导体产品--集成电路,民营企业,4265988219.99,3124647739.06,1039952125.0,-49904317.15,5584701847.04,0.17727854323588366,22.17393969562045,0.05496661275914752,0.27301628783410753,0.8039532278619531,0.6926399630908794,0.008673564722147014,0.16880119938111035,5.44868532305547,0.029256420272133935,CSI_nonSOE
CSI,603986.SH,兆易创新,信息技术,半导体,信息技术--半导体--半导体产品--集成电路,民营企业,19228830000.0,7355978000.0,1648022000.0,22132000.0,21396582000.0,0.07805704668156811,23.679676552262425,0.12940120869831093,0.27301628783410753,0.41227733748526324,0.5254760690067987,0.05665914150782965,0.13261612901044942,5.335661725109601,0.025951552954599943,CSI_nonSOE
CSI,603993.SH,洛阳钼业,材料,有色金属,材料--有色金属--其他金属与采矿--金属非金属,民营企业,170236431691.82,213028664834.79,20338750797.53,2630714020.64,200932364610.99,0.11431441053629886,25.860454082423132,0.6977972162846274,0.5317816081836909,1.2413861337562409,0.19804101568131008,0.28476168469166374,0.49515955374140047,1.7416047761684283,0.028791246774326696,CSI_nonSOE
CSI,605117.SH,德业股份,工业,电气设备,工业--电气设备--电气设备Ⅲ--光伏设备,民营企业,15114421000.0,11206468000.0,3170769705.42,-129277566.96,19906773218.39,0.1527867979954808,23.4389151581259,0.009962133908092799,0.14616578354193543,0.8643029336252168,0.35095648056912004,0.15966519656955433,0.37445728155911495,1.962657204098599,0.030594291372458133,CSI_nonSOE
CSI,605499.SH,东鹏饮料,日常消费,食品饮料,日常消费--食品饮料--饮料--软饮料,民营企业,22676297000.0,15830336000.0,4415263000.0,101132000.0,26720736000.0,0.1690221032833826,23.844586030870765,0.031489265013290135,0.21624588016252744,0.8468511780517096,-0.09434595957179429,0.18870148860724484,0.6608096551213807,0.855883398645824,0.058408522343837706,CSI_nonSOE
CSI,688036.SH,传音控股,信息技术,硬件设备,信息技术--硬件设备--通信设备Ⅲ--通信设备Ⅳ,民营企业,45062400000.0,68715279000.0,2580636983.0,133243916.08,44382261831.55,0.06114787275556976,24.531314032849032,0.13931456368707743,0.12235054081259594,1.507188331349913,0.32896021960659,0.06195974914784832,0.5485030535435308,1.6180321414101306,,CSI_nonSOE
CSI,688047.SH,龙芯中科,信息技术,半导体,信息技术--半导体--半导体产品--集成电路,民营企业,3497483392.2,501918584.8,-455140256.17,-1502303.27,3161870916.43,-0.14442163247941356,21.97530951601515,0.008829399916811288,0.27301628783410753,0.13191768478119537,0.6335495033204979,0.08723652305267407,0.160425727321914,6.750082674909443,0.020481814798537185,CSI_nonSOE
CSI,688111.SH,金山办公,信息技术,软件服务,信息技术--软件服务--软件--应用软件,民营企业,15912888756.23,5071668434.0,1836468727.81,488890.74,18155801690.14,0.10117744453816158,23.490395231402207,0.059152403129921774,0.23288063539086398,0.33939061770580864,0.16605210762411038,0.027123338105472624,0.2813014782081909,1.7631757576929075,0.010996858254381348,CSI_nonSOE
CSI,688169.SH,石头科技,可选消费,家电Ⅱ,可选消费--家电Ⅱ--家电Ⅲ--家用电器,民营企业,17484730000.0,11918473000.0,1363322277.0,-152791423.0,19669397566.0,0.06154387036705647,23.58459376553526,0.022846423097762324,0.6526875314442925,0.7481456228564168,0.4189418995889556,0.07994701662536396,0.26391863071377136,2.654501648496725,0.01673145653378691,CSI_nonSOE
CSI,688223.SH,晶科能源,工业,电气设备,工业--电气设备--电气设备Ⅲ--光伏设备,民营企业,121109877893.38,92045573706.01,-6881512301.12,1370318563.85,117962654800.03,-0.04671981778142042,25.519964052249815,0.08182509698028827,0.14616578354193543,0.7269823884482021,0.154412693885411,0.36719071231571937,0.7199151157091196,1.373349379984634,0.07584141467912478,CSI_nonSOE
CSI,688256.SH,寒武纪,信息技术,半导体,信息技术--半导体--半导体产品--集成电路,民营企业,6717812509.7,1171492948.52,2059228538.67,10961179.66,13437714065.91,0.15405817597963656,22.62802841909865,0.0206080827756739,0.27301628783410753,0.17836578074803208,0.7416373459167128,0.056812051064081215,0.19162978070483377,7.0896730685718,0.05448936460960368,CSI_nonSOE
CSI,688271.SH,联影医疗,医疗保健,医疗设备与服务,医疗保健--医疗设备与服务--医疗保健设备与用品--医疗保健设备,民营企业,28035688872.48,10243323210.94,1869300805.65,-30626038.58,32784579366.01,0.056083524712727574,24.056744138093894,0.08975416603781418,0.28019975017592524,0.3838475602409031,0.49287514315240966,0.16814667143304604,0.28996782767802487,2.9528812815727967,0.06940199779467317,CSI_nonSOE
CSI,688303.SH,大全能源,工业,电气设备,工业--电气设备--电气设备Ⅲ--光伏设备,民营企业,44200249316.2,7342305450.51,-1129167857.67,19346696.57,42704100006.61,-0.025988632494964543,24.511996266652165,0.006527036894416711,0.14616578354193543,0.15474539104301796,0.28971875112809725,0.5745644601154333,0.09145894178018506,4.40505678455856,0.011927645970693025,CSI_nonSOE
CSI,688506.SH,百利天恒,医疗保健,医药生物,医疗保健--医药生物--制药--西药,民营企业,7137359000.0,5821050000.0,-1053617853.77,-42777542.96,11447802237.4,-0.09577343965185504,22.6886086569173,0.028135542940739836,0.13623235092080122,1.3596679831889393,0.6042220939145698,0.07712460589414095,0.45555141614706507,3.1620520029518873,0.011752106066123338,CSI_nonSOE
