市场,证券代码,证券简称,一级行业,二级行业,行业全路径,企业所有制性质,资产总计_2018,营业收入_2018,归母净利润_2019,利息支出_2019,资产总计_2019,EBI_A_2019,FirmSize_2018,MarketShare_2018_二级行业,HHI_2018_二级行业,AssetTurnover_2018,WorkingCapitalRatio_2018,FixedAssetsRatio_2018,FinancialLeverage_2018,CurrentRatio_2018,CapexRatio_2018,Revenue Growth Rate
H,1398.HK,工商银行,金融,银行,金融--银行--商业银行--多元化银行,中央国有企业,2.76995E+13,,3.12224E+11,4.31228E+11,3.01094E+13,0.024691661,30.95243692,,,,,0.010484073,0.915345778,,0.002184007,
H,0939.HK,建设银行,金融,银行,金融--银行--商业银行--多元化银行,中央国有企业,2.32227E+13,,2.66733E+11,3.72819E+11,2.54363E+13,0.025143318,30.77615106,,,,,0.007302082,0.914239318,,0.000894944,
H,1288.HK,农业银行,金融,银行,金融--银行--商业银行--多元化银行,中央国有企业,2.26095E+13,,2.12098E+11,3.7227E+11,2.48783E+13,0.023489076,30.74939001,,,,,0.006742838,0.925925423,,0.00075402,
H,3988.HK,中国银行,金融,银行,金融--银行--商业银行--多元化银行,中央国有企业,2.12673E+13,,1.87405E+11,3.67957E+11,2.27697E+13,0.024390349,30.68819062,,,,,0.010692202,0.9188708,,0.001981871,
H,1658.HK,邮储银行,金融,银行,金融--银行--商业银行--多元化银行,中央国有企业,9.51621E+12,,60933000000,1.48014E+11,1.02167E+13,0.020451504,29.88401788,,,,,0.004770701,0.950052284,,0.000664971,
H,3328.HK,交通银行,金融,银行,金融--银行--商业银行--多元化银行,中央国有企业,9.53117E+12,,77281000000,2.2337E+11,9.9056E+12,0.030351619,29.8855887,,,,,0.016082599,0.925999859,,0.003288473,
H,2318.HK,中国平安,金融,非银金融,金融--非银金融--保险--多元化保险,公众企业,7.14296E+12,,1.49407E+11,1.38167E+11,8.22293E+12,0.03497221,29.59714837,,1.106388289,,,0.006905121,0.904291358,,0.001492799,
H,3968.HK,招商银行,金融,银行,金融--银行--商业银行--多元化银行,公众企业,6.74573E+12,,92867000000,1.19904E+11,7.41724E+12,0.028686007,29.53993068,,,,,0.008332087,0.919414936,,0.002593048,
H,0998.HK,中信银行,金融,银行,金融--银行--商业银行--多元化银行,中央国有企业,6.06671E+12,,48015000000,1.41227E+11,6.75043E+12,0.028034054,29.43383822,,,,,0.003524972,0.925316077,,0.00078362,
H,1988.HK,民生银行,金融,银行,金融--银行--商业银行--多元化银行,公众企业,5.99482E+12,,53819000000,1.52781E+11,6.68184E+12,0.030919622,29.42191721,,,,,0.00813452,0.928104454,,0.000968002,
H,6818.HK,中国光大银行,金融,银行,金融--银行--商业银行--多元化银行,中央国有企业,4.35733E+12,,37354000000,1.08126E+11,4.73343E+12,0.030734577,29.10288106,,,,,0.004186277,0.925993016,,0.000932451,
H,2628.HK,中国人寿,金融,非银金融,金融--非银金融--保险--人寿与健康保险,中央国有企业,3.2544E+12,,58287000000,13412000000,3.72673E+12,0.019239098,28.81102996,,1.106388289,,,0.014528317,0.900660736,,0.006006017,
H,2016.HK,浙商银行,金融,银行,金融--银行--商业银行--多元化银行,公众企业,1.64669E+12,,12924764000,45614289000,1.80079E+12,0.032507504,28.12979121,,,,,0.006289662,0.93778535,,0.003017576,
H,2799.HK,中信金融资产,金融,非银金融,金融--非银金融--资本市场--资产管理与托管银行,中央国有企业,1.71009E+12,,1424432000,60256729000,1.70501E+12,0.036176371,28.16756518,,1.106388289,,,0.006247928,0.901405601,,0.002159001,
H,1359.HK,中国信达,金融,非银金融,金融--非银金融--资本市场--资产管理与托管银行,中央国有企业,1.49576E+12,,13052946000,,1.51323E+12,,28.03365503,,1.106388289,,,0.007885115,0.880616837,,0.001836869,
H,2202.HK,万科企业,房地产,房地产Ⅱ,房地产--房地产Ⅱ--房地产管理和开发--房地产开发,公众企业,1.52866E+12,2.97083E+11,38872087000,9255269000,1.73E+12,0.027819228,28.05541488,0.736656873,0.581142232,0.220543225,0.113329054,0.012096263,0.845864873,1.154416459,0.003857454,25.1695
H,2601.HK,中国太保,金融,非银金融,金融--非银金融--保险--多元化保险,公众企业,1.33596E+12,,27741000000,6516000000,1.52833E+12,0.022414618,27.9206705,,1.106388289,,,0.0144473,0.884691072,,0.003126593,
H,0857.HK,中国石油股份,能源,石油石化,能源--石油石化--石油天然气--综合性石油天然气,中央国有企业,2.43227E+12,2.35359E+12,45682000000,30409000000,2.73291E+12,0.027842483,28.51984445,0.435319086,0.46316146,0.973184769,-0.063010378,0.701362844,0.420023139,0.738639736,0.113369179,16.7518
H,3698.HK,徽商银行,金融,银行,金融--银行--商业银行--区域性银行,公众企业,1.05051E+12,,9818780000,23102774000,1.13172E+12,0.029089808,27.68029336,,,,,0.002124419,0.933101345,,0.000721462,
H,9668.HK,渤海银行,金融,银行,金融--银行--商业银行--多元化银行,地方国有企业,1.03445E+12,,8192756000,28576886000,1.11693E+12,0.032920274,27.66489229,,,,,0.003786798,0.946001209,,0.00044774,
H,3618.HK,重庆农村商业银行,金融,银行,金融--银行--商业银行--区域性银行,地方国有企业,9.50618E+11,,9759893000,21763951000,1.03023E+12,0.030598834,27.58037818,,,,,0.0050931,0.924103205,,0.00062198,
H,1339.HK,中国人民保险集团,金融,非银金融,金融--非银金融--保险--财产与意外伤害保险,中央国有企业,1.03164E+12,,22135000000,5807000000,1.13323E+12,0.024656976,27.66216604,,1.106388289,,,0.02498752,0.800025203,,0.004959118,
H,0386.HK,中国石油化工股份,能源,石油石化,能源--石油石化--石油天然气--综合性石油天然气,中央国有企业,1.59231E+12,2.82561E+12,57465000000,17003000000,1.75507E+12,0.042430192,28.09620565,0.52262472,0.46316146,1.772760125,-0.038295355,0.473981792,0.462079573,0.892093053,0.06469477,22.8276
H,1800.HK,中国交通建设,工业,建筑,工业--建筑--建筑与工程Ⅲ--建筑与工程Ⅳ,中央国有企业,9.60476E+11,4.88666E+11,20094000000,13834000000,1.1204E+12,0.030282042,27.59069483,0.188520854,0.216997391,0.539853864,0.001700199,0.058684444,0.750454983,1.003403012,0.04009158,6.2163
H,0390.HK,中国中铁,工业,建筑,工业--建筑--建筑与工程Ⅲ--建筑与工程Ⅳ,中央国有企业,9.42513E+11,7.40383E+11,23678000000,8060000000,1.05604E+12,0.030053757,27.57181555,0.28562993,0.216997391,0.828894418,0.031368268,0.068632475,0.764479641,1.047495883,0.020089909,7.493
H,1186.HK,中国铁建,工业,建筑,工业--建筑--建筑与工程Ⅲ--建筑与工程Ⅳ,中央国有企业,9.17671E+11,7.30123E+11,20197378000,6693276000,1.08124E+12,0.024870217,27.54510432,0.281671776,0.216997391,0.839435107,0.057684202,0.059639027,0.774063963,1.088617697,0.035240302,7.2163
H,1551.HK,广州农商银行,金融,银行,金融--银行--商业银行--区域性银行,公众企业,7.6329E+11,,7520348000,17181707000,8.94154E+11,0.027626166,27.36090335,,,,,0.003120364,0.927182202,,0.002997689,
H,1336.HK,新华保险,金融,非银金融,金融--非银金融--保险--人寿与健康保险,中央国有企业,7.33929E+11,,14559000000,1042000000,8.7897E+11,0.017749184,27.32167813,,1.106388289,,,0.016069674,0.910623507,,0.010635906,
H,1578.HK,天津银行,金融,银行,金融--银行--商业银行--区域性银行,公众企业,6.5934E+11,,4547971000,19045250000,6.69401E+11,0.035245267,27.21450502,,,,,0.002893139,0.927623466,,0.000846748,
H,6138.HK,哈尔滨银行,金融,银行,金融--银行--商业银行--区域性银行,地方国有企业,6.15588E+11,,3558447000,17585533000,5.83089E+11,0.036261984,27.14584453,,,,,0.014381263,0.922851843,,0.001120273,
H,1216.HK,中原银行,金融,银行,金融--银行--商业银行--区域性银行,公众企业,6.20444E+11,,3163849000,13644728000,7.09885E+11,0.023677886,27.15370162,,,,,0.006633003,0.910261471,,0.0012354,
H,6030.HK,中信证券,金融,非银金融,金融--非银金融--资本市场--投资银行业与经纪业,中央国有企业,6.53133E+11,,12228610000,11212466000,7.91722E+11,0.029607695,27.20504619,,1.106388289,,,0.012319446,0.759878059,,0.000688785,
H,3396.HK,联想控股,信息技术,硬件设备,信息技术--硬件设备--电脑与外围设备--电脑硬件、储存设备及电脑周边,中央国有企业,5.58267E+11,3.5892E+11,3606896000,6721509000,6.24075E+11,0.016549937,27.04810298,0.670696947,0.481973627,0.803544955,-0.16942951,0.037997394,0.851293397,0.739533695,0.008968119,13.4878
H,6196.HK,郑州银行,金融,银行,金融--银行--商业银行--区域性银行,地方国有企业,4.66142E+11,,3285122000,12573369000,5.00478E+11,0.031686681,26.86775704,,,,,0.004465052,0.918772681,,0.001381704,
H,1963.HK,重庆银行,金融,银行,金融--银行--商业银行--区域性银行,地方国有企业,4.50369E+11,,4207488000,13053512000,5.01232E+11,0.034437156,26.83333302,,,,,0.006712922,0.923148407,,0.000912907,
H,2328.HK,中国财险,金融,非银金融,金融--非银金融--保险--财产与意外伤害保险,中央国有企业,5.50619E+11,,24282000000,1385000000,5.96081E+11,0.043059584,27.03430894,,1.106388289,,,0.031301136,0.743011048,,0.007586008,
H,1916.HK,江西银行,金融,银行,金融--银行--商业银行--区域性银行,公众企业,4.19064E+11,,2050589000,9871279000,4.56119E+11,0.026137653,26.76129014,,,,,0.005983898,0.921703338,,0.000919017,
H,9889.HK,东莞农商银行,金融,银行,金融--银行--商业银行--区域性银行,公众企业,4.07905E+11,,4935856000,8551824000,4.61209E+11,0.029244195,26.73429929,,,,,0.00342267,0.926858954,,0.000400716,
H,1618.HK,中国中冶,工业,建筑,工业--建筑--建筑与工程Ⅲ--建筑与工程Ⅳ,中央国有企业,4.38916E+11,2.89535E+11,6599712000,4167976000,4.58506E+11,0.023484279,26.80757353,0.111698574,0.216997391,0.678479116,0.096500586,0.070059014,0.766083987,1.142580396,0.012747792,18.6618
H,0728.HK,中国电信,通讯服务,电信服务,通讯服务--电信服务--多元电信服务--综合电信业务,中央国有企业,6.63382E+11,3.77124E+11,20517000000,4090000000,7.03131E+11,0.034996324,27.22061683,0.679356259,0.51484646,0.56942599,-0.280253308,0.715182203,0.481295845,0.281959679,0.126405299,2.9749
H,6199.HK,贵州银行,金融,银行,金融--银行--商业银行--区域性银行,地方国有企业,3.41203E+11,,3563637000,8393268000,4.09389E+11,0.029206722,26.55574309,,,,,0.009652231,0.925384888,,0.005405098,
H,0902.HK,华能国际电力股份,公用事业,公用事业Ⅱ,公用事业--公用事业Ⅱ--电力--电力公用事业,中央国有企业,4.19903E+11,1.69551E+11,766345000,10762718000,4.2825E+11,0.026921334,26.76329031,0.348198888,0.206277216,0.415314426,-0.181963664,0.671729097,0.72345617,0.447151161,0.04931611,11.2103
H,2139.HK,甘肃银行,金融,银行,金融--银行--商业银行--区域性银行,地方国有企业,3.28622E+11,,509111000,9092094000,3.35044E+11,0.028656508,26.51817512,,,,,0.009149894,0.923171417,,0.004266073,
H,2611.HK,国泰海通,金融,非银金融,金融--非银金融--资本市场--投资银行业与经纪业,地方国有企业,4.36729E+11,,8637037000,7403450000,5.59314E+11,0.028678844,26.80257889,,1.106388289,,,0.009346769,0.693921476,,0.002102789,
H,1776.HK,广发证券,金融,非银金融,金融--非银金融--资本市场--投资银行业与经纪业,公众企业,3.89106E+11,,7538921000,7434170000,3.94391E+11,0.037965087,26.6871175,,1.106388289,,,0.006244605,0.772223542,,0.00166165,
H,3323.HK,中国建材,材料,建材Ⅱ,材料--建材Ⅱ--建材Ⅲ--建材Ⅳ,中央国有企业,4.36648E+11,2.18955E+11,10974167000,9543273000,4.46548E+11,0.045946776,26.8023936,0.474309313,0.338348875,0.558671838,-0.130352547,0.401870147,0.687563034,0.733674964,0.041433839,18.9194
H,2777.HK,富力地产,房地产,房地产Ⅱ,房地产--房地产Ⅱ--房地产管理和开发--房地产开发,外资企业,3.66194E+11,76857682000,9672051000,5225439000,4.27326E+11,0.034862093,26.62642889,0.190578823,0.581142232,0.231393497,0.254937265,0.095296162,0.809225172,1.525303397,0.009766429,29.6567
H,3996.HK,中国能源建设,工业,建筑,工业--建筑--建筑与工程Ⅲ--建筑与工程Ⅳ,中央国有企业,3.89386E+11,2.24034E+11,5078524000,4355663000,4.2167E+11,0.022373373,26.68783575,0.086429476,0.216997391,0.611053387,0.080332028,0.089422698,0.755605049,1.138216335,0.041483933,-4.41
H,3866.HK,青岛银行,金融,银行,金融--银行--商业银行--区域性银行,公众企业,3.17659E+11,,2284815000,7668949000,3.73622E+11,0.026641258,26.48424275,,,,,0.009835578,0.913439358,,0.000871178,
H,6190.HK,九江银行,金融,银行,金融--银行--商业银行--区域性银行,公众企业,3.11623E+11,,1837210000,8443432000,3.63352E+11,0.028293922,26.46505839,,,,,0.008068034,0.924269736,,0.001296938,
H,6806.HK,申万宏源,金融,非银金融,金融--非银金融--资本市场--投资银行业与经纪业,中央国有企业,3.47725E+11,,5735413000,7807128000,3.88537E+11,0.034855192,26.57467788,,1.106388289,,,0.003951223,0.79525222,,0.000749713,
H,6886.HK,华泰证券,金融,非银金融,金融--非银金融--资本市场--投资银行业与经纪业,地方国有企业,3.68666E+11,,9001644000,6561019000,5.62181E+11,0.027682673,26.63315658,,1.106388289,,,0.009624306,0.715868456,,0.002589469,
H,1816.HK,中广核电力,公用事业,公用事业Ⅱ,公用事业--公用事业Ⅱ--电力--独立电力生产商与能源贸易商,中央国有企业,3.68556E+11,50827919184,9465700356,7996857032,3.87975E+11,0.045009464,26.63285761,0.104383131,0.206277216,0.139621345,-0.014209997,0.774577497,0.693056818,0.913613736,0.045123692,11.383
H,1508.HK,中国再保险,金融,非银金融,金融--非银金融--保险--再保险,中央国有企业,3.40907E+11,,6049345000,2641483000,3.96638E+11,0.021911212,26.55487547,,1.106388289,,,0.00815164,0.74405388,,0.012032288,
H,3908.HK,中金公司,金融,非银金融,金融--非银金融--资本市场--投资银行业与经纪业,中央国有企业,2.75421E+11,,4238719317,5895513419,3.44971E+11,0.029377036,26.341565,,1.106388289,,,0.002168347,0.846138068,,0.001625359,
H,6099.HK,招商证券,金融,非银金融,金融--非银金融--资本市场--投资银行业与经纪业,中央国有企业,3.04931E+11,,7282381000,6393610000,3.81772E+11,0.035822415,26.44335039,,1.106388289,,,0.005341515,0.73504684,,0.001512931,
H,0991.HK,大唐发电,公用事业,公用事业Ⅱ,公用事业--公用事业Ⅱ--电力--电力公用事业,中央国有企业,2.8825E+11,93389625000,985663000,7128506000,2.82415E+11,0.028731349,26.38709513,0.191790292,0.206277216,0.356325074,-0.199036819,0.754296965,0.755456231,0.377454939,0.046030647,10.9337
H,1606.HK,国银金租,金融,非银金融,金融--非银金融--金融服务--特殊金融服务,中央国有企业,2.38067E+11,,2938125000,7167284000,2.61301E+11,0.038673491,26.19581792,,1.106388289,,,0.264793477,0.898335211,,0.10927884,
H,2558.HK,晋商银行,金融,银行,金融--银行--商业银行--区域性银行,公众企业,2.27248E+11,,1483630000,5496250000,2.47571E+11,0.028193423,26.14930707,,,,,0.003285514,0.929609941,,0.001876233,
H,1766.HK,中国中车,工业,机械,工业--机械--机械Ⅲ--建筑机械与重型卡车,中央国有企业,3.57523E+11,2.14522E+11,11794929000,1131836000,3.83572E+11,0.03370097,26.60246567,0.3312205,0.203924521,0.585569598,0.110528546,0.182542147,0.581328737,1.209801974,0.025459091,3.6115
H,9677.HK,威海银行,金融,银行,金融--银行--商业银行--区域性银行,地方国有企业,2.03122E+11,,1439696000,5651369000,2.24636E+11,0.03156698,26.03707205,,,,,0.003563471,0.932023785,,0.000304851,
H,2009.HK,金隅集团,材料,建材Ⅱ,材料--建材Ⅱ--建材Ⅲ--建材Ⅳ,地方国有企业,2.68276E+11,83116733092,3693582654,3870264661,2.82124E+11,0.026810388,26.31528248,0.180050725,0.338348875,0.332145698,0.148934657,0.177512827,0.704727685,1.309248353,0.009144064,30.5259
H,6881.HK,中国银河,金融,非银金融,金融--非银金融--资本市场--投资银行业与经纪业,中央国有企业,2.51363E+11,,5228429000,6035711000,3.15666E+11,0.035683743,26.2501651,,1.106388289,,,0.001450076,0.736087713,,0.005342176,
H,1088.HK,中国神华,能源,煤炭Ⅱ,能源--煤炭Ⅱ--煤炭Ⅲ--煤炭与消费用燃料,中央国有企业,5.91626E+11,2.64101E+11,41707000000,3067000000,5.63083E+11,0.079515809,27.10614052,0.595976491,0.433863723,0.454082948,0.1857846,0.496824007,0.308960391,1.890858398,0.035385531,6.173
H,0670.HK,中国东方航空股份,工业,交通运输,工业--交通运输--航空客运Ⅲ--航空客运Ⅳ,中央国有企业,2.39017E+11,1.15278E+11,3192000000,5170000000,2.85185E+11,0.029321318,26.19980052,0.144033151,0.126265665,0.491859096,-0.239029023,0.753519624,0.742273562,0.218055403,0.045402628,12.4938
H,3958.HK,东方证券,金融,非银金融,金融--非银金融--资本市场--投资银行业与经纪业,地方国有企业,2.2687E+11,,2435080000,5195473000,2.62971E+11,0.02901666,26.14764156,,1.106388289,,,0.00986279,0.769592598,,0.001840488,
H,1919.HK,中远海控,工业,交通运输,工业--交通运输--海上运输Ⅲ--海上运输Ⅳ,中央国有企业,2.28144E+11,1.20342E+11,6690106000,5462722000,2.62224E+11,0.046345211,26.15324199,0.150360679,0.126265665,0.666100324,-0.126402542,0.505757923,0.752993999,0.675445454,0.08717098,33.1234
H,0300.HK,美的集团,可选消费,家电Ⅱ,可选消费--家电Ⅱ--家电Ⅲ--家用电器,民营企业,2.63701E+11,2.58047E+11,24211222000,880703000,3.01955E+11,0.083098111,26.29808228,0.547103396,0.446928239,1.008375215,0.198931064,0.092964453,0.649396608,1.402809735,0.021281102,7.8361
H,1055.HK,中国南方航空股份,工业,交通运输,工业--交通运输--航空客运Ⅲ--航空客运Ⅳ,中央国有企业,2.46949E+11,1.38064E+11,2640000000,5845000000,3.06928E+11,0.02764492,26.23244767,0.172502932,0.126265665,0.59297309,-0.24140612,0.844235044,0.682246132,0.287643242,0.097534309,13.2851
H,1099.HK,国药控股,医疗保健,医疗设备与服务,医疗保健--医疗设备与服务--医疗保健提供商与服务--保健护理产品经销商,中央国有企业,2.35771E+11,3.44526E+11,6252537000,3442507000,2.69888E+11,0.035922422,26.18612716,0.941992192,0.888164266,1.700060357,0.189082531,0.046762038,0.710415001,1.278496732,0.014438243,11.7308
H,1071.HK,华电国际电力股份,公用事业,公用事业Ⅱ,公用事业--公用事业Ⅱ--电力--电力公用事业,中央国有企业,2.27496E+11,87419418000,3385324000,4956059000,2.32164E+11,0.035928784,26.15039902,0.179529532,0.206277216,0.391599295,-0.218739097,0.773628096,0.700030648,0.341196999,0.07580338,11.4135
H,6178.HK,光大证券,金融,非银金融,金融--非银金融--资本市场--投资银行业与经纪业,中央国有企业,2.05779E+11,,567945000,4362845000,2.0409E+11,0.024159839,26.0500688,,1.106388289,,,0.003887874,0.763057231,,0.001100433,
H,1898.HK,中煤能源,能源,煤炭Ⅱ,能源--煤炭Ⅱ--煤炭Ⅲ--煤炭与消费用燃料,中央国有企业,2.64566E+11,1.0414E+11,6197168000,4882121000,2.72469E+11,0.040662582,26.30135748,0.235004907,0.433863723,0.40562245,-0.051643698,0.498581841,0.582205584,0.802290686,0.035635828,27.7595
H,6066.HK,中信建投证券,金融,非银金融,金融--非银金融--资本市场--投资银行业与经纪业,地方国有企业,1.95082E+11,,5501688000,4683906000,2.8567E+11,0.035655152,25.99668742,,1.106388289,,,0.002313772,0.754650249,,0.000886113,
H,2727.HK,上海电气,工业,电气设备,工业--电气设备--电气设备Ⅲ--重型电气设备,地方国有企业,2.18522E+11,1.01158E+11,3719804000,1704659000,2.80524E+11,0.019336923,26.11015192,0.344327895,0.179548207,0.484160625,0.146917468,0.074038696,0.663024018,1.268381558,0.015053679,27.1721
H,0753.HK,中国国航,工业,交通运输,工业--交通运输--航空客运Ⅲ--航空客运Ⅳ,中央国有企业,2.43657E+11,1.36774E+11,6420294000,4948928000,2.94206E+11,0.038643697,26.21902778,0.170891655,0.126265665,0.570723639,-0.200337972,0.704525554,0.587543188,0.327076743,0.037507993,12.6987
H,2338.HK,潍柴动力,工业,机械,工业--机械--机械Ⅲ--建筑机械与重型卡车,地方国有企业,2.05276E+11,1.59256E+11,9104955354,1233361936,2.36832E+11,0.043652595,26.04762303,0.24589032,0.203924521,0.806533158,0.094937857,0.157359438,0.696704841,1.219918367,0.017944605,5.0712
H,0788.HK,中国铁塔,通讯服务,电信服务,通讯服务--电信服务--多元电信服务--综合电信业务,中央国有企业,3.15364E+11,71819000000,5222000000,4661000000,3.38067E+11,0.02923385,26.47699336,0.129375715,0.51484646,0.225135461,-0.263061098,0.828401466,0.427639173,0.277093736,0.104625132,4.5933
H,1211.HK,比亚迪股份,可选消费,汽车与零配件,可选消费--汽车与零配件--汽车--汽车制造,民营企业,1.94571E+11,1.21791E+11,1614450000,3487407000,1.95642E+11,0.026077568,25.99406337,0.222576871,0.18931341,0.653611824,-0.00621614,0.254326505,0.688062687,0.989624332,0.076265318,18.6461
H,2600.HK,中国铝业,材料,有色金属,材料--有色金属--其他金属与采矿--铝,中央国有企业,2.00876E+11,1.8024E+11,850999000,4863079000,2.03071E+11,0.028138373,26.02595421,0.295690431,0.251639439,0.898902434,-0.078920896,0.528651052,0.663129674,0.787911317,0.034110686,-0.431
H,2866.HK,中远海发,工业,机械,工业--机械--机械Ⅲ--工业机械,中央国有企业,1.37837E+11,16242002000,1744733000,3540784000,1.44494E+11,0.036579461,25.64934073,0.025077581,0.203924521,0.117323682,-0.178936102,0.409783462,0.869120194,0.550790976,0.031727327,2.1435
H,1171.HK,兖矿能源,能源,煤炭Ⅱ,能源--煤炭Ⅱ--煤炭Ⅲ--煤炭与消费用燃料,地方国有企业,2.06004E+11,67447104000,9388645000,2751234000,2.10761E+11,0.057600333,26.05115955,0.152202712,0.433863723,0.334462625,0.025388991,0.267689293,0.577458925,1.087754827,0.049390706,28.0509
H,6690.HK,海尔智家,可选消费,家电Ⅱ,可选消费--家电Ⅱ--家电Ⅲ--家用电器,集体企业,1.68092E+11,1.77594E+11,8206000000,1450000000,1.87454E+11,0.051511304,25.84777729,0.376529023,0.446928239,1.088221868,0.076987602,0.127555148,0.667991338,1.156826389,0.040210123,9.2167
H,2039.HK,中集集团,工业,机械,工业--机械--机械Ⅲ--建筑机械与重型卡车,中央国有企业,1.58884E+11,93497622000,1542226000,1634747000,1.72108E+11,0.018459234,25.79143998,0.144359926,0.203924521,0.645950862,0.052659802,0.298038582,0.67018076,1.113778009,0.0305035,22.5396
H,1958.HK,北京汽车,可选消费,汽车与零配件,可选消费--汽车与零配件--汽车--汽车制造,地方国有企业,1.72034E+11,1.5192E+11,4082698000,948590000,1.93212E+11,0.026040248,25.8709586,0.277639447,0.18931341,0.895131364,0.007749742,0.25121659,0.597534571,1.016576941,0.050776861,13.2394
H,0763.HK,中兴通讯,信息技术,硬件设备,信息技术--硬件设备--通信设备Ⅲ--通信设备Ⅳ,公众企业,1.29351E+11,85513150000,5147877000,1718187000,1.41202E+11,0.04862578,25.58579354,0.15979455,0.481973627,0.625752608,0.028017735,0.078809841,0.745183733,1.040548723,0.037741351,-21.4144
H,0916.HK,龙源电力,公用事业,公用事业Ⅱ,公用事业--公用事业Ⅱ--电力--新能源发电业者,中央国有企业,1.46504E+11,26387923000,4566790000,3237418000,1.56803E+11,0.049770883,25.71032086,0.054191753,0.206277216,0.18065297,-0.150126731,0.750834501,0.6138968,0.44710737,0.059523474,7.3046
H,2607.HK,上海医药,医疗保健,医药生物,医疗保健--医药生物--制药--西药,地方国有企业,1.26879E+11,1.59084E+11,4080994000,1405213000,1.37026E+11,0.040037592,25.56650233,0.549514491,0.33727251,1.438221312,0.19363372,0.086756652,0.634035975,1.357563694,0.01531411,21.5803
H,1812.HK,晨鸣纸业,材料,造纸与包装,材料--造纸与包装--纸与林业产品--纸制品,地方国有企业,1.05319E+11,28875756164,1656566585,3573865214,97958909935,0.05339414,25.38025716,1,1,0.27377673,-0.127680766,0.377761251,0.754348633,0.781042987,0.034264548,-2.0246
H,0588.HK,北京北辰实业股份,房地产,房地产Ⅱ,房地产--房地产Ⅱ--房地产管理和开发--房地产开发,地方国有企业,99910665000,17859790000,1788709000,547321000,1.02439E+11,0.022804154,25.32754227,0.04428572,0.581142232,0.190390384,0.328933873,0.023262932,0.771233782,1.65580096,0.001189222,16.7061
H,1983.HK,泸州银行,金融,银行,金融--银行--商业银行--区域性银行,地方国有企业,82549815000,,633912000,2693932000,91680621000,0.036298227,25.13666777,,,,,0.008181218,0.922873407,,0.002368921,
H,1905.HK,海通恒信,金融,非银金融,金融--非银金融--金融服务--特殊金融服务,地方国有企业,82111381000,5332323000,1316635000,3331259000,99047275000,0.046926016,25.13134247,1.037785231,1.106388289,0.074682299,0.102176652,0.051362283,0.84265465,1.239143666,0.032559689,32.0936
H,2899.HK,紫金矿业,材料,有色金属,材料--有色金属--贵金属--黄金,地方国有企业,1.12879E+11,1.05994E+11,4283957365,1927817536,1.23831E+11,0.050163348,25.44958498,0.173887359,0.251639439,1.048438121,-0.060014627,0.349933684,0.581201238,0.818005224,0.069178863,12.1055
H,1528.HK,红星美凯龙,工业,企业服务,工业--企业服务--商业服务与用品--综合支持服务,地方国有企业,1.10861E+11,14239792500,4479681653,2411290093,1.22294E+11,0.056347394,25.43154046,0.631913022,0.508279564,0.13700319,-0.086551976,0.002501198,0.59141681,0.62094938,0.033783005,29.9309
H,1072.HK,东方电气,工业,电气设备,工业--电气设备--电气设备Ⅲ--重型电气设备,中央国有企业,91323329418,29729655572,1277671818,130929860.5,89618965556,0.015717674,25.23767212,0.101196127,0.179548207,0.349259169,0.228409844,0.066453384,0.663898493,1.395835175,0.002025643,-9.2854
H,1798.HK,大唐新能源,公用事业,公用事业Ⅱ,公用事业--公用事业Ⅱ--电力--新能源发电业者,中央国有企业,74416642000,8319406000,936437000,2182989000,80023443000,0.038981402,25.03294544,0.017085209,0.206277216,0.11477822,-0.109766065,0.758291687,0.794651229,0.610456732,0.069155754,17.1073
H,2333.HK,长城汽车,可选消费,汽车与零配件,可选消费--汽车与零配件--汽车--汽车制造,民营企业,1.118E+11,97799859205,4496874894,495151843.9,1.13096E+11,0.044139569,25.43998108,0.178732419,0.18931341,0.879702859,0.102932287,0.298739252,0.528726354,1.2106958,0.059592713,-2.6786
H,1033.HK,中石化油服,能源,石油石化,能源--石油石化--能源设备与服务--石油天然气设备与服务,中央国有企业,60904715000,58409078000,986873000,980463000,62069378000,0.031695758,24.83257643,0.010803329,0.46316146,0.9509213,-0.343945752,0.397443318,0.905123766,0.604684675,0.020891864,20.1983
H,1727.HK,河北建设,工业,建筑,工业--建筑--建筑与工程Ⅲ--建筑与工程Ⅳ,民营企业,60720038000,46649243000,770415000,416985000,60926571000,0.019489034,24.8295396,0.017996659,0.216997391,0.8369176,0.06213196,0.010054144,0.906317697,1.070298537,0.004048713,13.2886
H,2208.HK,金风科技,工业,电气设备,工业--电气设备--电气设备Ⅲ--重型电气设备,公众企业,81364053000,28590307000,2209854000,1109319000,1.03057E+11,0.032207131,25.1221994,0.097317923,0.179548207,0.370936824,0.016185452,0.313513512,0.674609081,1.041673721,0.074060753,14.4948
H,1157.HK,中联重科,工业,机械,工业--机械--机械Ⅲ--建筑机械与重型卡车,公众企业,93419000000,28697000000,4381000000,1673000000,92031000000,0.065782182,25.26036059,0.044308044,0.203924521,0.325121367,0.269099434,0.065051007,0.585405538,1.634454736,0.005684069,39.2517
H,2238.HK,广汽集团,可选消费,汽车与零配件,可选消费--汽车与零配件--汽车--汽车制造,地方国有企业,1.32174E+11,72379779000,6616265000,516481000,1.37464E+11,0.051888271,25.60738325,0.132276397,0.18931341,0.574830016,0.196102639,0.12346167,0.410059095,1.643304855,0.074538305,1.1245
H,2357.HK,中航科工,工业,国防军工,工业--国防军工--航空航天与国防Ⅲ--航空航天,中央国有企业,86720289000,35153264000,1376856000,599316000,90744026000,0.021777434,25.18595371,1,1,0.424419492,0.220964877,0.172536164,0.596719079,1.422638864,0.020020955,7.843
H,3993.HK,洛阳钼业,材料,有色金属,材料--有色金属--其他金属与采矿--金属非金属,民营企业,1.01216E+11,25962862774,1857014211,1840227297,1.16862E+11,0.03163761,25.34052384,0.042593007,0.251639439,0.260863342,0.22907071,0.252077837,0.509979866,2.451031367,0.027736367,7.5176
H,0358.HK,江西铜业股份,材料,有色金属,材料--有色金属--其他金属与采矿--铜,地方国有企业,1.02866E+11,2.14395E+11,2437988000,1883826000,1.34914E+11,0.032033864,25.3566913,0.351723186,0.251639439,2.140373487,0.227714688,0.209602968,0.494227646,1.50769518,0.024828003,4.9716
H,3969.HK,中国通号,工业,电气设备,工业--电气设备--电气设备Ⅲ--电气部件与设备,中央国有企业,79678536000,39844006000,3815874901,121490364,97512591304,0.040378019,25.10126608,0.135624144,0.179548207,0.565471287,0.222678652,0.057931624,0.620072312,1.372498386,0.013432789,15.7123
H,0552.HK,中国通信服务,通讯服务,电信服务,通讯服务--电信服务--多元电信服务--综合电信业务,中央国有企业,80926000000,1.06177E+11,3049229000,68888000,87541058000,0.035618909,25.11680099,0.191268026,0.51484646,1.400185167,0.269175494,0.058412958,0.594334812,1.466146922,0.012201011,12.2702
H,0576.HK,浙江沪杭甬,工业,交通运输,工业--交通运输--交通基础设施--公路与铁路,地方国有企业,79513154000,9568321000,3711118000,1626809000,1.04577E+11,0.051043053,25.0991883,0.01195506,0.126265665,0.124942432,0.284806964,0.036255523,0.601271093,1.642119754,0.003632317,-0.6027
H,2386.HK,中石化炼化工程,能源,石油石化,能源--石油石化--能源设备与服务--石油天然气设备与服务,中央国有企业,70872740000,47019024000,2183457000,111130000,67873748000,0.033806694,24.98415171,0.008696628,0.46316146,0.721824003,0.308145459,0.04933454,0.633383033,1.519993243,0.003483201,29.8555
H,0323.HK,马鞍山钢铁股份,材料,钢铁Ⅱ,材料--钢铁Ⅱ--钢铁Ⅲ--钢铁Ⅳ,中央国有企业,76871999293,81951813488,1128148980,788151024,86322043538,0.022199428,25.06540753,0.390716017,0.415660405,1.099555081,-0.017324374,0.431845458,0.583823088,0.966485684,0.033459958,11.9132
H,2596.HK,宜宾银行,金融,银行,金融--银行--商业银行--区域性银行,地方国有企业,45765323267,,139757992,,45842481952,,24.54679251,,,,,,0.915561298,,,
H,6031.HK,三一重工,工业,机械,工业--机械--机械Ⅲ--建筑机械与重型卡车,民营企业,73774723000,55495140000,11206662000,557163000,90541298000,0.129927726,25.024282,0.085684257,0.203924521,0.840756392,0.243451731,0.171580583,0.55944107,1.529258716,0.018708616,45.8255
H,0699.HK,均胜电子,可选消费,汽车与零配件,可选消费--汽车与零配件--汽车零配件--汽车零配件与设备,民营企业,59320183424,56078728881,940056718.5,1016298013,56924829219,0.034367336,24.80621545,0.102485698,0.18931341,1.184654751,0.107088379,0.243211955,0.693455612,1.278074175,0.058090237,111.2072
H,1133.HK,哈尔滨电气,工业,电气设备,工业--电气设备--电气设备Ⅲ--重型电气设备,中央国有企业,56541982676,26302310419,106173199.4,135614335.9,55082666529,0.004389539,24.75824926,0.089529861,0.179548207,0.433387609,0.158059603,0.115538863,0.711558919,1.232881881,0.007051933,-17.7555
H,2883.HK,中海油田服务,能源,石油石化,能源--石油石化--能源设备与服务--石油天然气钻井,中央国有企业,74687004000,21886628000,2502238000,1071874000,76101838000,0.046964858,25.03657194,0.004048146,0.46316146,0.29468154,0.062900957,0.689987886,0.53569692,1.276166723,0.032541029,25.3633
H,3750.HK,宁德时代,工业,电气设备,工业--电气设备--电气设备Ⅲ--电气部件与设备,民营企业,73883704017,29440081523,4560307433,289254465.5,1.01352E+11,0.047848715,25.02575813,0.100210452,0.179548207,0.476582665,0.308951496,0.178638905,0.523573282,1.734325996,0.089725803,47.933
H,0347.HK,鞍钢股份,材料,钢铁Ⅱ,材料--钢铁Ⅱ--钢铁Ⅲ--钢铁Ⅳ,中央国有企业,90024000000,1.05157E+11,1787000000,1083000000,87808000000,0.032684949,25.22334214,0.501349787,0.415660405,1.173443882,-0.064860482,0.57231405,0.417210966,0.82169359,0.031380521,14.6963
H,2196.HK,复星医药,医疗保健,医药生物,医疗保健--医药生物--制药--西药,民营企业,70494474000,24713875000,3321618000,1074690000,76062759000,0.057798429,24.97880016,0.08536747,0.33727251,0.373297141,0.001113293,0.128352642,0.524277222,1.004378727,0.045037729,34.5954
H,2068.HK,中铝国际,工业,建筑,工业--建筑--建筑与工程Ⅲ--建筑与工程Ⅳ,中央国有企业,49030985000,33572111000,34852562.55,738061865.7,55999463121,0.013802176,24.61571828,0.012951675,0.216997391,0.711237562,0.1982384,0.050591539,0.731078929,1.296449914,0.005193206,-6.9131
H,6936.HK,顺丰控股,工业,交通运输,工业--交通运输--航空运输--航空货运与物流,民营企业,71614568817,90720390808,5796505532,900620301.1,92535386808,0.072373673,24.99456437,0.113349848,0.126265665,1.403528572,0.077529734,0.285900061,0.484547012,1.210557231,0.162511782,27.6462
H,1138.HK,中远海能,工业,交通运输,工业--交通运输--海上运输Ⅲ--海上运输Ⅳ,中央国有企业,63416267000,12099685000,413857000,1419627000,65841861000,0.027846783,24.87298624,0.015117852,0.126265665,0.195469911,-0.062080665,0.777889449,0.53841184,0.638202775,0.054344432,27.299
H,0598.HK,中国外运,工业,交通运输,工业--交通运输--航空运输--航空货运与物流,中央国有企业,61494221584,77311836515,2803495055,565200272.5,61886407949,0.054433525,24.84220905,0.09659664,0.126265665,1.251039837,0.181692471,0.22667901,0.547055964,1.553233533,0.042048406,5.6786
H,0579.HK,京能清洁能源,公用事业,公用事业Ⅱ,公用事业--公用事业Ⅱ--电力--独立电力生产商与能源贸易商,地方国有企业,54941460000,16238805000,2090770000,1219609000,59723159000,0.055428732,24.72953409,0.033348942,0.206277216,0.306690141,-0.132147835,0.635207692,0.608463263,0.62559684,0.060514173,14.1378
H,0914.HK,海螺水泥,材料,建材Ⅱ,材料--建材Ⅱ--建材Ⅲ--建材Ⅳ,地方国有企业,1.49547E+11,1.28403E+11,33629803000,446008000,1.78777E+11,0.190604923,25.73087892,0.278150802,0.338348875,0.945214441,0.307864936,0.42602985,0.223060914,2.760494595,0.031752625,70.4969
H,0317.HK,中船防务,工业,机械,工业--机械--机械Ⅲ--建筑机械与重型卡车,中央国有企业,47475344086,19213596394,548320338.5,364243854.9,52304069155,0.017447289,24.58347634,0.02966571,0.203924521,0.419359731,0.031061909,0.269803283,0.697602812,1.053506811,0.016544751,-16.1718
H,9696.HK,天齐锂业,材料,有色金属,材料--有色金属--其他金属与采矿--金属非金属,民营企业,44633926793,6035188991,-5981435000,2045506000,46665888000,-0.084342743,24.5217601,0.009900944,0.251639439,0.19320709,-0.011630405,0.142922809,0.732552681,0.88167735,0.076793324,11.4824
H,1375.HK,中州证券,金融,非银金融,金融--非银金融--资本市场--投资银行业与经纪业,地方国有企业,42155282000,,58223000,951228000,43569902000,0.02316854,24.46462583,,1.106388289,,,0.005433198,0.732535534,,0.001157055,
H,0874.HK,白云山,医疗保健,医药生物,医疗保健--医药生物--制药--中药,地方国有企业,51482183869,42233838051,3188884639,393650305.9,56893659126,0.062968967,24.66450164,0.145885495,0.33727251,1.058533338,0.312390054,0.070821632,0.550451612,1.596781437,0.009296741,101.5528
H,0956.HK,新天绿色能源,公用事业,公用事业Ⅱ,公用事业--公用事业Ⅱ--燃气Ⅲ--燃气Ⅳ,地方国有企业,39160828000,9975409000,1414786000,875334000,45954780000,0.049834207,24.3909428,0.020486072,0.206277216,0.271628484,-0.055776962,0.67884226,0.6834451,0.746087072,0.102365736,41.3432
H,6613.HK,蓝思科技,信息技术,硬件设备,信息技术--硬件设备--电子设备、仪器和元件--电子元件,民营企业,43140024236,27487104218,2468791437,747588716.9,47028548499,0.068392078,24.48771704,0.051363907,0.481973627,0.697091343,-0.129720173,0.559648354,0.603915504,0.72009725,0.210802721,16.7356
H,6839.HK,云南水务,公用事业,公用事业Ⅱ,公用事业--公用事业Ⅱ--水务Ⅲ--水务Ⅳ,地方国有企业,32673846000,6255628000,398153000,880422000,39869132000,0.032069296,24.20984078,0.012846917,0.206277216,0.209323707,0.002989669,0.080256484,0.78777301,1.010603522,0.009556298,21.6518
H,1799.HK,新特能源,工业,电气设备,工业--电气设备--电气设备Ⅲ--光伏设备,民营企业,35699703000,12053742000,402642000,420987000,41705116000,0.019748872,24.29840821,0.04102947,0.179548207,0.357865944,0.018251889,0.462312137,0.683749302,1.041266564,0.072349089,5.5406
H,1787.HK,山东黄金,材料,有色金属,材料--有色金属--贵金属--黄金,地方国有企业,45611689000,54787877000,1290503000,727716000,58848726000,0.034295033,24.54342986,0.089881475,0.251639439,1.234748067,-0.168747226,0.506074265,0.481784636,0.460910124,0.079974587,7.3403
H,0548.HK,深圳高速公路股份,工业,交通运输,工业--交通运输--交通基础设施--公路与铁路,地方国有企业,41100850328,5807108032,2499484976,600917495.3,44923734272,0.069014799,24.43929465,0.007255643,0.126265665,0.147811185,0.036183017,0.021200108,0.524590061,1.246009183,0.026995848,11.4523
H,0107.HK,四川成渝高速公路,工业,交通运输,工业--交通运输--交通基础设施--公路与铁路,地方国有企业,36035058000,6820997000,1086131000,723554000,37860574000,0.047798668,24.30775813,0.008522439,0.126265665,0.19405178,0.069390842,0.015591344,0.586946717,1.473833094,0.002499538,-23.0515
H,2355.HK,宝业集团,工业,建筑,工业--建筑--建筑与工程Ⅲ--建筑与工程Ⅳ,民营企业,29562001000,23230614000,856691000,104709000,34817739000,0.027612362,24.10975562,0.008962062,0.216997391,0.80766399,0.125021307,0.070286852,0.71018403,1.181019703,0.018198159,22.4068
H,1476.HK,金融街证券,金融,非银金融,金融--非银金融--资本市场--投资银行业与经纪业,地方国有企业,29915079000,,740538000,467939000,29526981000,0.040927889,24.1216285,,1.106388289,,,0.018535502,0.667564943,,0.004344264,
H,9927.HK,赛力斯,可选消费,汽车与零配件,可选消费--汽车与零配件--汽车--汽车制造,民营企业,26563884130,19556341289,66721504.37,284672038.3,29935103137,0.011738511,24.00281839,0.035739849,0.18931341,0.777932666,-0.071417336,0.289733311,0.729171426,0.87396463,0.097055836,-7.9012
H,6198.HK,青岛港,工业,交通运输,工业--交通运输--交通基础设施--海港与服务,地方国有企业,48765782933,11741480164,3790143318,226651944,52785301395,0.076096852,24.61029473,0.014670296,0.126265665,0.242543868,0.108784129,0.330942547,0.396717894,1.406157264,0.060536752,15.7226
H,1818.HK,招金矿业,材料,有色金属,材料--有色金属--贵金属--黄金,地方国有企业,35887179000,7177057000,479270000,662180000,40251780000,0.028357752,24.30364594,0.011774219,0.251639439,0.205941185,-0.078503607,0.396279323,0.531655442,0.761320888,0.054355847,7.5376
H,0177.HK,江苏宁沪高速公路,工业,交通运输,工业--交通运输--交通基础设施--公路与铁路,地方国有企业,48162728833,9969011165,4199704372,462160618.9,55625048625,0.083808736,24.5978513,0.012455699,0.126265665,0.219835426,-0.019645962,0.247119711,0.390527538,0.861772049,0.073607939,5.4288
H,9878.HK,汇通达网络,信息技术,软件服务,信息技术--软件服务--信息技术服务--信息科技咨询与其它服务,民营企业,15519484000,29801661000,-415333000,633467000,19142817000,0.011395084,23.4653621,0.908119993,0.826815688,,-0.090764938,0.002572444,1.082321423,0.915779208,0.001419893,
H,2714.HK,牧原股份,日常消费,食品饮料,日常消费--食品饮料--食品--食品加工与肉类,民营企业,29841862899,13366374373,6114363663,560036695.6,52886586120,0.12620214,24.11917804,0.149392747,0.203246513,0.496093638,-0.127571033,0.57720607,0.540657524,0.719822357,0.169134853,33.3191
H,0564.HK,中创智领,工业,机械,工业--机械--机械Ⅲ--工业机械,公众企业,28008771000,26011730000,1040253000,243532000,29818851000,0.043052799,24.05578355,0.040161999,0.203924521,1.096151504,0.248780784,0.173706765,0.561178746,1.595319357,0.044978875,244.6768
H,0168.HK,青岛啤酒股份,日常消费,食品饮料,日常消费--食品饮料--饮料--啤酒,地方国有企业,34075265005,26575255205,1852103376,15998657,37312383547,0.050066542,24.25183759,0.297025226,0.203246513,0.817071935,0.166497166,0.314204026,0.451509728,1.46938827,0.022356278,1.1348
H,6655.HK,华新建材,材料,建材Ⅱ,材料--建材Ⅱ--建材Ⅲ--建材Ⅳ,外资企业,33161505602,27466044481,6342304317,246117048,36645386717,0.179788562,24.22465557,0.059498022,0.338348875,0.862886802,0.012021015,0.525966234,0.447570646,1.03926727,0.066822579,31.4838
H,0980.HK,联华超市,日常消费,日常消费零售,日常消费--日常消费零售--日常消费品经销与零售--大卖场与超市,地方国有企业,17190110000,25389082000,-378301000,307374000,23552460000,-0.003011448,23.56760006,0.685462115,0.568792392,1.487151083,-0.190964049,0.205645863,0.856898763,0.77572598,0.025751842,0.6489
H,2880.HK,辽港股份,工业,交通运输,工业--交通运输--交通基础设施--海港与服务,中央国有企业,35315583173,6699281323,718230462.3,668088597.2,35098274541,0.039498211,24.28759015,0.008370362,0.126265665,0.186347741,0.109229109,0.5447638,0.409316962,1.676516381,0.013855823,-25.4495
H,3606.HK,福耀玻璃,可选消费,汽车与零配件,可选消费--汽车与零配件--汽车零配件--汽车零配件与设备,外资企业,34503241000,20224986000,2897868000,432680000,38838517000,0.085753738,24.2643191,0.036961819,0.18931341,0.610836633,0.092058279,0.496044618,0.414470252,1.256054194,0.104098656,8.0648
H,0921.HK,海信家电,可选消费,家电Ⅱ,可选消费--家电Ⅱ--家电Ⅲ--家用电器,公众企业,21827905038,36019598305,1793669013,3000971.48,33990663544,0.05285775,23.80645504,0.076367581,0.446928239,1.663662392,0.036208789,0.153392111,0.638563254,1.058517222,0.015119194,7.561
H,0338.HK,上海石油化工股份,能源,石油石化,能源--石油石化--石油天然气--石油天然气炼制和销售,中央国有企业,44385897000,95613483000,2215728000,53784000,45494075000,0.049885881,24.51618762,0.017684647,0.46316146,2.281145484,0.256519813,0.297522229,0.313690991,1.818360565,0.026742841,20.6962
H,1456.HK,国联民生,金融,非银金融,金融--非银金融--资本市场--投资银行业与经纪业,地方国有企业,21283776000,,521343000,366433000,28419403000,0.031238376,23.78121093,,1.106388289,,,0.004484731,0.640609636,,0.003862989,
H,1272.HK,大唐环境,工业,环保Ⅱ,工业--环保Ⅱ--环保Ⅲ--环境与设施服务,中央国有企业,20459981000,8588070000,218942000,252841000,21170759000,0.022284652,23.74173667,0.622954617,0.454558122,0.444730779,0.09664486,0.375130016,0.642261545,1.193941301,0.040460155,7.0232
H,3296.HK,华勤技术,信息技术,硬件设备,信息技术--硬件设备--电脑与外围设备--电脑硬件、储存设备及电脑周边,民营企业,15765706932,30824833397,505420669,-53328910.47,20799432295,0.021735774,23.48110297,0.05760097,0.481973627,,0.135362196,0.066797925,0.826072541,1.179435357,0.038580714,
H,1635.HK,大众公用,公用事业,公用事业Ⅱ,公用事业--公用事业Ⅱ--燃气Ⅲ--燃气Ⅳ,其他企业,21222251000,5062376000,526473000,358179000,22237165000,0.039782589,23.77831604,0.010396386,0.206277216,0.243253344,-0.015061456,0.228970951,0.598298691,0.950277826,0.033871336,6.7573
H,1880.HK,中国中免,可选消费,可选消费零售,可选消费--可选消费零售--经销商Ⅲ--经销商Ⅳ,中央国有企业,30707946000,34619670000,4497573000,210616000,36080230000,0.130492211,24.14778729,0.590666832,0.423900035,1.340804305,0.354696241,0.100572764,0.397675149,2.253891129,0.051508655,23.9009
H,1599.HK,城建设计,工业,建筑,工业--建筑--建筑与工程Ⅲ--建筑与工程Ⅳ,地方国有企业,16402288000,7186146000,658085000,232058000,20458847000,0.043508952,23.52068667,0.00277232,0.216997391,0.467480819,0.200391189,0.03039326,0.72058136,1.44903233,0.007495844,3.0635
H,0694.HK,北京首都机场股份,工业,交通运输,工业--交通运输--交通基础设施--机场服务,中央国有企业,34698109000,5309408000,2419373000,155512000,34744419000,0.074109312,24.26995103,0.006633796,0.126265665,0.162527839,-0.149911051,0.777351498,0.325231499,0.442725888,0.080439773,4.092
H,3903.HK,瀚华金控,金融,非银金融,金融--非银金融--金融服务--特殊金融服务,公众企业,18845704000,,241812000,708706000,17526560000,0.054233004,23.65955082,,1.106388289,,,0.026603676,0.582723946,,0.008010579,
H,3369.HK,秦港股份,工业,交通运输,工业--交通运输--交通基础设施--海港与服务,地方国有企业,25959191003,6876632378,931247331.4,339311527.1,25479855441,0.04986523,23.97979157,0.008591952,0.126265665,0.265845631,-0.023236615,0.631233887,0.422614601,0.847603134,0.017490423,-2.2187
H,6060.HK,众安在线,金融,非银金融,金融--非银金融--保险--多元化保险,公众企业,26341096000,,-454101000,111096000,30907575000,-0.011097765,23.99439614,,1.106388289,,,0.004051844,0.374563875,,0.012459694,
H,2691.HK,南华期货股份,金融,非银金融,金融--非银金融--资本市场--投资银行业与经纪业,其他企业,11314096134,,79493205.66,,14050296818,,23.14931523,,1.106388289,,,0.00754454,0.817469027,,0.002940728,
H,1065.HK,天津创业环保股份,公用事业,公用事业Ⅱ,公用事业--公用事业Ⅱ--水务Ⅲ--水务Ⅳ,地方国有企业,15687448000,2447515000,507107000,213982000,17990807000,0.04008097,23.47612674,0.005026357,0.206277216,0.173950647,0.095700078,0.031718352,0.578327399,1.562316281,0.119052124,26.6877
H,2722.HK,重庆机电,工业,机械,工业--机械--机械Ⅲ--工业机械,地方国有企业,16277683799,5284317533,184834923.3,190996857.1,16517815305,0.022753117,23.51306091,0.008158964,0.203924521,0.325445645,0.233066904,0.208627362,0.555854381,1.563187865,0.016967337,-43.1341
H,1973.HK,天图投资,金融,非银金融,金融--非银金融--资本市场--资产管理与托管银行,民营企业,14208679898,-762459549,144569000,215832000,16218504000,0.022221593,23.37711888,-0.148391097,1.106388289,-0.057043423,0.035224645,0.038268524,0.627437713,1.310410898,0.010172089,-169.1941
H,3898.HK,时代电气,工业,电气设备,工业--电气设备--电气设备Ⅲ--电气部件与设备,中央国有企业,29034522576,15657900734,2659163867,25539769,32985615356,0.081390133,24.09175139,0.053297587,0.179548207,0.562382467,0.542306516,0.103897947,0.306910795,3.009164305,0.023124896,3.3954
H,1066.HK,威高股份,医疗保健,医疗设备与服务,医疗保健--医疗设备与服务--医疗保健设备与用品--医疗保健用品,民营企业,23986873000,8808861000,1844883000,396735000,26325738000,0.085149294,23.90077256,0.024084924,0.888164266,0.432127491,0.308118403,0.185923401,0.366699444,3.221640837,0.033163139,39.9867
H,0038.HK,第一拖拉机股份,工业,机械,工业--机械--机械Ⅲ--农用农业机械,中央国有企业,13140741756,5540998393,61475427.17,171299948.1,11629022386,0.020016762,23.2989833,0.008555278,0.203924521,0.406775582,0.026577824,0.24138141,0.645676336,1.048620852,0.020427472,-23.2475
H,1053.HK,重庆钢铁股份,材料,钢铁Ⅱ,材料--钢铁Ⅱ--钢铁Ⅲ--钢铁Ⅳ,中央国有企业,26933351000,22638957000,925723000,216278000,26975726000,0.042334394,24.01663117,0.107934196,0.415660405,0.871637462,0.084177383,0.628614761,0.311943583,1.432249027,0.000530235,71.0299
H,1330.HK,绿色动力环保,工业,环保Ⅱ,工业--环保Ⅱ--环保Ⅲ--环境与设施服务,地方国有企业,10542416668,1055060689,416088473.6,330832005,13670787404,0.054636244,23.07867264,0.076531156,0.454558122,0.121602936,-0.141799875,0.004698926,0.722168392,0.463717203,0.083517558,34.4303
H,9989.HK,海普瑞,医疗保健,医药生物,医疗保健--医药生物--制药--西药,外资企业,13844278000,4799807000,1059700000,261840000,15351947000,0.086082892,23.35113784,0.016579649,0.33727251,0.342193995,0.066224111,0.182118056,0.546647864,1.195460944,0.038644774,69.7109
H,0525.HK,广深铁路股份,工业,交通运输,工业--交通运输--铁路公路运输--铁路运输,中央国有企业,35402237000,18807137000,748439000,57670000,36893133000,0.021849839,24.29004085,0.023498423,0.126265665,0.542019951,-0.001852086,0.734773342,0.186030843,0.989790486,0.075787668,8.8802
H,9633.HK,农夫山泉,日常消费,食品饮料,日常消费--食品饮料--饮料--软饮料,民营企业,20949998000,20475045000,4948568000,15525000,17796471000,0.278936931,23.76540439,0.228844646,0.203246513,1.089892629,0.127811373,0.5292927,0.311896593,1.434443538,0.164752092,17.059
H,3330.HK,灵宝黄金,材料,有色金属,材料--有色金属--贵金属--黄金,民营企业,8212816000,3781660000,-233502000,119806000,5932254000,-0.019165734,22.8289617,0.006203949,0.251639439,0.468042202,-0.012315508,0.209612269,0.764097235,0.981052606,0.054056368,-9.4554
H,3288.HK,海天味业,日常消费,食品饮料,日常消费--食品饮料--食品--食品加工与肉类,民营企业,20143788853,16844486792,5353185029,1087729.3,24753888099,0.216300273,23.72616183,0.188266772,0.203246513,0.923496635,0.479529527,0.198463502,0.310565344,2.571112016,0.011116328,16.7712
H,1513.HK,丽珠医药,医疗保健,医药生物,医疗保健--医药生物--制药--西药,民营企业,17437346860,8860655671,1302875441,7255024.45,17976463117,0.072880325,23.58188011,0.030606765,0.33727251,0.531611522,0.407295348,0.195103936,0.326166016,2.32266451,0.027210126,3.8646
H,1461.HK,中泰期货,金融,非银金融,金融--非银金融--资本市场--投资银行业与经纪业,地方国有企业,7900430000,,29750000,,8928814000,,22.79018303,,1.106388289,,,0.005663996,0.717315893,,0.001525487,
H,1772.HK,赣锋锂业,材料,有色金属,材料--有色金属--其他金属与采矿--金属非金属,民营企业,13520717000,4889882000,360745000,204995000,14213032000,0.039804315,23.32748894,0.008022027,0.251639439,0.454453865,0.301948188,0.193745938,0.4100037,2.065326518,0.114460276,17.2296
H,2418.HK,德银天下,工业,交通运输,工业--交通运输--铁路公路运输--地面货运,地方国有企业,7063187000,2296253000,207493000,6745000,9031766000,0.023720499,22.6781622,0.002869034,0.126265665,,0.022260206,0.013010274,0.784457073,1.030981192,0.002251108,
H,0814.HK,北京京客隆,日常消费,日常消费零售,日常消费--日常消费零售--日常消费品经销与零售--大卖场与超市,地方国有企业,7687799828,11650283772,52935436,195397827,8501557971,0.029210324,22.76290047,0.314537885,0.568792392,1.514198688,-0.004488954,0.141819208,0.716824091,0.993661701,0.010860665,-2.5549
H,2050.HK,三花智控,工业,机械,工业--机械--机械Ⅲ--工业机械,民营企业,13932172479,10750238218,1421204236,54050078.51,14790190171,0.099745459,23.35746657,0.016598322,0.203924521,0.818126433,0.351288721,0.25503177,0.375540557,2.021149658,0.065675482,13.158
H,0895.HK,东江环保,工业,环保Ⅱ,工业--环保Ⅱ--环保Ⅲ--环境与设施服务,地方国有企业,9744457681,3284080652,423929691.1,155505661.1,10395432084,0.05573942,22.99996452,0.23821804,0.454558122,0.345973028,-0.044738399,0.359918032,0.519094779,0.876291048,0.086901846,5.9498
H,0470.HK,先导智能,工业,机械,工业--机械--机械Ⅲ--工业机械,民营企业,8425612000,3859764225,765572087,38319471.48,9516696211,0.084471705,22.85454195,0.005959459,0.203924521,0.512016543,0.243044073,0.063884864,0.591444012,1.454199836,0.009061169,78.968
H,3399.HK,粤运交通,工业,交通运输,工业--交通运输--铁路公路运输--地面货运,地方国有企业,8456308923,6295211233,304969979.2,191112650.9,11095005481,0.044712247,22.85817862,0.0078655,0.126265665,0.729018148,-2.16351E-05,0.432056237,0.582138718,0.999924598,0.140342179,-16.5535
H,6693.HK,赤峰黄金,材料,有色金属,材料--有色金属--贵金属--黄金,民营企业,7748234890,2117221950,188012208.6,184939431.6,7784633527,0.047908696,22.7707309,0.003473378,0.251639439,0.336400979,0.21122737,0.421113904,0.635206298,2.457504182,0.028471453,-17.1196
H,0811.HK,新华文轩,通讯服务,传媒,通讯服务--传媒--媒体--出版,地方国有企业,13287712453,8186582967,1139047561,19440321.87,15324503473,0.075597091,23.31010557,0.94897824,0.902278199,0.640216558,0.216114468,0.14719029,0.367383258,1.600853131,0.012041724,11.4445
H,3983.HK,中海石油化学,材料,化工,材料--化工--农用化工--化肥与农用药剂,中央国有企业,19949208000,11259591000,703217000,103141000,19419572000,0.041522954,23.71645528,0.564450551,0.38258873,0.574495308,0.351353598,0.355952878,0.241692302,2.878059988,0.008853585,14.8976
H,0696.HK,中国民航信息网络,工业,企业服务,工业--企业服务--专业服务--数据处理与外包服务,中央国有企业,22113322000,7401181000,2542861000,,23646384000,,23.81944607,0.328438961,0.508279564,0.346606631,0.371345653,0.198330807,0.211897697,2.807296369,0.056802863,10.4918
H,1601.HK,中关村科技租赁,金融,非银金融,金融--非银金融--消费信贷Ⅲ--消费信贷Ⅳ,地方国有企业,5968956000,412783000,138256000,220978000,6988985000,0.051400024,22.50983787,0.080336488,1.106388289,0.075265002,0.059950182,0.000117776,0.784256912,1.12230593,0.000206401,15.1157
H,0438.HK,彩虹新能源,信息技术,硬件设备,信息技术--硬件设备--电子设备、仪器和元件--电子元件,中央国有企业,4870777203,2331919057,93141994.89,118191270.9,4912094648,0.043023044,22.30651935,0.004357552,0.481973627,0.492907134,-0.438458871,0.467001957,0.95610905,0.461593394,0.046787888,-5.6463
H,0568.HK,山东墨龙,能源,石油石化,能源--石油石化--能源设备与服务--石油天然气设备与服务,地方国有企业,6607536593,4452014810,-196309267.9,159146751.1,5735752345,-0.006479101,22.61147674,0.000823444,0.46316146,0.693982383,-0.155116949,0.4467152,0.695172385,0.75250722,0.040042737,50.1413
H,6869.HK,长飞光纤光缆,信息技术,硬件设备,信息技术--硬件设备--通信设备Ⅲ--通信设备Ⅳ,公众企业,12885882309,11359764086,801225042,61161985,13775899595,0.062601141,23.27939815,0.021227477,0.481973627,1.030193731,0.321129112,0.247356282,0.349960755,2.23522261,0.105490643,9.5859
H,2359.HK,药明康德,医疗保健,医药生物,医疗保健--医药生物--生命科学工具和服务Ⅲ--生命科学工具和服务Ⅳ,民营企业,22667202000,9613684000,1854551000,128019000,29239134000,0.06780536,23.84418487,0.0332079,0.33727251,0.54549363,0.355173082,0.267241233,0.198611677,3.139993589,0.099029646,23.8038
H,2163.HK,远大住工,工业,机械,工业--机械--机械Ⅲ--建筑机械与重型卡车,民营企业,7325885000,2269129000,676919000,109769000,9567426000,0.082225669,22.7146798,0.003503525,0.203924521,0.317421165,-0.018534279,0.16024767,0.60650174,0.96595524,0.071654687,17.2259
H,0357.HK,美兰空港,工业,交通运输,工业--交通运输--交通基础设施--机场服务,地方国有企业,8866140984,1703824329,575412545,17689634,11456162938,0.051771451,22.90550547,0.002128829,0.126265665,0.189901544,-0.358252075,0.44336805,0.48433714,0.132942793,0.162217939,15.9178
H,6188.HK,迪信通,可选消费,可选消费零售,可选消费--可选消费零售--专营零售--电脑与电子产品零售,地方国有企业,8080103000,14957133000,257439000,232712000,10941257000,0.044798418,22.81267046,0.255192564,0.423900035,1.82029502,0.422311324,0.016180982,0.525537608,1.803579646,0.008503728,-5.0604
H,1459.HK,巨匠建设,工业,建筑,工业--建筑--建筑与工程Ⅲ--建筑与工程Ⅳ,民营企业,5515078000,6895993000,133714000,29136000,5514834000,0.029529447,22.43075163,0.002660383,0.216997391,1.338339886,0.187439235,0.04010859,0.761737549,1.246067999,0.002848192,43.5762
H,0995.HK,安徽皖通高速公路,工业,交通运输,工业--交通运输--交通基础设施--公路与铁路,地方国有企业,14829956000,3875803000,1089855000,118832000,15970259000,0.075683619,23.41991503,0.00484259,0.126265665,0.266705785,0.085101466,0.064602956,0.283267799,1.881608654,0.00788148,-10.0483
H,1697.HK,山东国信,金融,非银金融,金融--非银金融--资本市场--资产管理与托管银行,地方国有企业,13611752000,,663906000,137873000,14572290000,0.055020796,23.33419937,,1.106388289,,,0.009559974,0.299084203,,0.012691533,
H,3833.HK,新疆新鑫矿业,材料,有色金属,材料--有色金属--其他金属与采矿--金属非金属,地方国有企业,7902018561,1749978259,27420561.91,101107080.2,7573026922,0.016971766,22.79038408,0.002870902,0.251639439,0.223183982,-0.01731132,0.526611146,0.464927381,0.951549308,0.009235222,26.2937
H,9981.HK,沃尔核材,工业,电气设备,工业--电气设备--电气设备Ⅲ--电气部件与设备,公众企业,6427360892,3494465383,209590266,140356058.8,6441062395,0.054330529,22.58382985,0.011894735,0.179548207,0.552151923,-0.064587212,0.337156034,0.563900693,0.86801528,0.03892719,36.7574
H,2579.HK,中伟新材,材料,化工,材料--化工--多元化工Ⅲ--特种化工,民营企业,4083590544,3064174814,179826999.9,90270632.97,6163789632,0.04382006,22.13024247,0.153609057,0.38258873,1.002636859,-0.073598883,0.321034706,0.879997858,0.890098296,0.147170315,64.8967
H,3768.HK,滇池水务,公用事业,公用事业Ⅱ,公用事业--公用事业Ⅱ--水务Ⅲ--水务Ⅳ,地方国有企业,7442063000,1429787000,368411000,150064000,9576255000,0.054141729,22.73041393,0.002936293,0.206277216,0.212341335,0.103046964,0.41031687,0.475828006,1.514499788,0.044247677,16.8294
H,6865.HK,福莱特玻璃,工业,电气设备,工业--电气设备--电气设备Ⅲ--光伏设备,民营企业,6953549000,3039802000,717243708.7,65388264.94,9392280570,0.08332715,22.66251801,0.010347116,0.179548207,0.4709552,0.11602852,0.449969936,0.47240553,1.358574732,0.176559481,2.195
H,1108.HK,凯盛新能,工业,电气设备,工业--电气设备--电气设备Ⅲ--光伏设备,中央国有企业,4504181920,1402748188,53999883.71,92019454.58,5241039878,0.027860757,22.22827212,0.004774784,0.179548207,0.477343272,-0.236466192,0.576264358,0.701312885,0.57909629,0.070157629,-6.6175
H,0719.HK,山东新华制药股份,医疗保健,医药生物,医疗保健--医药生物--制药--西药,地方国有企业,5916156320,5207868839,299966265.7,55317659.59,6436024609,0.055202388,22.5009528,0.01798919,0.33727251,0.930824007,-0.001838896,0.487540277,0.527302377,0.995390258,0.065242759,15.3276
H,0501.HK,豪威集团,信息技术,半导体,信息技术--半导体--半导体产品--集成电路,民营企业,4599872274,3951414110,465632238.7,285413296.4,17476223433,0.042975277,22.24929437,0.354978456,0.217143014,1.064385438,-0.070518021,0.046818807,0.642515378,0.888462238,0.019062158,64.5814
H,2419.HK,德康农牧,日常消费,食品饮料,日常消费--食品饮料--食品--食品加工与肉类,民营企业,3508845000,3282046000,2002548000,84645000,6155871000,0.3390573,21.97855276,0.036682638,0.203246513,,-0.118062211,0.361691953,0.808368281,0.802097964,0.088746297,
H,1122.HK,庆铃汽车股份,可选消费,汽车与零配件,可选消费--汽车与零配件--汽车--汽车制造,地方国有企业,10893251000,5253252000,345308000,498000,10995614000,0.031449449,23.11140926,0.009600489,0.18931341,0.483830895,0.60550271,0.06892855,0.254206664,3.458954808,0.013349275,3.5463
H,1708.HK,三宝科技,信息技术,硬件设备,信息技术--硬件设备--电子设备、仪器和元件--电子设备和仪器,民营企业,4811691619,1834487602,107023459,68798047.07,4459618454,0.039425235,22.29431455,0.003428024,0.481973627,0.431802663,0.300218858,0.079701488,0.567513481,1.652958146,0.022421564,6.8512
H,1785.HK,成都高速,工业,交通运输,工业--交通运输--交通基础设施--公路与铁路,地方国有企业,5194176000,1830227000,438791000,134866000,8335014000,0.068824959,22.37080383,0.002286762,0.126265665,0.362125249,-0.018903672,0.049352968,0.52554977,0.926928029,0.026549736,2.5741
H,1276.HK,恒瑞医药,医疗保健,医药生物,医疗保健--医药生物--制药--西药,民营企业,22361229608,17181122847,5328027520,6882693.67,27556475495,0.193599149,23.83059448,0.059347593,0.33727251,0.850537701,0.696551944,0.164839692,0.11463999,7.246208194,0.023661927,26.4991
H,1763.HK,中国同辐,医疗保健,医疗设备与服务,医疗保健--医疗设备与服务--医疗保健设备与用品--医疗保健用品,中央国有企业,6864788000,3238019000,329030000,18758000,8843372000,0.039327533,22.64967099,0.008853295,0.888164266,0.560134245,0.387187631,0.195060794,0.373152383,2.213417638,0.109396241,21.1813
H,1292.HK,长安民生物流,工业,交通运输,工业--交通运输--航空运输--航空货运与物流,国有企业,4623117000,5112410000,-55967000,8500000,4559586000,-0.010410375,22.25433499,0.006387659,0.126265665,1.084466298,0.214549837,0.129669874,0.547582075,1.395246391,0.036162399,-22.7081
H,3678.HK,弘业期货,金融,非银金融,金融--非银金融--资本市场--综合性资本市场,地方国有企业,4296754000,,21266395.11,,4510771897,,22.18112569,,1.106388289,,,0.002766972,0.587675022,,0.001696862,
H,2648.HK,安井食品,日常消费,食品饮料,日常消费--食品饮料--食品--食品加工与肉类,民营企业,4563256171,4223495231,373343805.2,16280541.07,5684550964,0.068540919,22.24130228,0.047204989,0.203246513,1.08097665,0.147110678,0.342297179,0.551202031,1.327029146,0.09992235,22.3939
H,1666.HK,同仁堂科技,医疗保健,医药生物,医疗保健--医药生物--制药--中药,地方国有企业,9769866000,5059638000,417650000,41025000,10469970000,0.043808626,23.00256859,0.017477166,0.33727251,0.542718807,0.603831312,0.20769814,0.255174124,4.953122204,0.038136654,0.6856
H,0553.HK,南京熊猫电子股份,信息技术,硬件设备,信息技术--硬件设备--通信设备Ⅲ--通信设备Ⅳ,中央国有企业,6184619024,4500505653,52657894.58,4866182.28,6020147479,0.00955526,22.54533124,0.008409891,0.481973627,0.75957116,0.348545941,0.182850102,0.403054845,1.876994995,0.014857879,7.3612
H,3759.HK,康龙化成,医疗保健,医药生物,医疗保健--医药生物--生命科学工具和服务Ⅲ--生命科学工具和服务Ⅳ,民营企业,4802079000,2908123000,547190000,82476000,9935037000,0.063378325,22.29231479,0.010045333,0.33727251,0.650169136,-0.006651494,0.544507285,0.515507554,0.975581171,0.13348052,27.6749
H,2476.HK,胜宏科技,信息技术,硬件设备,信息技术--硬件设备--电子设备、仪器和元件--电子元件,民营企业,5398259046,3291796545,462745831.2,24665028.66,6992319500,0.069706606,22.40934234,0.006151231,0.481973627,0.693772625,0.034557283,0.435739176,0.448741455,1.077812493,0.214285087,35.6705
H,1847.HK,云南建投混凝土,材料,建材Ⅱ,材料--建材Ⅱ--建材Ⅲ--建材Ⅳ,地方国有企业,3159360000,3357117000,203685000,8991000,3541790000,0.060047603,21.87363531,0.007272318,0.338348875,1.12769159,0.216722374,0.070037603,0.697724539,1.314029809,0.014269029,7.8734
H,2146.HK,荣万家,房地产,房地产Ⅱ,房地产--房地产Ⅱ--房地产管理和开发--房地产经营公司,民营企业,2233122000,901890000,113232000,34512000,1819193000,0.081214033,21.52666644,0.002236356,0.581142232,0.418207798,0.052339281,0.003733786,0.921452567,1.081472187,0.00175136,23.2137
H,1786.HK,铁建装备,工业,机械,工业--机械--机械Ⅲ--建筑机械与重型卡车,中央国有企业,7468152000,2410714000,122163000,,7397162000,,22.73391342,0.003722132,0.203924521,0.336972255,0.481966221,0.128452929,0.264150087,2.851272166,0.003417713,32.5801
H,2715.HK,埃斯顿,工业,机械,工业--机械--机械Ⅲ--工业机械,民营企业,3621017274,1450735045,65762217.08,54522339.64,3786970155,0.031762742,22.01002084,0.002239929,0.203924521,0.423554189,0.129423789,0.137923992,0.526064557,1.297301291,0.062491728,35.8665
H,2289.HK,创美药业,医疗保健,医疗设备与服务,医疗保健--医疗设备与服务--医疗保健提供商与服务--保健护理产品经销商,地方国有企业,2353979677,3935245977,40153355.52,30424647.21,2503807874,0.028188266,21.57937321,0.010759632,0.888164266,1.630916517,0.074877881,0.092418009,0.797476,1.098700166,0.041515372,-3.9208
H,6049.HK,保利物业,房地产,房地产Ⅱ,房地产--房地产Ⅱ--房地产管理和开发--房地产经营公司,中央国有企业,2552432000,4229378000,490511000,898000,7571067000,0.064906175,21.66031247,0.010487304,0.581142232,1.813431356,0.182812706,0.029018599,0.728443696,1.254878205,0.017898616,30.5229
H,2281.HK,兴泸水务,公用事业,公用事业Ⅱ,公用事业--公用事业Ⅱ--水务Ⅲ--水务Ⅳ,地方国有企业,3811837000,1218206000,190591000,65445000,5815603000,0.044025701,22.06137706,0.002501778,0.206277216,0.344288748,-0.051002706,0.010472379,0.486622592,0.803245806,0.122553771,12.615
H,2701.HK,国民技术,信息技术,半导体,信息技术--半导体--半导体产品--集成电路,公众企业,2849224999,597381837.8,103920641.6,31212995.39,2013730013,0.067106134,21.77031286,0.053666277,0.217143014,0.204964753,-0.137848634,0.12972719,0.629084494,0.774486185,0.07984563,-13.5401
H,3319.HK,雅生活服务,房地产,房地产Ⅱ,房地产--房地产Ⅱ--房地产管理和开发--房地产经营公司,民营企业,7296549000,3376749000,1230764000,8091000,9387515000,0.131968364,22.71066733,0.008373097,0.581142232,0.688616268,0.584164925,0.01096491,0.244843418,3.469097384,0.002895204,91.7787
H,1713.HK,四川能投发展,公用事业,公用事业Ⅱ,公用事业--公用事业Ⅱ--电力--电力公用事业,地方国有企业,4381192000,2031095000,176249000,31248000,4480138000,0.046314868,22.20058667,0.004171173,0.206277216,0.48895156,0.067977847,0.600401672,0.406864844,1.327606007,0.02664001,9.5968
H,1853.HK,春城热力,公用事业,公用事业Ⅱ,公用事业--公用事业Ⅱ--复合型公用事业Ⅲ--复合型公用事业Ⅳ,地方国有企业,2216259000,1440159000,133971000,4422000,2573741000,0.053771145,21.51908648,0.002957593,0.206277216,0.591033534,0.004172797,0.419554303,0.773349595,1.007846924,0.099144098,29.9345
H,6885.HK,金马能源,能源,煤炭Ⅱ,能源--煤炭Ⅱ--煤炭Ⅲ--煤炭与消费用燃料,民营企业,4074762000,7451793000,587202000,54265000,5487061000,0.116905389,22.12807818,0.01681589,0.433863723,2.117862673,0.238155995,0.322597492,0.416540402,1.682911605,0.075726386,45.0428
H,6166.HK,剑桥科技,信息技术,硬件设备,信息技术--硬件设备--通信设备Ⅲ--通信设备Ⅳ,外资企业,2744114384,3152549425,21746194.98,22763778.56,2894495840,0.015377453,21.73272423,0.005891026,0.481973627,1.237416742,0.074448242,0.190177213,0.589124308,1.129964647,0.162916122,26.961
H,2768.HK,国恩科技,材料,化工,材料--化工--基础化工--商品化工,民营企业,3656876274,3711285794,396026415.9,42763061.19,4861559154,0.090256945,22.01987514,0.186049148,0.38258873,1.270784518,0.292617366,0.232989774,0.420867473,1.711481083,0.06773132,82.2515
H,8348.HK,滨海泰达物流,工业,交通运输,工业--交通运输--航空运输--航空货运与物流,地方国有企业,2602461000,2613904000,9454000,42416000,2960188000,0.017522536,21.67972337,0.003265921,0.126265665,0.998529846,0.150599759,0.061919084,0.590412306,1.267324457,0.0048677,9.0452
H,6189.HK,爱得威建设集团,工业,建筑,工业--建筑--建筑与工程Ⅲ--建筑与工程Ⅳ,民营企业,2611443000,1830783000,70299000,24708000,2784516000,0.034119754,21.68316878,0.000706292,0.216997391,0.774143748,0.363846349,0.028500335,0.584624286,1.623053458,0.001818918,9.447
H,2631.HK,天岳先进,信息技术,半导体,信息技术--半导体--半导体材料与设备--半导体材料与设备Ⅳ,民营企业,1427923882,133634015.1,-200683616.5,45977810.76,1549051572,-0.099871307,21.0794874,0.012005119,0.217143014,,-0.464121308,0.594141947,1.013018856,0.370453604,0.051079421,
H,2482.HK,维天运通,工业,交通运输,工业--交通运输--航空运输--航空货运与物流,民营企业,1288558000,1992735000,-3516000,16186000,1820888000,0.006958143,20.9767896,0.002489806,0.126265665,,-0.100524773,0.061322812,1.023007113,0.90146863,0.016630994,
H,3347.HK,泰格医药,医疗保健,医药生物,医疗保健--医药生物--生命科学工具和服务Ⅲ--生命科学工具和服务Ⅳ,民营企业,4586604000,2299534000,841247000,42243000,7567976000,0.116740592,22.24640572,0.007943125,0.33727251,0.55279399,0.084759879,0.057419389,0.286585674,1.30854458,0.017073198,36.6889
H,1542.HK,台州水务,公用事业,公用事业Ⅱ,公用事业--公用事业Ⅱ--水务Ⅲ--水务Ⅳ,地方国有企业,1953177000,504263000,92540000,15399000,2929328000,0.0368477,21.39272311,0.001035583,0.206277216,0.247635614,0.087398121,0.530965704,0.669575773,1.586700395,0.191405592,8.9354
H,6660.HK,艾美疫苗,医疗保健,医药生物,医疗保健--医药生物--生物科技Ⅲ--生物科技Ⅳ,民营企业,3018400000,1111170000,117406000,10781000,2950722000,0.043442588,21.82799273,0.00383824,0.33727251,,0.143342499,0.17857176,0.431143984,1.372183025,0.056146965,
H,2696.HK,复宏汉霖,医疗保健,医药生物,医疗保健--医药生物--生物科技Ⅲ--生物科技Ⅳ,民营企业,3094790000,7421000,-875465000,48307000,5899817000,-0.14020062,21.85298589,2.56339E-05,0.33727251,0.003241102,0.17886254,0.104685294,0.417553695,2.037677877,0.237617092,-78.1156
H,1075.HK,首都信息,信息技术,软件服务,信息技术--软件服务--信息技术服务--互联网服务与基础架构,地方国有企业,2210347542,1131506696,127647720,3616265.02,2314581421,0.05671176,21.5164156,0.034479416,0.826815688,0.561802355,0.245652502,0.031299631,0.528971904,1.467287929,0.008243287,12.2185
H,1081.HK,大金重工,工业,电气设备,工业--电气设备--电气设备Ⅲ--重型电气设备,民营企业,2948160074,960417686.3,175645885.8,0,3687316764,0.04763515,21.80444711,0.003269145,0.179548207,0.336742376,0.37245866,0.257046454,0.384669924,2.240118777,0.046312856,-4.8933
H,2152.HK,苏新服务,房地产,房地产Ⅱ,房地产--房地产Ⅱ--房地产管理和开发--房地产经营公司,地方国有企业,1420063000,387963000,42522000,23221000,2083727000,0.031550678,21.07396707,0.000962006,0.581142232,,0.147828653,0.046180346,0.771836179,1.285133727,0.027872003,
H,2352.HK,东原仁知服务,房地产,房地产Ⅱ,房地产--房地产Ⅱ--房地产管理和开发--房地产经营公司,公众企业,1115302000,386832000,25667000,12747000,759468000,0.050580143,20.83239106,0.000959201,0.581142232,,0.085151824,0.004851601,0.939662979,1.115460413,0.002264857,
H,9908.HK,嘉兴燃气,公用事业,公用事业Ⅱ,公用事业--公用事业Ⅱ--燃气Ⅲ--燃气Ⅳ,公众企业,1380774000,1258782000,86898000,19261000,1354769000,0.078359484,21.04591005,0.002585107,0.206277216,0.935584029,-0.241148081,0.364226151,0.755193826,0.327642363,0.028743299,42.46
H,6680.HK,金力永磁,材料,有色金属,材料--有色金属--其他金属与采矿--金属非金属,民营企业,2143585000,1282004000,156889000,42099000,2860186000,0.069571699,21.4857455,0.002103173,0.251639439,0.715300006,0.363840016,0.157473578,0.483281979,1.842141066,0.027370037,41.3697
H,9995.HK,荣昌生物,医疗保健,医药生物,医疗保健--医药生物--生物科技Ⅲ--生物科技Ⅳ,民营企业,531092000,11321000,-430280000,43789000,689311000,-0.560691763,20.09044582,3.91054E-05,0.33727251,,-1.754978422,0.72993568,1.938025803,0.06508322,0.157641237,
H,2499.HK,佛朗斯股份,工业,企业服务,工业--企业服务--商业服务与用品--综合支持服务,民营企业,1608744023,726078004,55086605.56,59277293.07,1904237957,0.060057567,21.1987196,0.032220845,0.508279564,0.561944055,-0.011481527,0.617714307,0.638373573,0.966384907,0.174069805,27.0102
H,2493.HK,迈威生物-B,医疗保健,医药生物,医疗保健--医药生物--制药--西药,外资企业,891922301.8,36932086.11,-927893996.7,-154295.51,1072310034,-0.865466388,20.60888958,0.000127572,0.33727251,0.04833214,-0.891431298,0.314677119,1.147624094,0.221656521,0.251840156,751.7743
H,2865.HK,钧达股份,工业,电气设备,工业--电气设备--电气设备Ⅲ--光伏设备,民营企业,1941245633,891520356,17227122.44,30621255.32,1840996158,0.025990482,21.38659568,0.003034627,0.179548207,0.487111362,0.212027537,0.206425849,0.525845239,1.575573858,0.055610245,-21.9296
H,9980.HK,东鹏饮料,日常消费,食品饮料,日常消费--食品饮料--饮料--软饮料,民营企业,2107525687,2997966938,570573895.6,-13965657.16,3340700307,0.166614239,21.46878044,0.033507554,0.203246513,1.441836257,-0.130145318,0.525678857,0.484255886,0.713322699,0.185947144,7.152
H,8452.HK,富银融资股份,金融,非银金融,金融--非银金融--金融服务--特殊金融服务,公众企业,1470194507,155529390,36061201,,1405571804,,21.10866055,0.030269379,1.106388289,0.111081493,0.127153751,0.001108479,0.689906056,1.23837054,0.000928208,26.7153
H,2519.HK,傲基股份,可选消费,可选消费零售,可选消费--可选消费零售--多品类零售Ⅲ--多品类零售Ⅳ,民营企业,1992048807,5107616627,,,,,21.4124295,0.087144093,0.423900035,3.027418878,0.41320238,0.004540596,0.505117497,1.842588514,0.003030553,36.7007
H,2210.HK,京城佳业,房地产,房地产Ⅱ,房地产--房地产Ⅱ--房地产管理和开发--房地产经营公司,地方国有企业,1447205000,917872000,37932000,2479000,1568862000,0.025758161,21.09289995,0.002275985,0.581142232,,0.134598761,0.027249077,0.691859826,1.221046838,0.004411262,
H,6682.HK,范式智能,信息技术,软件服务,信息技术--软件服务--软件--应用软件,民营企业,713647000,127750000,-716576000,163487000,1376375000,-0.401844701,20.385899,0.003892814,0.826815688,,0.769673242,0.024953513,1.374779127,7.268115942,0.022362597,
H,2276.HK,康耐特光学,医疗保健,医疗设备与服务,医疗保健--医疗设备与服务--医疗保健设备与用品--医疗保健用品,民营企业,1082674000,853760000,111901000,47447000,1374654000,0.115918624,20.80269974,0.002334325,0.888164266,,-0.114080508,0.318625921,0.895482851,0.841674828,0.062159062,
H,3986.HK,兆易创新,信息技术,半导体,信息技术--半导体--半导体产品--集成电路,民营企业,2860830541,2234536984,606922090.2,7708821.85,6173524467,0.09955916,21.77437782,0.200741422,0.217143014,0.822245857,0.399172259,0.156862558,0.336843804,2.820470295,0.103968068,10.2411
H,1877.HK,君实生物,医疗保健,医药生物,医疗保健--医药生物--制药--西药,民营企业,4257310000,934000,-743922000,13300000,4422440000,-0.165207894,22.17190334,3.22625E-06,0.33727251,0.000341061,0.572924922,0.220641908,0.219898715,6.177882033,0.130920934,-18.6411
H,0187.HK,京城机电股份,工业,机械,工业--机械--机械Ⅲ--工业机械,地方国有企业,1775485766,1121564249,-130036755.6,23916520.92,1670839501,-0.063513123,21.29733989,0.00173169,0.203924521,0.606161203,0.019985901,0.404987751,0.513784403,1.048733313,0.014669285,-6.8079
H,2603.HK,吉宏股份,可选消费,可选消费零售,可选消费--可选消费零售--多品类零售Ⅲ--多品类零售Ⅳ,民营企业,1588404659,2259703304,326257025.1,22790105.87,2439256660,0.143095697,21.18599599,0.038554145,0.423900035,1.651385444,0.068249623,0.235598889,0.548456919,1.133220388,0.024366931,100.4956
H,1576.HK,齐鲁高速,工业,交通运输,工业--交通运输--交通基础设施--公路与铁路,地方国有企业,4353266000,921735000,516421000,20486000,4390005000,0.122302139,22.1941922,0.001151654,0.126265665,0.230688892,0.222142869,0.027568956,0.188726349,2.864665061,0.011162883,-11.8008
H,8095.HK,北大青鸟环宇,工业,工业贸易与综合,工业--工业贸易与综合--工业集团Ⅲ--工业集团Ⅳ,公众企业,3468716000,1905727000,1402389000,7061000,3470502000,0.406122803,21.96705033,1,1,0.57321416,0.350570355,0.081941848,0.235908907,2.489320869,0.009962764,18.1425
H,1989.HK,广合科技,信息技术,硬件设备,信息技术--硬件设备--电子设备、仪器和元件--电子元件,民营企业,1306221803,1025211007,105060475,-1036220.53,1331447456,0.078128697,20.99040469,0.001915765,0.481973627,1.014741208,0.051581774,0.316604455,0.62586836,1.084436282,0.088071929,38.112
H,1527.HK,天洁环境,工业,环保Ⅱ,工业--环保Ⅱ--环保Ⅲ--环境与设施服务,民营企业,1504288000,858817000,34289000,6909000,1598680000,0.02577001,21.13158553,0.062296187,0.454558122,0.546347661,0.371826406,0.05426421,0.520553245,1.714290822,0.001842067,8.4157
H,9699.HK,顺丰同城,工业,交通运输,工业--交通运输--航空运输--航空货运与物流,民营企业,222348000,993274000,-469795000,10282000,938859000,-0.489437711,19.21975428,0.001241038,0.126265665,,-2.666976991,0.018282152,3.392627773,0.21389048,0.259853923,
H,1749.HK,杉杉品牌,可选消费,纺织服装Ⅱ,可选消费--纺织服装Ⅱ--纺织服装Ⅲ--服装、服饰与奢侈品,公众企业,1055526145,1025285807,-16312171,18199298,1138906294,0.001656964,20.7773052,0.611548662,0.524886208,1.066138041,0.16696606,0.057846927,0.706049531,1.236479245,0.048606212,28.4999
H,1265.HK,天津津燃公用,公用事业,公用事业Ⅱ,公用事业--公用事业Ⅱ--燃气Ⅲ--燃气Ⅳ,地方国有企业,2493584655,1519525521,4382854.34,,2538184952,,21.63698713,0.003120585,0.206277216,0.613438222,0.365416223,0.338309138,0.29617807,2.397541393,0.018741329,3.4279
H,3689.HK,康华医疗,医疗保健,医疗设备与服务,医疗保健--医疗设备与服务--医疗保健提供商与服务--保健护理设施,民营企业,2203052000,1639287000,74264000,17241000,2583161000,0.035423653,21.51310951,0.004482089,0.888164266,0.833088507,0.129831252,0.369664447,0.314825978,1.424941279,0.041001302,18.0049
H,3200.HK,大族数控,信息技术,硬件设备,信息技术--硬件设备--电子设备、仪器和元件--电子设备和仪器,外资企业,1993586355,1710819518,227974566.9,-265913.51,1960302654,0.116159948,21.41320104,0.003196931,0.481973627,,0.534548594,0.032528331,0.34224259,2.637560557,0.01302402,
H,6821.HK,凯莱英,医疗保健,医药生物,医疗保健--医药生物--制药--西药,外资企业,3188076000,1822787000,551589000,1768000,3788053000,0.14607953,21.88268344,0.00629633,0.33727251,0.625819643,0.361856179,0.382567731,0.212569587,3.133955724,0.170371723,29.546
H,6866.HK,佐力科创,金融,非银金融,金融--非银金融--消费信贷Ⅲ--消费信贷Ⅳ,民营企业,2427471000,,131587000,49553000,2527413000,0.071670123,21.61011581,,1.106388289,,,0.017956548,0.277842248,,0.006449923,
H,1543.HK,中盈盛达融资担保,金融,非银金融,金融--非银金融--金融服务--特殊金融服务,公众企业,3034383000,,133158000,12637000,3191768000,0.045678445,21.83327395,,1.106388289,,,0.002602506,0.221715255,,0.001356124,
H,2465.HK,龙蟠科技,材料,化工,材料--化工--多元化工Ⅲ--特种化工,民营企业,2049619995,1471697746,127406046.4,15003047.81,2169687373,0.065635767,21.44092024,0.073777156,0.38258873,0.792692227,0.365989106,0.208915998,0.320836593,2.502161779,0.02564206,15.2451
H,2120.HK,康宁医院,医疗保健,医疗设备与服务,医疗保健--医疗设备与服务--医疗保健提供商与服务--保健护理设施,民营企业,1840724035,745971888,57289394,26563406,2117351855,0.039602676,21.33342483,0.002039614,0.888164266,0.422512361,0.060421782,0.312654276,0.345217788,1.22986674,0.079044974,11.9346
H,1596.HK,翼辰实业,工业,机械,工业--机械--机械Ⅲ--工业机械,民营企业,2517447000,1111460000,193821576.9,8388070.61,2847861466,0.071004032,21.64651113,0.001716089,0.203924521,0.437985054,0.534673024,0.138686534,0.246202204,3.304182073,0.055019629,15.0701
H,6826.HK,昊海生物科技,医疗保健,医药生物,医疗保健--医药生物--生物科技Ⅲ--生物科技Ⅳ,民营企业,4436352000,1545824000,370779000,4538000,6151871000,0.061008594,22.21309825,0.005339635,0.33727251,0.363225419,0.415335393,0.15865558,0.135450253,5.082660303,0.034233758,14.9435
H,2488.HK,元征科技,可选消费,汽车与零配件,可选消费--汽车与零配件--汽车零配件--汽车零配件与设备,民营企业,1542793325,1048538386,-136931516.5,22565551.75,1634680812,-0.06996226,21.15686046,0.001916238,0.18931341,0.664604821,0.218666547,0.195758111,0.371740137,1.609774211,0.051226714,7.2155
H,6661.HK,湖州燃气,公用事业,公用事业Ⅱ,公用事业--公用事业Ⅱ--燃气Ⅲ--燃气Ⅳ,地方国有企业,1355618000,1228565000,94956000,248000,1588547000,0.059931497,21.02752328,0.002523052,0.206277216,,0.039919063,0.466842429,0.419685339,1.115097157,0.07688154,
H,6809.HK,澜起科技,信息技术,半导体,信息技术--半导体--半导体产品--集成电路,公众企业,4180657397,1756842279,932858391.7,0,7780753457,0.119893067,22.15373434,0.157827335,0.217143014,0.621302685,0.875342817,0.006339888,0.135124115,9.569798301,0.004280291,43.4817
H,2500.HK,启明医疗-B,医疗保健,医疗设备与服务,医疗保健--医疗设备与服务--医疗保健设备与用品--医疗保健设备,公众企业,1034381000,115348000,-380723000,9014000,3668808000,-0.101316013,20.75706902,0.000315381,0.888164266,0.187803242,-0.198661808,0.045177744,0.545260402,0.585810171,0.02565109,535.0363
H,2170.HK,贝康医疗-B,医疗保健,医药生物,医疗保健--医药生物--生物科技Ⅲ--生物科技Ⅳ,外资企业,148258000,32609000,-531336000,1316000,151128000,-3.507093325,18.81446456,0.000112639,0.33727251,,0.364054554,0.173737674,3.778258172,1.993996317,0.030919074,
H,1057.HK,浙江世宝,可选消费,汽车与零配件,可选消费--汽车与零配件--汽车零配件--汽车零配件与设备,民营企业,2045077334,1133097730,-176711694.4,4407765.65,1975196092,-0.087233834,21.43870144,0.002070773,0.18931341,0.546136759,0.304946173,0.366890604,0.271165869,2.246277934,0.068924353,-1.8331
H,0638.HK,广和通,信息技术,硬件设备,信息技术--硬件设备--通信设备Ⅲ--通信设备Ⅳ,民营企业,1002910939,1244575950,170074699.7,5637091.27,2054163643,0.085539334,20.72617255,0.002325683,0.481973627,1.539215209,0.362819253,0.021957775,0.552940631,1.664467492,0.029567174,121.7862
H,1502.HK,金融街物业,房地产,房地产Ⅱ,房地产--房地产Ⅱ--房地产管理和开发--房地产经营公司,地方国有企业,754376000,875199000,105217000,1742000,980211000,0.109118343,20.44140148,0.002170172,0.581142232,1.181039119,0.228956117,0.018588873,0.690100162,1.345260536,0.007345144,15.6627
H,6127.HK,昭衍新药,医疗保健,医药生物,医疗保健--医药生物--生命科学工具和服务Ⅲ--生命科学工具和服务Ⅳ,民营企业,1176976000,408798000,187838000,342000,1570141000,0.119849109,20.88621427,0.001412083,0.33727251,0.380082395,0.246390751,0.312961352,0.43293661,1.683137576,0.110387128,37.1382
H,0042.HK,东北电气,工业,电气设备,工业--电气设备--电气设备Ⅲ--电气部件与设备,公众企业,505113480.5,32311485.1,-40166000,1277000,477387000,-0.08146221,20.04029368,0.000109984,0.179548207,0.079648658,-0.429791068,0.10480857,0.956215027,0.457574418,0.004615818,-2.0444
H,1349.HK,复旦张江,医疗保健,医药生物,医疗保健--医药生物--制药--西药,公众企业,1459363000,740422000,227357983,6298820,1564824553,0.149318211,21.10126588,0.00255759,0.33727251,0.568571974,0.387447811,0.203738206,0.319371534,2.243461911,0.02669932,48.7705
H,2402.HK,亿华通,工业,电气设备,工业--电气设备--电气设备Ⅲ--电气部件与设备,民营企业,1214913858,365719668.4,63910000,9695000,1689245000,0.04357272,20.91793901,0.001244865,0.179548207,0.348009082,0.378836027,0.208032107,0.380213819,2.316218718,0.090487877,83.5116
H,1385.HK,上海复旦,信息技术,半导体,信息技术--半导体--半导体产品--集成电路,公众企业,2546794000,1409630000,-161936000,2599000,2458372000,-0.064814031,21.65810115,0.126635242,0.217143014,0.593010317,0.587155459,0.155160959,0.172512579,4.584663771,0.081257848,0.8153
H,2551.HK,晶科电子股份,信息技术,半导体,信息技术--半导体--半导体材料与设备--半导体材料与设备Ⅳ,外资企业,1153626098,917000735.1,,,,,20.86617595,0.082379497,0.217143014,0.845885049,0.288470263,0.264682941,0.372037434,1.790852171,0.039503439,1.9259
H,8049.HK,吉林长龙药业,医疗保健,医药生物,医疗保健--医药生物--制药--中药,公众企业,1554841000,647672000,144726000,120000,1671477000,0.086657489,21.16463913,0.00223721,0.33727251,0.46379676,0.596473209,0.144181302,0.271292049,3.469934804,0.021689034,0.3671
H,8247.HK,中生北控生物科技,医疗保健,医药生物,医疗保健--医药生物--生物科技Ⅲ--生物科技Ⅳ,公众企业,776008000,303224000,-110413000,21032000,644963000,-0.138583144,20.46967339,0.001047406,0.33727251,0.419610535,0.079401243,0.34070525,0.530336027,1.166037004,0.052897651,2.7432
H,7688.HK,拓璞数控,工业,机械,工业--机械--机械Ⅲ--工业机械,民营企业,381067508.1,227640840,-12813928.16,2239689.06,579643900.3,-0.018242647,19.7584871,0.000351476,0.203924521,0.737502614,-0.030471054,0.014618262,1.036770769,0.967588352,0.015540427,2191.5632
H,6168.HK,周六福,可选消费,可选消费零售,可选消费--可选消费零售--专营零售--其他专卖店,民营企业,942438826.9,1667040106,,,,,20.66398157,0.028442365,0.423900035,2.206235314,0.56599227,0,0.403106857,2.405925393,0.005440857,74.5015
H,2450.HK,淮北绿金股份,材料,建材Ⅱ,材料--建材Ⅱ--建材Ⅲ--建材Ⅳ,地方国有企业,727834000,331828000,114000000,4085000,796388000,0.148275715,20.40558356,0.000718819,0.338348875,,-0.072702017,0.555909727,0.515870377,0.795749395,0.195427804,
H,1187.HK,可孚医疗,医疗保健,医疗设备与服务,医疗保健--医疗设备与服务--医疗保健设备与用品--医疗保健设备,民营企业,606838419.9,1079352906,123686731,4347441.18,1049257826,0.122023557,20.22377312,0.002951134,0.888164266,2.16605608,0.273627122,0.054018539,0.612806901,1.446527621,0.048713801,27.5024
H,3268.HK,美格智能,信息技术,硬件设备,信息技术--硬件设备--电子设备、仪器和元件--电子元件,民营企业,897693727.4,986046096.8,24453253.08,1993917.19,784635782.6,0.033706302,20.61533951,0.00184258,0.481973627,1.151267483,0.492733969,0.08005684,0.410352871,2.209696508,0.009632941,54.2472
H,2692.HK,兆威机电,工业,电气设备,工业--电气设备--电气设备Ⅲ--电气部件与设备,民营企业,663357782.7,750381152.5,357064067.3,2217089.27,1182427341,0.303850515,20.31282504,0.002554206,0.179548207,1.328980726,0.138156149,0.365856674,0.522060287,1.305475342,0.113363365,38.1984
H,0840.HK,天业节水,工业,机械,工业--机械--机械Ⅲ--农用农业机械,地方国有企业,957772767.3,532211320.9,-47948484.1,1154925,869232808.6,-0.053833172,20.68012111,0.000821732,0.203924521,0.542766202,0.457911707,0.166109412,0.356238036,2.320381318,0.018080322,-27.4674
H,6117.HK,日照港裕廊,工业,交通运输,工业--交通运输--海上运输Ⅲ--海上运输Ⅳ,地方国有企业,1717548000,532061000,141131000,27812000,2511242000,0.067274679,21.26416353,0.000664779,0.126265665,0.305754156,-0.091862353,0.734875532,0.18045027,0.431032866,0.011047144,2.2184
H,1379.HK,温岭工量刃具,房地产,房地产Ⅱ,房地产--房地产Ⅱ--房地产管理和开发--房地产经营公司,地方国有企业,911349000,46994000,32447000,1653000,1015949000,0.033564677,20.63043648,0.000116528,0.581142232,0.052308287,-0.010493236,0.009371821,0.336020559,0.823632474,0.001664565,8.0645
H,0747.HK,沈阳公用发展股份,房地产,房地产Ⅱ,房地产--房地产Ⅱ--房地产管理和开发--多元化房地产业务,公众企业,1186992000,80091000,-89049000,53000,996411000,-0.089316557,20.89468821,0.000198596,0.581142232,0.068752626,0.28004738,0.041800619,0.250262007,2.119016761,0.005267095,416.7495
H,6185.HK,康希诺生物,医疗保健,医药生物,医疗保健--医药生物--生物科技Ⅲ--生物科技Ⅳ,民营企业,795875000,1132000,-156766000,8889000,1784498000,-0.082867563,20.4949527,3.91019E-06,0.33727251,0.001362018,0.143639391,0.637598869,0.36884938,2.071556451,0.201883462,
H,1671.HK,天保能源,公用事业,公用事业Ⅱ,公用事业--公用事业Ⅱ--电力--电力公用事业,地方国有企业,551191000,431113000,10329000,6914000,540250000,0.031916705,20.12759195,0.000885358,0.206277216,0.779311891,0.198161799,0.639531487,0.447677847,2.512581186,0.039329379,-4.7195
H,1577.HK,汇鑫小贷,金融,非银金融,金融--非银金融--消费信贷Ⅲ--消费信贷Ⅳ,民营企业,1292333782,,64421947,9052708,1320788409,0.055629391,20.97971555,,1.106388289,,,0.001198491,0.174960219,,0.000333676,
H,1202.HK,四威科技,信息技术,硬件设备,信息技术--硬件设备--通信设备Ⅲ--通信设备Ⅳ,中央国有企业,1257656669,614607551.2,-50135424.57,102087.06,1131901855,-0.044202894,20.95251604,0.001148489,0.481973627,0.467097569,0.522188893,0.155465175,0.169457179,5.533910302,0.0163954,-19.5504
H,1588.HK,畅捷通,信息技术,软件服务,信息技术--软件服务--软件--应用软件,民营企业,1510333000,428941000,92418000,722000,1597448000,0.058305497,21.13559599,0.013070745,0.826815688,0.307742143,0.74726898,0.000932245,0.132486015,6.640361223,0.015034433,-13.9701
H,2376.HK,鲁商服务,房地产,房地产Ⅱ,房地产--房地产Ⅱ--房地产管理和开发--房地产经营公司,地方国有企业,281260000,282033000,28934000,,342572000,,19.45479007,0.000699338,0.581142232,,0.28347081,0.010538292,0.693301571,1.40887086,0.005532248,
H,8329.HK,海王英特龙,医疗保健,医药生物,医疗保健--医药生物--制药--西药,民营企业,986096000,867123000,59719000,1417000,1124123000,0.054385508,20.70926427,0.002995244,0.33727251,0.873091453,0.518804457,0.139275486,0.189904431,4.043246266,0.028061162,9.7227
H,8286.HK,长城微光,信息技术,硬件设备,信息技术--硬件设备--电子设备、仪器和元件--电子设备和仪器,公众企业,148317000,26386000,-8120000,9189000,162034000,0.006597381,18.81486243,4.93063E-05,0.481973627,0.200360689,-0.742551427,0.615964455,1.262228875,0.296535469,0.135628418,37.9949
H,1858.HK,春立医疗,医疗保健,医疗设备与服务,医疗保健--医疗设备与服务--医疗保健设备与用品--医疗保健设备,民营企业,814740005.1,497927159.9,236761397.8,,1209313850,,20.51837961,0.001361418,0.888164266,0.687554013,0.600353225,0.127029638,0.229030265,3.842663073,0.063969205,65.8004
H,6181.HK,老铺黄金,可选消费,纺织服装Ⅱ,可选消费--纺织服装Ⅱ--纺织服装Ⅲ--服装、服饰与奢侈品,民营企业,633487312,651254215,91460993.89,12343411.88,800219910,0.129719849,20.26675053,0.388451338,0.524886208,1.252724872,0.627299748,0.023720442,0.268954419,3.332692055,0.070159529,50.8933
H,8189.HK,泰达生物,材料,化工,材料--化工--农用化工--化肥与农用药剂,公众企业,448979504,351897658,-84621807,4636152,361912836,-0.221008063,19.9224878,0.017640856,0.38258873,0.60836828,0.304222397,0.158890173,0.350376513,1.868272804,0.026062105,-6.3869
H,1000.HK,北青传媒,通讯服务,传媒,通讯服务--传媒--媒体--广告,地方国有企业,1159286000,344625000,-196538000,444000,895445000,-0.218990558,20.87107014,0.03994849,0.902278199,0.269800013,0.432116837,0.00498669,0.128263431,4.779847734,0.001092914,-19.2363
H,2218.HK,安德利果汁,日常消费,食品饮料,日常消费--食品饮料--食品--食品加工与肉类,民营企业,1921458600,1067584808,169268723,43123,2039681896,0.083008947,21.37635042,0.011932138,0.203246513,0.54927286,0.489839545,0.387345673,0.074138868,7.686257053,0.02444005,18.4835
H,3332.HK,中生联合,日常消费,家庭用品,日常消费--家庭用品--美容护理Ⅲ--美容护理Ⅳ,民营企业,740981000,453199000,-194658000,3601000,542720000,-0.352036041,20.42348554,1,1,0.560907553,0.384621198,0.190052107,0.185466294,3.474104104,0.070661731,-4.0828
H,0901.HK,华曦达,信息技术,硬件设备,信息技术--硬件设备--通信设备Ⅲ--通信设备Ⅳ,民营企业,217064475.9,215089777.2,24289118.67,1309333.49,393357070.4,0.065076883,19.19570499,0.000401929,0.481973627,1.167689139,0.30519998,0.024485627,0.548010443,1.570692473,0.004865235,4.6898
H,9678.HK,云知声,信息技术,软件服务,信息技术--软件服务--信息技术服务--信息科技咨询与其它服务,民营企业,666927880.6,195612026.7,-279485547.1,1779605.64,591369859.9,-0.469597726,20.31819247,0.005960714,0.826815688,0.435903232,0.792156399,0.01991507,0.169705929,6.182996304,0.024229756,220.8568
H,8139.HK,长安仁恒,材料,化工,材料--化工--多元化工Ⅲ--其他多元化工,民营企业,213564953,89231486,-901236,6510572,224936050,0.02493747,19.17945157,0.004473232,0.38258873,0.447342957,0.105805581,0.381159871,0.503681641,1.269478021,0.09873466,10.7326
H,0954.HK,常茂生物,日常消费,食品饮料,日常消费--食品饮料--食品--食品加工与肉类,民营企业,732018000,639120000,58299000,521000,737739000,0.079730094,20.41131566,0.00714329,0.203246513,0.872876263,0.2905475,0.519205812,0.138181028,3.154611395,0.044946982,1.3124
H,1501.HK,瑛泰医疗,医疗保健,医疗设备与服务,医疗保健--医疗设备与服务--医疗保健设备与用品--医疗保健设备,公众企业,482040000,203059000,99614000,1825000,1298580000,0.078115326,19.99353766,0.000555198,0.888164266,0.568397864,0.632511825,0.123525019,0.208966061,8.134740488,0.072931707,47.6245
H,3636.HK,金浔资源,材料,有色金属,材料--有色金属--其他金属与采矿--铜,民营企业,190390094.5,1143498711,19115038.38,4108109.16,206863733.9,0.11226302,19.06458565,0.001875951,0.251639439,6.696784814,0.402799346,0.064697923,0.522954055,1.770238498,0.031413975,38.665
H,2176.HK,赛迪顾问,工业,企业服务,工业--企业服务--商业服务与用品--综合支持服务,中央国有企业,262076000,167367000,59367000,,337154000,,19.3841451,0.007427172,0.508279564,0.655441551,0.50083182,0.066469268,0.341557411,2.466318118,0.004109495,24.3939
H,1289.HK,盛力达科技,工业,机械,工业--机械--机械Ⅲ--工业机械,民营企业,716564000,176857000,8079000,,745611000,,20.38997812,0.000273066,0.203924521,0.242783533,0.658475726,0.135655713,0.121359711,6.425818173,0.005156553,10.1336
H,2597.HK,讯众通信,信息技术,软件服务,信息技术--软件服务--信息技术服务--互联网服务与基础架构,民营企业,351497087.5,853360249.8,55204958.53,2580625.75,544677965.5,0.106091283,19.67771198,0.026003702,0.826815688,2.89779566,0.709530766,0.016121423,0.222322642,4.191446262,0.002568415,58.3653
H,1835.HK,瑞威资管,金融,非银金融,金融--非银金融--资本市场--资产管理与托管银行,民营企业,469844000,,9451000,274000,434826000,0.022365268,19.96791128,,1.106388289,,,0.009715991,0.145461047,,0.007285397,
H,8249.HK,瑞远智控,信息技术,硬件设备,信息技术--硬件设备--电子设备、仪器和元件--电子元件,民营企业,26161000,61706000,-6844000,3323000,23596000,-0.149220207,17.07978031,0.000115307,0.481973627,2.238604002,-0.012767096,0.001337869,2.599327243,0.987377173,,38.5749
H,2291.HK,心泰医疗,医疗保健,医疗设备与服务,医疗保健--医疗设备与服务--医疗保健设备与用品--医疗保健设备,民营企业,273873000,99042000,51909000,24000,308561000,0.168307077,19.42817505,0.000270798,0.888164266,,0.058775418,0.294527025,0.192315416,1.32460828,0.034023069,
H,8106.HK,芯化兰德,信息技术,软件服务,信息技术--软件服务--软件--应用软件,民营企业,139958000,217107000,4614000,737000,163124000,0.032803266,18.75685294,0.006615712,0.826815688,1.790514127,0.706026094,0.007773761,0.249124737,3.834026443,0.003436745,25.4403
H,8227.HK,海天天线,信息技术,硬件设备,信息技术--硬件设备--通信设备Ⅲ--通信设备Ⅳ,公众企业,60702276,44115022,-24235186.54,3179495.01,125322714.7,-0.168011773,17.92149175,8.24357E-05,0.481973627,0.587517081,-0.049109608,0.163143916,0.559947637,0.91229607,0.019158639,-26.383
H,8115.HK,清大东方,工业,电气设备,工业--电气设备--电气设备Ⅲ--电气部件与设备,民营企业,108045000,69650000,-10499000,80000,95684000,-0.108889679,18.49805836,0.00023708,0.179548207,0.629322924,0.427719932,0.120866306,0.233088065,3.342151944,0.00253598,-4.1465
H,1304.HK,峰岹科技,信息技术,半导体,信息技术--半导体--半导体产品--集成电路,民营企业,63279865.61,90919869.5,35051198.47,595136.81,105970713.3,0.33637912,17.96307776,0.008167859,0.217143014,,0.622224825,0.010576985,0.393252023,2.804960486,0.022749248,
H,8205.HK,交大慧谷,信息技术,软件服务,信息技术--软件服务--信息技术服务--信息科技咨询与其它服务,公众企业,88061798.28,60937818.54,5092000.93,199704.1,93421028.62,0.056643618,18.29354938,0.001856905,0.826815688,0.689909594,0.604507866,0.002688099,0.198711997,4.042130703,0.000517106,-6.4558
H,1915.HK,泰和小贷,金融,非银金融,金融--非银金融--消费信贷Ⅲ--消费信贷Ⅳ,民营企业,827457506,,50119245,283127,881004360,0.057210128,20.53386831,,1.106388289,,,0.002808728,0.019513301,,0.002717576,
H,2676.HK,纳芯微,信息技术,半导体,信息技术--半导体--半导体产品--集成电路,民营企业,45631048.02,40059677.4,-9108496.61,-184600.26,145275273.9,-0.063968882,17.63609892,0.003598793,0.217143014,0.941502222,0.425407624,0.192822023,0.25742846,2.665226049,0.164635442,35.5591
H,2695.HK,印象大红袍,通讯服务,传媒,通讯服务--传媒--娱乐--电影和娱乐,地方国有企业,161105078,95526160.03,20946033.1,118109.45,238407731.8,0.088353437,18.89756737,0.01107327,0.902278199,0.594057903,0.285326189,0.434189231,0.067383168,5.234383719,0.20223047,0.8072
H,9973.HK,奇瑞汽车,可选消费,汽车与零配件,可选消费--汽车与零配件--汽车--汽车制造,公众企业,,,,,,,,,0.18931341,,,,,,,
H,9903.HK,天数智芯,信息技术,半导体,信息技术--半导体--半导体产品--集成电路,公众企业,,,,,,,,,0.217143014,,,,,,,
H,9887.HK,维立志博-B,医疗保健,医药生物,医疗保健--医药生物--生物科技Ⅲ--生物科技Ⅳ,公众企业,,,,,,,,,0.33727251,,,,,,,
H,9881.HK,容大科技,材料,造纸与包装,材料--造纸与包装--纸与林业产品--纸制品,民营企业,,,,,,,,,1,,,,,,,
H,9880.HK,优必选,信息技术,软件服务,信息技术--软件服务--信息技术服务--信息科技咨询与其它服务,民营企业,,,,,,,,,0.826815688,,,,,,,
H,9877.HK,健世科技-B,医疗保健,医疗设备与服务,医疗保健--医疗设备与服务--医疗保健设备与用品--医疗保健设备,民营企业,,,-27441000,111000,30023000,-0.910302102,,,0.888164266,,,,,,,
H,9863.HK,零跑汽车,可选消费,汽车与零配件,可选消费--汽车与零配件--汽车--汽车制造,公众企业,,,-901131000,171868000,2436536000,-0.299303191,,,0.18931341,,,,,,,
H,9676.HK,十月稻田,日常消费,日常消费零售,日常消费--日常消费零售--日常消费品经销与零售--食品零售,民营企业,,,,,,,,,0.568792392,,,,,,,
H,9663.HK,国鸿氢能,工业,电气设备,工业--电气设备--电气设备Ⅲ--电气部件与设备,公众企业,,,21251000,25210000,943545000,0.049240895,,,0.179548207,,,,,,,
H,9611.HK,龙旗科技,信息技术,硬件设备,信息技术--硬件设备--通信设备Ⅲ--通信设备Ⅳ,民营企业,,,97616685.1,12480774.21,8115632247,0.013566098,,,0.481973627,,,,,,,
H,9609.HK,海伟股份,信息技术,硬件设备,信息技术--硬件设备--电子设备、仪器和元件--电子设备和仪器,民营企业,,,,,,,,,0.481973627,,,,,,,
H,8629.HK,集信国控,工业,建筑,工业--建筑--建筑与工程Ⅲ--建筑与工程Ⅳ,地方国有企业,,,,,,,,,0.216997391,,,,,,,
H,7666.HK,剂泰科技-P,医疗保健,医药生物,医疗保健--医药生物--生物科技Ⅲ--生物科技Ⅳ,公众企业,,,,,,,,,0.33727251,,,,,,,
H,7630.HK,英派药业-B,医疗保健,医药生物,医疗保健--医药生物--生物科技Ⅲ--生物科技Ⅳ,公众企业,,,,,,,,,0.33727251,,,,,,,
H,7489.HK,岚图汽车,可选消费,汽车与零配件,可选消费--汽车与零配件--汽车--汽车制造,国有企业,,,,,,,,,0.18931341,,,,,,,
H,6990.HK,科伦博泰生物,医疗保健,医药生物,医疗保健--医药生物--生物科技Ⅲ--生物科技Ⅳ,民营企业,,,,,,,,,0.33727251,,,,,,,
H,6980.HK,八马茶业,可选消费,可选消费零售,可选消费--可选消费零售--多品类零售Ⅲ--多品类零售Ⅳ,民营企业,,,,,,,,,0.423900035,,,,,,,
H,6963.HK,阳光保险,金融,非银金融,金融--非银金融--保险--多元化保险,公众企业,,,5086000000,3794000000,3.32558E+11,0.026702109,,,1.106388289,,,,,,,
H,6960.HK,双登股份,工业,电气设备,工业--电气设备--电气设备Ⅲ--电气部件与设备,民营企业,,,,,,,,,0.179548207,,,,,,,
H,6955.HK,博安生物,医疗保健,医药生物,医疗保健--医药生物--生物科技Ⅲ--生物科技Ⅳ,民营企业,,,,,,,,,0.33727251,,,,,,,
H,6938.HK,瑞博生物-B,医疗保健,医药生物,医疗保健--医药生物--生物科技Ⅲ--生物科技Ⅳ,公众企业,,,,,,,,,0.33727251,,,,,,,
H,6922.HK,康沣生物-B,医疗保健,医疗设备与服务,医疗保健--医疗设备与服务--医疗保健设备与用品--医疗保健设备,民营企业,,,,,,,,,0.888164266,,,,,,,
H,6911.HK,澜沧古茶,日常消费,食品饮料,日常消费--食品饮料--食品--农产品,民营企业,,,81388000,9395000,767864000,0.118227967,,,0.203246513,,,,,,,
H,6887.HK,东阳光药,医疗保健,医药生物,医疗保健--医药生物--制药--西药,民营企业,,,,,,,,,0.33727251,,,,,,,
H,6872.HK,丹诺医药-B,医疗保健,医药生物,医疗保健--医药生物--制药--西药,公众企业,,,,,,,,,0.33727251,,,,,,,
H,6871.HK,翼菲科技,工业,机械,工业--机械--机械Ⅲ--工业机械,公众企业,,,,,,,,,0.203924521,,,,,,,
H,6810.HK,商米科技-W,信息技术,软件服务,信息技术--软件服务--信息技术服务--互联网服务与基础架构,民营企业,,,,,,,,,0.826815688,,,,,,,
H,6657.HK,百望股份,工业,企业服务,工业--企业服务--专业服务--数据处理与外包服务,民营企业,,,,,,,,,0.508279564,,,,,,,
H,6656.HK,思格新能,信息技术,硬件设备,信息技术--硬件设备--电子设备、仪器和元件--电子设备和仪器,民营企业,,,,,,,,,0.481973627,,,,,,,
H,6651.HK,五一视界,信息技术,软件服务,信息技术--软件服务--信息技术服务--信息科技咨询与其它服务,公众企业,,,,,,,,,0.826815688,,,,,,,
H,6636.HK,极视角,信息技术,软件服务,信息技术--软件服务--信息技术服务--互联网服务与基础架构,民营企业,,,,,,,,,0.826815688,,,,,,,
H,6609.HK,心玮医疗-B,医疗保健,医疗设备与服务,医疗保健--医疗设备与服务--医疗保健设备与用品--医疗保健设备,民营企业,,,-75498000,62000,91283000,-0.826397029,,,0.888164266,,,,,,,
H,6600.HK,卧安机器人,信息技术,软件服务,信息技术--软件服务--信息技术服务--信息科技咨询与其它服务,民营企业,,,,,,,,,0.826815688,,,,,,,
H,6082.HK,壁仞科技,信息技术,半导体,信息技术--半导体--半导体材料与设备--半导体材料与设备Ⅳ,公众企业,,,,,,,,,0.217143014,,,,,,,
H,3931.HK,中创新航,工业,电气设备,工业--电气设备--电气设备Ⅲ--电气部件与设备,公众企业,,,-118690000,41175000,11133841000,-0.006962108,,,0.179548207,,,,,,,
H,3881.HK,希迪智驾,信息技术,软件服务,信息技术--软件服务--软件--应用软件,外资企业,,,,,,,,,0.826815688,,,,,,,
H,3880.HK,泰德医药,医疗保健,医疗设备与服务,医疗保健--医疗设备与服务--医疗保健设备与用品--医疗保健用品,外资企业,,,,,,,,,0.888164266,,,,,,,
H,3677.HK,正力新能,工业,电气设备,工业--电气设备--电气设备Ⅲ--电气部件与设备,民营企业,,,,,,,,,0.179548207,,,,,,,
H,3625.HK,傅里叶,信息技术,半导体,信息技术--半导体--半导体产品--集成电路,民营企业,,,,,,,,,0.217143014,,,,,,,
H,3388.HK,创想三维,工业,企业服务,工业--企业服务--商业服务与用品--商业印刷,公众企业,,,,,,,,,0.508279564,,,,,,,
H,3378.HK,翰思艾泰-B,医疗保健,医药生物,医疗保健--医药生物--生物科技Ⅲ--生物科技Ⅳ,外资企业,,,,,,,,,0.33727251,,,,,,,
H,3355.HK,飞速创新,信息技术,硬件设备,信息技术--硬件设备--通信设备Ⅲ--通信设备Ⅳ,民营企业,,,,,,,,,0.481973627,,,,,,,
H,3317.HK,迅策,信息技术,软件服务,信息技术--软件服务--信息技术服务--信息科技咨询与其它服务,公众企业,,,,,,,,,0.826815688,,,,,,,
H,3310.HK,云英谷科技,信息技术,硬件设备,信息技术--硬件设备--电子设备、仪器和元件--电子设备和仪器,公众企业,,,,,,,,,0.481973627,,,,,,,
H,3277.HK,长光辰芯,信息技术,硬件设备,信息技术--硬件设备--电子设备、仪器和元件--电子设备和仪器,民营企业,,,,,,,,,0.481973627,,,,,,,
H,2889.HK,博泰车联,信息技术,硬件设备,信息技术--硬件设备--电子设备、仪器和元件--电子设备和仪器,民营企业,,,,,,,,,0.481973627,,,,,,,
H,2729.HK,凯乐士科技,工业,机械,工业--机械--机械Ⅲ--工业机械,公众企业,,,,,,,,,0.203924521,,,,,,,
H,2726.HK,瀚天天成,信息技术,半导体,信息技术--半导体--半导体产品--分立器件,民营企业,,,,,,,,,0.217143014,,,,,,,
H,2723.HK,深演智能,通讯服务,传媒,通讯服务--传媒--媒体--广告,民营企业,,,,,,,,,0.902278199,,,,,,,
H,2706.HK,海致科技集团,信息技术,软件服务,信息技术--软件服务--信息技术服务--互联网服务与基础架构,民营企业,,,,,,,,,0.826815688,,,,,,,
H,2693.HK,金岩高岭新材,材料,有色金属,材料--有色金属--其他金属与采矿--金属非金属,地方国有企业,,,,,,,,,0.251639439,,,,,,,
H,2687.HK,卓越睿新,信息技术,软件服务,信息技术--软件服务--软件--应用软件,民营企业,,,,,,,,,0.826815688,,,,,,,
H,2675.HK,精锋医疗-B,医疗保健,医疗设备与服务,医疗保健--医疗设备与服务--医疗保健设备与用品--医疗保健设备,民营企业,,,,,,,,,0.888164266,,,,,,,
H,2671.HK,美联股份,工业,建筑,工业--建筑--建筑产品Ⅲ--建筑产品Ⅳ,外资企业,,,,,,,,,0.216997391,,,,,,,
H,2670.HK,云迹,工业,机械,工业--机械--机械Ⅲ--工业机械,民营企业,,,,,,,,,0.203924521,,,,,,,
H,2659.HK,宝济药业-B,医疗保健,医药生物,医疗保健--医药生物--生物科技Ⅲ--生物科技Ⅳ,民营企业,,,,,,,,,0.33727251,,,,,,,
H,2658.HK,天域半导体,信息技术,半导体,信息技术--半导体--半导体产品--分立器件,民营企业,,,,,,,,,0.217143014,,,,,,,
H,2657.HK,林清轩,日常消费,家庭用品,日常消费--家庭用品--美容护理Ⅲ--美容护理Ⅳ,民营企业,,,,,,,,,1,,,,,,,
H,2655.HK,果下科技,信息技术,软件服务,信息技术--软件服务--信息技术服务--信息科技咨询与其它服务,民营企业,,,,,,,,,0.826815688,,,,,,,
H,2652.HK,长风药业,医疗保健,医药生物,医疗保健--医药生物--制药--西药,外资企业,,,,,,,,,0.33727251,,,,,,,
H,2651.HK,大众口腔,医疗保健,医疗设备与服务,医疗保健--医疗设备与服务--医疗保健提供商与服务--保健护理服务,民营企业,,,,,,,,,0.888164266,,,,,,,
H,2650.HK,挚达科技,公用事业,公用事业Ⅱ,公用事业--公用事业Ⅱ--电力--电力公用事业,民营企业,,,,,,,,,0.206277216,,,,,,,
H,2649.HK,优乐赛共享,材料,造纸与包装,材料--造纸与包装--容器与包装Ⅲ--金属及玻璃容器,民营企业,,,,,,,,,1,,,,,,,
H,2637.HK,海西新药,医疗保健,医药生物,医疗保健--医药生物--制药--西药,民营企业,,,,,,,,,0.33727251,,,,,,,
H,2635.HK,诺比侃,信息技术,软件服务,信息技术--软件服务--信息技术服务--信息科技咨询与其它服务,民营企业,,,,,,,,,0.826815688,,,,,,,
H,2632.HK,泽景股份,可选消费,汽车与零配件,可选消费--汽车与零配件--汽车零配件--汽车零配件与设备,民营企业,,,,,,,,,0.18931341,,,,,,,
H,2630.HK,旺山旺水-B,医疗保健,医药生物,医疗保健--医药生物--生物科技Ⅲ--生物科技Ⅳ,民营企业,,,,,,,,,0.33727251,,,,,,,
H,2627.HK,中慧生物-B,医疗保健,医药生物,医疗保健--医药生物--生物科技Ⅲ--生物科技Ⅳ,民营企业,,,,,,,,,0.33727251,,,,,,,
H,2625.HK,江苏宏信,日常消费,日常消费零售,日常消费--日常消费零售--日常消费品经销与零售--大卖场与超市,民营企业,,,,,,,,,0.568792392,,,,,,,
H,2619.HK,香江电器,可选消费,家电Ⅱ,可选消费--家电Ⅱ--家电Ⅲ--家用电器,民营企业,,,,,,,,,0.446928239,,,,,,,
H,2617.HK,药捷安康-B,医疗保健,医药生物,医疗保健--医药生物--制药--西药,外资企业,,,-111026000,16436000,50889000,-1.8587514,,,0.33727251,,,,,,,
H,2613.HK,汇舸环保,工业,环保Ⅱ,工业--环保Ⅱ--环保Ⅲ--环境与设施服务,民营企业,,,,,,,,,0.454558122,,,,,,,
H,2602.HK,万物云,房地产,房地产Ⅱ,房地产--房地产Ⅱ--房地产管理和开发--房地产经营公司,其他企业,,,1019894000,6268000,16126017000,0.06363394,,,0.581142232,,,,,,,
H,2598.HK,连连数字,信息技术,软件服务,信息技术--软件服务--信息技术服务--信息科技咨询与其它服务,民营企业,,,,,,,,,0.826815688,,,,,,,
H,2595.HK,劲方医药-B,医疗保健,医药生物,医疗保健--医药生物--生物科技Ⅲ--生物科技Ⅳ,外资企业,,,,,,,,,0.33727251,,,,,,,
H,2591.HK,银诺医药-B,医疗保健,医疗设备与服务,医疗保健--医疗设备与服务--医疗保健技术Ⅲ--医疗保健技术Ⅳ,外资企业,,,,,,,,,0.888164266,,,,,,,
H,2590.HK,极智嘉-W,信息技术,软件服务,信息技术--软件服务--信息技术服务--信息科技咨询与其它服务,民营企业,,,,,,,,,0.826815688,,,,,,,
H,2589.HK,沪上阿姨,可选消费,消费者服务,可选消费--消费者服务--酒店、餐馆与休闲--餐馆,民营企业,,,,,,,,,,,,,,,,
H,2585.HK,梦金园,可选消费,纺织服装Ⅱ,可选消费--纺织服装Ⅱ--纺织服装Ⅲ--服装、服饰与奢侈品,民营企业,,,,,,,,,0.524886208,,,,,,,
H,2583.HK,西普尼,可选消费,家电Ⅱ,可选消费--家电Ⅱ--家电Ⅲ--消费电子产品,民营企业,,,,,,,,,0.446928239,,,,,,,
H,2582.HK,国富氢能,工业,机械,工业--机械--机械Ⅲ--工业机械,公众企业,,,,,,,,,0.203924521,,,,,,,
H,2577.HK,英诺赛科,信息技术,半导体,信息技术--半导体--半导体产品--分立器件,外资企业,,,,,,,,,0.217143014,,,,,,,
H,2576.HK,太美医疗科技,医疗保健,医药生物,医疗保健--医药生物--生命科学工具和服务Ⅲ--生命科学工具和服务Ⅳ,民营企业,,,,,,,,,0.33727251,,,,,,,
H,2575.HK,轩竹生物-B,医疗保健,医药生物,医疗保健--医药生物--生物科技Ⅲ--生物科技Ⅳ,民营企业,,,,,,,,,0.33727251,,,,,,,
H,2573.HK,新琪安,材料,化工,材料--化工--基础化工--商品化工,民营企业,,,,,,,,,0.38258873,,,,,,,
H,2571.HK,赛目科技,信息技术,硬件设备,信息技术--硬件设备--电子设备、仪器和元件--电子制造服务,民营企业,,,5594000,,59183000,,,,0.481973627,,,,,,,
H,2570.HK,重塑能源,可选消费,汽车与零配件,可选消费--汽车与零配件--汽车零配件--汽车零配件与设备,公众企业,,,,,,,,,0.18931341,,,,,,,
H,2566.HK,九源基因,医疗保健,医药生物,医疗保健--医药生物--制药--西药,公众企业,,,,,,,,,0.33727251,,,,,,,
H,2565.HK,派格生物医药-B,医疗保健,医药生物,医疗保健--医药生物--制药--西药,公众企业,,,,,,,,,0.33727251,,,,,,,
H,2563.HK,华昊中天医药-B,医疗保健,医药生物,医疗保健--医药生物--制药--西药,外资企业,,,,,,,,,0.33727251,,,,,,,
H,2560.HK,海螺材料科技,材料,建材Ⅱ,材料--建材Ⅱ--建材Ⅲ--建材Ⅳ,地方国有企业,,,,,,,,,0.338348875,,,,,,,
H,2555.HK,茶百道,可选消费,消费者服务,可选消费--消费者服务--酒店、餐馆与休闲--餐馆,民营企业,,,,,,,,,,,,,,,,
H,2553.HK,首钢朗泽,材料,化工,材料--化工--多元化工Ⅲ--工业气体,地方国有企业,,,,,,,,,0.38258873,,,,,,,
H,2546.HK,智汇矿业,材料,有色金属,材料--有色金属--其他金属与采矿--铜,民营企业,,,,,,,,,0.251639439,,,,,,,
H,2543.HK,大行科工,可选消费,耐用消费品,可选消费--耐用消费品--休闲用品Ⅲ--休闲用品Ⅳ,外资企业,,,,,,,,,,,,,,,,
H,2539.HK,乐摩科技,可选消费,消费者服务,可选消费--消费者服务--酒店、餐馆与休闲--休闲设施,民营企业,,,,,,,,,,,,,,,,
H,2529.HK,泓盈城市服务,房地产,房地产Ⅱ,房地产--房地产Ⅱ--房地产管理和开发--房地产经营公司,地方国有企业,,,,,,,,,0.581142232,,,,,,,
H,2526.HK,德适-B,医疗保健,医药生物,医疗保健--医药生物--生物科技Ⅲ--生物科技Ⅳ,民营企业,,,,,,,,,0.33727251,,,,,,,
H,2522.HK,一脉阳光,医疗保健,医疗设备与服务,医疗保健--医疗设备与服务--医疗保健提供商与服务--保健护理服务,公众企业,,,,,,,,,0.888164266,,,,,,,
H,2520.HK,山西安装,公用事业,公用事业Ⅱ,公用事业--公用事业Ⅱ--复合型公用事业Ⅲ--复合型公用事业Ⅳ,地方国有企业,,,346896000,179589000,11423990000,0.046085912,,,0.206277216,,,,,,,
H,2517.HK,锅圈,日常消费,日常消费零售,日常消费--日常消费零售--日常消费品经销与零售--食品零售,民营企业,,,,,,,,,0.568792392,,,,,,,
H,2515.HK,天津建发,工业,建筑,工业--建筑--建筑与工程Ⅲ--建筑与工程Ⅳ,民营企业,,,,,,,,,0.216997391,,,,,,,
H,2513.HK,智谱,信息技术,软件服务,信息技术--软件服务--软件--应用软件,民营企业,,,,,,,,,0.826815688,,,,,,,
H,2509.HK,荃信生物-B,医疗保健,医药生物,医疗保健--医药生物--生物科技Ⅲ--生物科技Ⅳ,民营企业,,,,,,,,,0.33727251,,,,,,,
H,2506.HK,讯飞医疗科技,信息技术,软件服务,信息技术--软件服务--信息技术服务--互联网服务与基础架构,民营企业,,,,,,,,,0.826815688,,,,,,,
H,2502.HK,金源氢化,材料,化工,材料--化工--基础化工--商品化工,民营企业,,,,,,,,,0.38258873,,,,,,,
H,2496.HK,友芝友生物-B,医疗保健,医药生物,医疗保健--医药生物--生物科技Ⅲ--生物科技Ⅳ,公众企业,,,,,,,,,0.33727251,,,,,,,
H,2495.HK,声通科技,信息技术,软件服务,信息技术--软件服务--软件--系统软件,民营企业,,,,,,,,,0.826815688,,,,,,,
H,2481.HK,双良睿能,公用事业,公用事业Ⅱ,公用事业--公用事业Ⅱ--复合型公用事业Ⅲ--复合型公用事业Ⅳ,民营企业,,,96628000,81800000,4632170000,0.038519312,,,0.206277216,,,,,,,
H,2480.HK,绿竹生物-B,医疗保健,医药生物,医疗保健--医药生物--生物科技Ⅲ--生物科技Ⅳ,民营企业,,,,,,,,,0.33727251,,,,,,,
H,2479.HK,天聚地合,信息技术,软件服务,信息技术--软件服务--信息技术服务--互联网服务与基础架构,民营企业,,,,,,,,,0.826815688,,,,,,,
H,2453.HK,美中嘉和,医疗保健,医疗设备与服务,医疗保健--医疗设备与服务--医疗保健提供商与服务--保健护理设施,民营企业,,,-280900000,200016000,3682060000,-0.021967051,,,0.888164266,,,,,,,
H,2432.HK,越疆,信息技术,硬件设备,信息技术--硬件设备--电子设备、仪器和元件--电子制造服务,民营企业,,,,,,,,,0.481973627,,,,,,,
H,2431.HK,佑驾创新,信息技术,软件服务,信息技术--软件服务--软件--应用软件,公众企业,,,,,,,,,0.826815688,,,,,,,
H,2429.HK,友宝在线,日常消费,日常消费零售,日常消费--日常消费零售--日常消费品经销与零售--食品零售,公众企业,,,45142000,58688000,3629039000,0.02861088,,,0.568792392,,,,,,,
H,2411.HK,百果园集团,日常消费,日常消费零售,日常消费--日常消费零售--日常消费品经销与零售--食品零售,民营企业,,,249453000,44673000,4685983000,0.062767193,,,0.568792392,,,,,,,
H,2410.HK,同源康医药-B,医疗保健,医药生物,医疗保健--医药生物--生物科技Ⅲ--生物科技Ⅳ,外资企业,,,,,,,,,0.33727251,,,,,,,
H,2408.HK,遇见小面,可选消费,消费者服务,可选消费--消费者服务--酒店、餐馆与休闲--餐馆,民营企业,,,,,,,,,,,,,,,,
H,2396.HK,华芢生物-B,医疗保健,医药生物,医疗保健--医药生物--生物科技Ⅲ--生物科技Ⅳ,民营企业,,,,,,,,,0.33727251,,,,,,,
H,2315.HK,百奥赛图-B,医疗保健,医药生物,医疗保健--医药生物--生物科技Ⅲ--生物科技Ⅳ,民营企业,,,-263243000,7847000,1222444000,-0.208922454,,,0.33727251,,,,,,,
H,2252.HK,微创机器人-B,医疗保健,医疗设备与服务,医疗保健--医疗设备与服务--医疗保健设备与用品--医疗保健设备,民营企业,,,-69801000,520000,78435000,-0.883291898,,,0.888164266,,,,,,,
H,2251.HK,鹰瞳科技-B,医疗保健,医疗设备与服务,医疗保健--医疗设备与服务--医疗保健技术Ⅲ--医疗保健技术Ⅳ,公众企业,,,-87138000,46000,239369000,-0.363839929,,,0.888164266,,,,,,,
H,2245.HK,力勤资源,材料,有色金属,材料--有色金属--其他金属与采矿--金属非金属,民营企业,,,565584000,66559000,4400869000,0.143640495,,,0.251639439,,,,,,,
H,2235.HK,微泰医疗-B,医疗保健,医疗设备与服务,医疗保健--医疗设备与服务--医疗保健设备与用品--医疗保健设备,公众企业,,,-78614000,311000,264743000,-0.29576986,,,0.888164266,,,,,,,
H,2190.HK,归创通桥,医疗保健,医疗设备与服务,医疗保健--医疗设备与服务--医疗保健设备与用品--医疗保健设备,外资企业,,,-66647000,1035000,207060000,-0.316874336,,,0.888164266,,,,,,,
H,2185.HK,百心安-B,医疗保健,医疗设备与服务,医疗保健--医疗设备与服务--医疗保健设备与用品--医疗保健设备,外资企业,,,-23719000,86000,54115000,-0.4367181,,,0.888164266,,,,,,,
H,2179.HK,瑞科生物-B,医疗保健,医药生物,医疗保健--医药生物--生物科技Ⅲ--生物科技Ⅳ,公众企业,,,-138270000,76163000,426545000,-0.145604801,,,0.33727251,,,,,,,
H,2157.HK,乐普生物,医疗保健,医药生物,医疗保健--医药生物--生物科技Ⅲ--生物科技Ⅳ,民营企业,,,-447036000,52322000,1525281000,-0.258781169,,,0.33727251,,,,,,,
H,2149.HK,贝克微,信息技术,硬件设备,信息技术--硬件设备--电子设备、仪器和元件--电子元件,民营企业,,,,,,,,,0.481973627,,,,,,,
H,2145.HK,上美股份,日常消费,家庭用品,日常消费--家庭用品--美容护理Ⅲ--美容护理Ⅳ,民营企业,,,62571000,81885000,2323838000,0.062162681,,,1,,,,,,,
H,2121.HK,创新奇智,信息技术,软件服务,信息技术--软件服务--软件--应用软件,公众企业,,,-244227000,441000,854514000,-0.285291991,,,0.826815688,,,,,,,
H,2097.HK,蜜雪集团,可选消费,消费者服务,可选消费--消费者服务--酒店、餐馆与休闲--餐馆,民营企业,,,,,,,,,,,,,,,,
H,1879.HK,曦智科技-P,信息技术,硬件设备,信息技术--硬件设备--电子设备、仪器和元件--电子元件,公众企业,,,,,,,,,0.481973627,,,,,,,
H,1779.HK,天辰生物-B,医疗保健,医药生物,医疗保健--医药生物--生物科技Ⅲ--生物科技Ⅳ,民营企业,,,,,,,,,0.33727251,,,,,,,
H,1768.HK,鸣鸣很忙,可选消费,可选消费零售,可选消费--可选消费零售--多品类零售Ⅲ--多品类零售Ⅳ,民营企业,,,,,,,,,0.423900035,,,,,,,
H,1641.HK,红星冷链,工业,企业服务,工业--企业服务--商业服务与用品--综合支持服务,其他企业,,,,,,,,,0.508279564,,,,,,,
H,1609.HK,天星医疗,医疗保健,医疗设备与服务,医疗保健--医疗设备与服务--医疗保健设备与用品--医疗保健用品,民营企业,,,,,,,,,0.888164266,,,,,,,
H,1541.HK,宜明昂科-B,医疗保健,医药生物,医疗保健--医药生物--生物科技Ⅲ--生物科技Ⅳ,民营企业,,,,,,,,,0.33727251,,,,,,,
H,1511.HK,驭势科技,信息技术,软件服务,信息技术--软件服务--信息技术服务--信息科技咨询与其它服务,公众企业,,,,,,,,,0.826815688,,,,,,,
H,1497.HK,燕之屋,日常消费,日常消费零售,日常消费--日常消费零售--日常消费品经销与零售--食品零售,民营企业,,,,,,,,,0.568792392,,,,,,,
H,1471.HK,众淼控股,金融,非银金融,金融--非银金融--保险--保险经纪商,集体企业,,,,,,,,,1.106388289,,,,,,,
H,1384.HK,滴普科技,信息技术,软件服务,信息技术--软件服务--信息技术服务--信息科技咨询与其它服务,民营企业,,,,,,,,,0.826815688,,,,,,,
H,1354.HK,经发物业,房地产,房地产Ⅱ,房地产--房地产Ⅱ--房地产管理和开发--房地产经营公司,地方国有企业,,,,,,,,,0.581142232,,,,,,,
H,1333.HK,博雷顿,工业,电气设备,工业--电气设备--电气设备Ⅲ--电气部件与设备,民营企业,,,,,,,,,0.179548207,,,,,,,
H,1318.HK,毛戈平,日常消费,家庭用品,日常消费--家庭用品--美容护理Ⅲ--美容护理Ⅳ,民营企业,,,,,,,,,1,,,,,,,
H,1274.HK,知行科技,信息技术,软件服务,信息技术--软件服务--信息技术服务--互联网服务与基础架构,民营企业,,,,,,,,,0.826815688,,,,,,,
H,1236.HK,乐动机器人,信息技术,硬件设备,信息技术--硬件设备--电子设备、仪器和元件--电子制造服务,民营企业,,,,,,,,,0.481973627,,,,,,,
H,1021.HK,华沿机器人,工业,机械,工业--机械--机械Ⅲ--工业机械,民营企业,,,,,,,,,0.203924521,,,,,,,
H,0666.HK,瑞浦兰钧,工业,电气设备,工业--电气设备--电气设备Ⅲ--电气部件与设备,民营企业,,,-111872000,25999000,1285463000,-0.066803167,,,0.179548207,,,,,,,
H,0664.HK,铜师傅,可选消费,耐用消费品,可选消费--耐用消费品--休闲用品Ⅲ--休闲用品Ⅳ,公众企业,,,,,,,,,,,,,,,,
H,0600.HK,爱芯元智,信息技术,半导体,信息技术--半导体--半导体材料与设备--半导体材料与设备Ⅳ,公众企业,,,,,,,,,0.217143014,,,,,,,